"ibkr_symbol","ibkr_long_name","dtn_symbol","dtn_description","dtn_exchange"
"A","AGILENT TECHNOLOGIES INC","A","AGILENT TECHNOLOGIES","NYSE"
"AA","ALCOA CORP","AA","ALCOA","NYSE"
"AAA","ALTERNATIVE ACC FIRST PRIOR","AAA","ALTERNATIVE ACCESS FIRST PRIORITY CLO BOND ETF","NYSE"
"AAAA","AMPLIUS AGGRESSIVE A ALL ETF","AAAA","EA SERIES AMPLIUS AGGRESSIVE ASSET ALLOCATION","BATS"
"AAAC","COLUMBIA AAA CLO ETF","AAAC","COLUMBIA AAA CLO ETF","NYSE"
"AAAU","GOLDMAN SACHS PHYSICAL GOLD","AAAU","GOLDMAN SACHS PHYSICAL GOLD ETF","BATS"
"AACB","ARTIUS II ACQUISITION INC-A","AACB","ARTIUS II ACQUISITION INC. CLASS A","NASDAQ"
"AACBU","ARTIUS II ACQUISITION INC","AACBU","ARTIUS II ACQUISITION INC. UNT","NASDAQ"
"AACG","ATA CREATIVITY GLOBAL - ADR","AACG","CREATIVITY GLOBAL ADS","NASDAQ"
"AACI","ARMADA ACQ CORP III-A","AACI","ARMADA ACQUISITION CORP. III CLASS A SHARE","NASDAQ"
"AACIU","ARMADA ACQUISITION CORP III","AACIU","ARMADA ACQUISITION CORP. III UNT","NASDAQ"
"AACOU","ABONY ACQUISITION CORP I","AACOU","ABONY ACQUISITION CORP. I UNT","NASDAQ"
"AACPU","APOGEE ACQUISITION CORP","AACPU","APOGEE ACQUISITION CORP UNT","NASDAQ"
"AADR","ADVISORSHARES DORSEY WRIGHT","AADR","ADVISOR SHARES DORSEY WRIGHT ADR","NASDAQ"
"AAEQ","ALPHA ARCHITCT US EQTY 2 ETF","AAEQ","ALPHA ARCHITECT US EQUITY 2 ETF","NASDAQ"
"AAL","AMERICAN AIRLINES GROUP INC","AAL","AMERICAN AIRLINES GROUP INC. C","NASDAQ"
"AALG","LEVERAGE SHARES 2X AAL","AALG","LEVERAGE SHARES 2X LONG AAL DAILY ETF","NASDAQ"
"AAME","ATLANTIC AMERICAN CORP","AAME","ATLANTIC AMERICAN","NASDAQ"
"AAMI","ACADIAN ASSET MANAGEMENT INC","AAMI","ACADIAN ASSET MANAGEMENT INC","NYSE"
"AAOI","APPLIED OPTOELECTRONICS INC","AAOI","APPLIED OPTOELECTRONICS, INC.","NASDAQ"
"AAON","AAON INC","AAON","AAON","NASDAQ"
"AAOX","TRADR 2X LONG AAOI DAILY ETF","AAOX","","BATS"
"AAP","ADVANCE AUTO PARTS INC","AAP","ADVANCE AUTO PARTS","NYSE"
"AAPB","GRANITESHARES 2X LONG AAPL D","AAPB","GRANITESHARES 1.75X LONG AAPL DAILY ETF","NASDAQ"
"AAPD","DIREXION DAILY AAPL BEAR 1X","AAPD","DIREXION DAILY AAPL BEAR 1X ETF","NASDAQ"
"AAPG","ASCENTAGE PHARMA GR-ADR","AAPG","ASCENTAGE PHARMA GROUP INTERNATIONAL ADS","NASDAQ"
"AAPL","APPLE INC","AAPL","APPLE","NASDAQ"
"AAPR","INO EQ PO ETF 2YR AP2028-USD","AAPR","INNOVATOR EQUITY DEFINED PROTECTION APR 2026","BATS"
"AAPU","DIREXION DAILY AAPL BULL 2X","AAPU","DIREXION DAILY AAPL BULL 2X ETF","NASDAQ"
"AAPW","ROUNDHILL AAPL WEEKLYPAY ETF","AAPW","ROUNDHILL ETF TRUST ROUNDHILL AAPL WEEKLYPAY ETF","BATS"
"AAPX","T-REX 2X LNG APPLE DLY TRGT","AAPX","OPPTY TRUST T-REX 2X LONG APPLE DAILY TARGET","BATS"
"AAPY","KURV YLD PREM STR AAPL ETF","AAPY","KURV YIELD PREMIUM STRATEGY APPLE ETF","BATS"
"AARD","AARDVARK THERAPEUTICS INC","AARD","AARDVARK THERAPEUTICS, INC.","NASDAQ"
"AAT","AMERICAN ASSETS TRUST INC","AAT","AMERICAN ASSETS TRUST","NYSE"
"AAUA","ALPHA ARCHITECT US EQU 3 ETF","AAUA","","BATS"
"AAUC","ALLIED GOLD CORP","AAUC","ALLIED GOLD CORP","NYSE"
"AAUM","TEMA ALTER ASSET MGRS ETF","AAUM","TEMA ETF TRUST TEMA ALTERNATIVE ASSET MANAGERS ETF","BATS"
"AAUS","ALPHA ARCHITECT US EQY ETF","AAUS","ALPHA ARCHITECT US EQUITY ETF","NASDAQ"
"AAVM","ALPHA ARCHITECT GLOBAL FACTO","AAVM","EA SERIES ALPHA ARCHITECT GLOBAL FACTOR","NASDAQ"
"AAXJ","ISHARES MSCI ALL COUNTRY ASI","AAXJ","ISHARES MSCI ALL COUNTRY ASIA","NASDAQ"
"AB","ALLIANCEBERNSTEIN HOLDING LP","AB","ALLIANCEBERNSTEIN","NYSE"
"ABAT","AMERICAN BATTERY TECHNOLOGY","ABAT","AMERICAN BATTERY TECHNOLOGY COMPANY","NASDAQ"
"ABBV","ABBVIE INC","ABBV","ABBVIE INC","NYSE"
"ABCB","AMERIS BANCORP","ABCB","AMERIS BANCORP","NYSE"
"ABCL","ABCELLERA BIOLOGICS INC","ABCL","ABCELLERA BIOLOGICS INC. COMMON SHARES","NASDAQ"
"ABCS","ALPHA BLUE CAP US S-M DYN","ABCS","ALPHA BLUE CAPITAL US SMALL-MID CAP DYNAMIC ETF","NASDAQ"
"ABEO","ABEONA THERAPEUTICS INC","ABEO","ABEONA THERAPEUTICS INC. COMMON STOCK","NASDAQ"
"ABEQ","ABSOLUTE SELECT VALUE ETF","ABEQ","ABSOLUTE VALUE SELECT ETF","NYSE"
"ABEV","AMBEV SA-ADR","ABEV","AMBEV S.A.","NYSE"
"ABFL","ABACUS FCF LEADERS ETF","ABFL","ABACUS FCF LEADERS ETF","BATS"
"ABG","ASBURY AUTOMOTIVE GROUP","ABG","ASBURY AUTOMOTIVE GROUP","NYSE"
"ABLG","ABAC FCF INTERN LEAD ETF-USD","ABLG","ABACUS FCF INTERNATIONAL LEADERS ETF","BATS"
"ABM","ABM INDUSTRIES INC","ABM","ABM INDUSTRIES","NYSE"
"ABNB","AIRBNB INC-CLASS A","ABNB","AIRBNB, INC. CLASS A COMMON STOCK","NASDAQ"
"ABNG","LEVERAGE SHARES 2X ABNB","ABNG","LEVERAGE SHARES 2X LONG ABNB DAILY ETF","NASDAQ"
"ABNY","YLDMX ABNB OP INC STRTG ETF","ABNY","YIELDMAX ABNB OPTION INCOME STRATEGY ETF","NYSE"
"ABOS","ACUMEN PHARMACEUTICALS INC","ABOS","ACUMEN PHARMACEUTICALS, INC.","NASDAQ"
"ABR","ARBOR REALTY TRUST INC","ABR","ARBOR REALTY TRUST","NYSE"
"ABSI","ABSCI CORP","ABSI","ABSCI CORPORATION COMMON STOCK","NASDAQ"
"ABT","ABBOTT LABORATORIES .","ABT","ABBOTT LABORATORIES","NYSE"
"ABTC","AMERICAN BITCOIN CORP-A","ABTC","AMERICAN BITCOIN CORP. CLASS A","NASDAQ"
"ABTS","ABITS GROUP INC","ABTS","ABITS GROUP INC","NASDAQ"
"ABUS","ARBUTUS BIOPHARMA CORP","ABUS","ARBUTUS BIOPHARMA CORPORATION","NASDAQ"
"ABVC","ABVC BIOPHARMA INC","ABVC","ABVC BIOPHARMA, INC. COMMON STOCK","NASDAQ"
"ABVE","ABOVE FOOD INGREDIENTS INC","ABVE","ABOVE FOOD INGREDIENTS INC.","NASDAQ"
"ABVX","ABIVAX SA-ADR","ABVX","ABIVAX SA ADS","NASDAQ"
"ABX","ABACUS GLOBAL MANAGEMENT INC","ABX","ABACUS GLOBAL MANAGEMENT INC","NYSE"
"ABXB","ABACUS FLEXIBLE BOND LEADERS","ABXB","ABACUS FLEXIBLE BOND LEADERS ETF","BATS"
"ABXL","ABACUS LIFE INC","ABXL","ABACUS GLOBAL MANAGEMENT 9.875% NTS","NYSE"
"ACA","ARCOSA INC","ACA","ARCOSA INC","NYSE"
"ACAA","AVERIN CAP ACQUISITIO C CL-A","ACAA","AVERIN CAPITAL ACQUISITION CORP. CLASS A","NASDAQ"
"ACAAU","AVERIN CAPITAL ACQUISITION C","ACAAU","AVERIN CAPITAL ACQUISITION CORP. UNT","NASDAQ"
"ACAD","ACADIA PHARMACEUTICALS INC","ACAD","ACADIA PHARMACEUTICALS","NASDAQ"
"ACB","AURORA CANNABIS INC","ACB","AURORA CANNABIS INC","NASDAQ"
"ACCL","ACCO GROUP HOLDINGS LTD- A","ACCL","ACCO GROUP HOLDINGS LIMITED CLASS A","NASDAQ"
"ACCO","ACCO BRANDS CORP","ACCO","ACCO BRANDS","NYSE"
"ACCS","ACCESS NEWSWIRE INC","ACCS","ACCESS NEWSWIRE INC","NYSE_AMERICAN"
"ACDC","PROFRAC HOLDING CORP-A","ACDC","PROFRAC HC. CLASS A","NASDAQ"
"ACEI","INNOVATOR EQ AUT INC STR ETF","ACEI","INNOVATOR EQUITY AUTOCALLABLE INCOME STRATEGY ETF","NYSE"
"ACEL","ACCEL ENTERTAINMENT INC","ACEL","ACCEL ENTERTAINMENT","NYSE"
"ACES","ALPS CLEAN ENERGY ETF","ACES","ALPS CLEAN ENERGY ETF","NYSE"
"ACET","ADICET BIO INC","ACET","ADICET BIO INC","NASDAQ"
"ACFN","ACORN ENERGY INC","ACFN","ACORN ENERGY, INC.","NASDAQ"
"ACGCU","ACP HOLDINGS ACQUISITION COR","ACGCU","ACP HOLDINGS ACQUISITION CORP. UNT","NASDAQ"
"ACGL","ARCH CAPITAL GROUP LTD","ACGL","ARCH CAPITAL GROUP","NASDAQ"
"ACGLN","ARCH CAPITAL GROUP LTD","ACGLN","ARCH CAPITAL GROUP INC DEP SHS","NASDAQ"
"ACGLO","ARCH CAPITAL GROUP LTD","ACGLO","ARCH CAPITAL GROUP (1/1,000 5.45% PF SERIES F)","NASDAQ"
"ACGR","AMERICAN CENTURY LARGE CAP G","ACGR","AMERICAN CENTURY LARGE CAP GROWTH ETF","NYSE"
"ACH","ACCENDRA HEALTH INC","ACH","ACCENDRA HEALTH INC","NYSE"
"ACHC","ACADIA HEALTHCARE CO INC","ACHC","ACADIA HEALTHCARE COMPANY","NASDAQ"
"ACHR","ARCHER AVIATION INC-A","ACHR","ARCHER AVIATION INC","NYSE"
"ACHV","ACHIEVE LIFE SCIENCES INC","ACHV","ACHIEVE LIFE SCIENCES INC","NASDAQ"
"ACI","ALBERTSONS COS INC - CLASS A","ACI","ALBERTSONS COS INC","NYSE"
"ACIC","AMERICAN COASTAL INSURANCE C","ACIC","AMERICAN COASTAL INSURANCE CORPORATION","NASDAQ"
"ACII","INNOVATOR INDEX AC IN ST ETF","ACII","INNOVATOR INDEX AUTOCALLABLE INCOME STRATEGY ETF","NYSE"
"ACIO","APTUS COLLARED INVEST OPP","ACIO","APTUS COLLARED INCOME OPPORTUNITY ETF","BATS"
"ACIU","AC IMMUNE SA","ACIU","AC IMMUNE SA COMMON STOCK","NASDAQ"
"ACIW","ACI WORLDWIDE INC","ACIW","ACI WORLDWIDE","NASDAQ"
"ACKY","VISTASHARES TAR15 AC INC ETF","ACKY","VISTASHARES TARGET 15 ACKTIVIST DISTRIBUTION ETF","NYSE"
"ACLS","AXCELIS TECHNOLOGIES INC","ACLS","AXCELIS TECHNOLOGIES","NASDAQ"
"ACLX","ARCELLX INC","ACLX","ARCELLX, INC. COMMON STOCK","NASDAQ"
"ACM","AECOM","ACM","AECOM","NYSE"
"ACMR","ACM RESEARCH INC-CLASS A","ACMR","ACM RESEARCH, INC. CLASS A COMMON STOCK","NASDAQ"
"ACN","ACCENTURE PLC-CL A","ACN","ACCENTURE","NYSE"
"ACNB","ACNB CORP","ACNB","ACNB","NASDAQ"
"ACNT","ASCENT INDUSTRIES CO","ACNT","ASCENT INDUSTRIES CO.","NASDAQ"
"ACOG","ALPHA COGNITION INC","ACOG","ALPHA COGNITION INC.","NASDAQ"
"ACON","ACLARION INC","ACON","ACLARION, INC. COMMON STOCK","NASDAQ"
"ACP","ABRDN INCOME CREDIT STRAT","ACP","ABRDN INCOME CREDIT STRATEGIES FUND","NYSE"
"ACR","ACRES COMMERCIAL REALTY CORP","ACR","ACRES COMMERCIAL REALTY CORP","NYSE"
"ACRE","ARES COMMERCIAL REAL ESTATE","ACRE","ARES COMMERCIAL REAL","NYSE"
"ACRS","ACLARIS THERAPEUTICS INC","ACRS","ACLARIS THERAPEUTICS, INC. COMMON STOCK","NASDAQ"
"ACRV","ACRIVON THERAPEUTICS INC","ACRV","ACRIVON THERAPEUTICS, INC.","NASDAQ"
"ACSG","A-C SM CAP GRWTH INSIGHTS","ACSG","AMERICAN CENTURY SMALL CAP GROWTH INSIGHTS","BATS"
"ACSI","AMERICAN CUSTOMER SATISFACTI","ACSI","AMERICAN CUSTOMER SATISFACTION ETF","BATS"
"ACT","ENACT HOLDINGS INC","ACT","ENACT HOLDINGS, INC.","NASDAQ"
"ACTG","ACACIA RESEARCH CORP","ACTG","ACACIA RESEARCH","NASDAQ"
"ACTU","ACTUATE THERAPEUTICS INC","ACTU","ACTUATE THERAPEUTICS, INC.","NASDAQ"
"ACU","ACME UNITED CORP","ACU","ACME UNITED","NYSE_AMERICAN"
"ACV","VIRTUS DIVERS INC & CONVERT","ACV","VIRTUS DIVERSIFIED INCOME & CONVERTIBLE FUND","NYSE"
"ACVA","ACV AUCTIONS INC-A","ACVA","ACV AUCTIONS INC. CLASS A COMMON STOCK","NYSE"
"ACVF","AMERICAN CONSERVATIVE VALUES","ACVF","AMERICAN CONSERVATIVE VALUES ETF","NYSE"
"ACVT","ADVENT CONVERTIBLE BOND ETF","ACVT","ADVENT CONVERTIBLE BOND ETF","NYSE"
"ACWI","ISHARES MSCI ACWI ETF","ACWI","ISHARES MSCI ACWI ETF","NASDAQ"
"ACWV","ISHARES MSCI GLOBAL MIN VOL","ACWV","ISHARES EDGE MSCI MIN VOL GBL ETF","BATS"
"ACWX","ISHARES MSCI ACWI EX US ETF","ACWX","ISHARES MSCI ACWI EX US ETF","NASDAQ"
"ACXP","ACURX PHARMACEUTICALS INC","ACXP","ACURX PHARMACEUTICALS, INC.","NASDAQ"
"ACYN","FT LAD AUTOCALL BAR INC ETF","ACYN","FT VEST LADDERED AUTOCALLABLE BARRIER & INCOME ETF","NYSE"
"AD","ARRAY DIGITAL INFRASTRUCTURE","AD","ARRAY DIGITAL INFRASTRUCTURE INC","NYSE"
"ADAC","AMERICAN DRIVE ACQUISIT-CL A","ADAC","AMERICAN DRIVE ACQUISITION COMPANY CLASS A","NASDAQ"
"ADACU","AMERICAN DRIVE ACQUISITION C","ADACU","AMERICAN DRIVE ACQUISITION COMPANY UNT","NASDAQ"
"ADAG","ADAGENE INC-ADR","ADAG","ADAGENE INC. AMERICAN DEPOSITARY SHARES","NASDAQ"
"ADAM","ADAMAS TRUST INC","ADAM","ADAMAS TRUST, INC.","NASDAQ"
"ADAMG","ADAMAS TRUST INC","ADAMG","ADAMAS TRUST, INC. 9.125% SRNT 2030","NASDAQ"
"ADAMH","ADAMAS TRUST INC","ADAMH","ADAMAS TRUST, INC. 9.875% SRNT 2030","NASDAQ"
"ADAMI","NEW YORK MORTGAGE TRUST INC","ADAMI","ADAMAS TRUST, INC. 9.125% SRNT 2029","NASDAQ"
"ADAML","NEW YORK MORTGAGE TRUST","ADAML","ADAMAS TRUST, INC. 6.875% SERIES F PF","NASDAQ"
"ADAMM","ADAMAS TRUST INC","ADAMM","ADAMAS TRUST, INC. 7.875% SERIES E PF","NASDAQ"
"ADAMN","ADAMAS TRUST INC","ADAMN","ADAMAS TRUST, INC. 8.00% SERIES D PF","NASDAQ"
"ADAMO","ADAMAS TRUST INC","ADAMO","ADAMAS TRUST, INC. 9.250% SRNT 2031","NASDAQ"
"ADAMZ","ADAMAS TRUST INC","ADAMZ","ADAMAS TRUST, INC. 7.000% SERIES G PF","NASDAQ"
"ADBE","ADOBE INC","ADBE","ADOBE INC","NASDAQ"
"ADBG","LEVERAGE SHARES 2X ADBE","ADBG","LEVERAGE SHARES 2X LONG ADBE DAILY ETF","NASDAQ"
"ADBU","DIRE DAILY ADBE BUL 2X ETF","ADBU","DIREXION DAILY ADBE BULL 2X ETF","NYSE"
"ADC","AGREE REALTY CORP","ADC","AGREE REALTY","NYSE"
"ADCT","ADC THERAPEUTICS SA","ADCT","ADC THERAPEUTICS SA","NYSE"
"ADEA","ADEIA INC","ADEA","ADEIA INC.","NASDAQ"
"ADFI","ANFIELD DYNAMIC FIXED INCOME","ADFI","ANFIELD DYNAMIC FIXED INCOME ETF","BATS"
"ADGM","ADAGIO MEDICAL HOLDINGS INC","ADGM","ADAGIO MEDICAL HOLDINGS, INC","NASDAQ"
"ADI","ANALOG DEVICES INC","ADI","ANALOG DEVICES","NASDAQ"
"ADIL","ADIAL PHARMACEUTICALS INC","ADIL","ADIAL PHARMACEUTICALS, INC COMMON STOCK","NASDAQ"
"ADIV","GUINS ATK ASIA PAC DB ETF-UI","ADIV","GUINNESS ATKINSON ASIA PACIFIC DIVIDEND BUILDER","NYSE"
"ADM","ARCHER-DANIELS-MIDLAND CO","ADM","ARCHER-DANIELS MIDLAND","NYSE"
"ADMA","ADMA BIOLOGICS INC","ADMA","ADMA BIOLOGICS CMN","NASDAQ"
"ADME","APTUS DRWDWN MGD EQTY ETF","ADME","APTUS DRAWDOWN MANAGED EQUITY ETF","BATS"
"ADNT","ADIENT PLC","ADNT","ADIENT PLC","NYSE"
"ADP","AUTOMATIC DATA PROCESSING","ADP","AUTOMATIC DATA PROCESSING","NASDAQ"
"ADPT","ADAPTIVE BIOTECHNOLOGIES","ADPT","ADAPTIVE BIOTECHNOLOGIES CORP","NASDAQ"
"ADPV","ADAPTIV SELECT ETF","ADPV","ADAPTIV SELECT ETF","NYSE"
"ADSE","ADS-TEC ENERGY PLC","ADSE","ADS-TEC ENERGY PLC ORDINARY SHARES","NASDAQ"
"ADSK","AUTODESK INC","ADSK","AUTODESK","NASDAQ"
"ADT","ADT INC","ADT","ADT INC","NYSE"
"ADTN","ADTRAN HOLDINGS INC","ADTN","ADTRAN","NASDAQ"
"ADTX","ADITXT INC","ADTX","ADITXT INC","NASDAQ"
"ADUR","ADURO CLEAN TECHNOLOGIES INC","ADUR","ADURO CLEAN TECHNOLOGIES INC.","NASDAQ"
"ADUS","ADDUS HOMECARE CORP","ADUS","ADDUS HOMECARE","NASDAQ"
"ADV","ADVANTAGE SOLUTIONS INC","ADV","ADVANTAGE SOLUTIONS INC","NASDAQ"
"ADVB","ADVANCED BIOMED INC","ADVB","ADVANCED BIOMED INC.","NASDAQ"
"ADVE","MATTHEWS ASIA DIVIDEND ETF","ADVE","MATTHEWS ASIA DIVIDEND ACTIVE ETF","NYSE"
"ADX","ADAMS DIVERSIFIED EQUITY","ADX","ADAMS DIVERSIFIED EQUITY FUND","NYSE"
"ADXN","ADDEX THERAPEUTICS LTD","ADXN","ADDEX THERAPEUTICS LTD","NASDAQ"
"AEAQ","ACTIVATE ENERGY ACQUISITIO-A","AEAQ","ACTIVATE ENERGY ACQUISITION CORP. CLASS A","NASDAQ"
"AEAQU","ACTIVATE ENERGY ACQUISITION","AEAQU","ACTIVATE ENERGY ACQUISITION CORP. UNT","NASDAQ"
"AEBI","AEBI SCHMIDT HOLDING AG","AEBI","AEBI SCHMIDT HOLDING AG","NASDAQ"
"AEC","ANFIELD ENERGY INC","AEC","ANFIELD ENERGY INC.","NASDAQ"
"AEE","AMEREN CORP","AEE","AMEREN","NYSE"
"AEF","ABRDN EMERGING MARKETS EX CH","AEF","ABRDN EMERGING MARKETS EX-CHINA INCOME FUND INC","NYSE_AMERICAN"
"AEFC","AEGON FUNDING CORP II","AEFC","AEGON FUNDING CO LLC 5.1% NTS","NYSE"
"AEG","AEGON LTD-NY REG SHR","AEG","AEGON LTD","NYSE"
"AEHL","ANTELOPE ENTERPRISE HOLDINGS","AEHL","ANTELOPE ENTERPRISE HOLDINGS LTD","NASDAQ"
"AEHR","AEHR TEST SYSTEMS","AEHR","AEHR TEST","NASDAQ"
"AEI","ALSET INC","AEI","ALSET EHOME INTERNATIONAL INC","NASDAQ"
"AEIS","ADVANCED ENERGY INDUSTRIES","AEIS","ADVANCED ENERGY INDS","NASDAQ"
"AEM","AGNICO EAGLE MINES LTD","AEM","AGNICO EAGLE MINES LIMITED","NYSE"
"AEMD","AETHLON MEDICAL INC","AEMD","AETHLON MEDICAL, INC. COMMON STOCK","NASDAQ"
"AEMS","ANFIELD ENHANCED MARKET ETF","AEMS","TWO ROADS SHARED TRUST ANFIELD ENHANCED MARKET ETF","BATS"
"AENT","ALLIANCE ENTERTAINMENT HOLDI","AENT","ALLIANCE ENTERTAINMENT HC CLASS A","NASDAQ"
"AEO","AMERICAN EAGLE OUTFITTERS","AEO","AMERICAN EAGLE","NYSE"
"AEON","AEON BIOPHARMA INC","AEON","AEON BIOPHARMA INC","NYSE_AMERICAN"
"AEP","AMERICAN ELECTRIC POWER","AEP","AMERICAN ELECTRIC POWER","NASDAQ"
"AER","AERCAP HOLDINGS NV","AER","AERCAP HOLDINGS NV","NYSE"
"AERO","GRUPO AEROMEXICO SAB DE CV","AERO","GRUPO AEROMEXICO SAB DE CV","NYSE"
"AERT","AERIES TECHNOLOGY INC","AERT","AERIES TECHNOLOGY, INC. CLASS A","NASDAQ"
"AES","AES CORP","AES","AES","NYSE"
"AESI","ATLAS ENERGY SOLUTIONS INC","AESI","ATLAS ENERGY SOLUTIONS INC","NYSE"
"AESR","ANFIELD US EQUITY SECTOR ROT","AESR","ANFIELD US EQUITY SECTOR ROTATION ETF","BATS"
"AETH","BIT TRE ETH TRE RO ST ET-USD","AETH","BITWISE TRENDWISE ETHER & TREASURIES ROTATION","NYSE"
"AEVA","AEVA TECHNOLOGIES INC","AEVA","AEVA TECHNOLOGIES, INC.","NASDAQ"
"AEXA","AMERICAN EXCEPTIONALISM-CL A","AEXA","AMERICAN EXCEPTIONALISM ACQUISITION CORP A","NYSE"
"AEYE","AUDIOEYE INC","AEYE","AUDIOEYE, INC. COMMON STOCK","NASDAQ"
"AFB","ALLIANCEBERSTEIN NTL MUNI","AFB","ALLIANCEBERNSTEIN NAT MUNI INC","NYSE"
"AFBI","AFFINITY BANCSHARES INC","AFBI","AFFINITY BANCSHARES INC","NASDAQ"
"AFCG","ADVANCED FLOWER CAPITAL INC","AFCG","ADVANCED FLOWER CAPITAL INC.","NASDAQ"
"AFG","AMERICAN FINANCIAL GROUP INC","AFG","AMERICAN FINANCIAL GROUP","NYSE"
"AFGB","AMERICAN FINANCIAL GROUP INC-OH","AFGB","AMERICAN FINANCIAL GROUP 5.875% DEBS","NYSE"
"AFGC","AMERICAN FINANCIAL GROUP INC-OH","AFGC","AMERICAN FINANCIAL GROUP, INC. 5.125% SBDB 2059","NYSE"
"AFGD","AMERICAN FINANCIAL GROUP","AFGD","AMERICAN FINANCIAL GROUP, INC. 5.625% SBDB 2060","NYSE"
"AFGE","AMERICAN FINANCIAL GROUP","AFGE","AMERICAN FINANCIAL GROUP INC 4.5% DEBS","NYSE"
"AFIF","ANFIELD UNIVERSAL FIXED INCO","AFIF","ANFIELD UNIVERSAL FIXED INCOME ETF","BATS"
"AFJK","AIMEI HEALTH TECHNOLOGY CO","AFJK","AIMEI HEALTH TECHNOLOGY CO., LTD","NASDAQ"
"AFJKU","AIMEI HEALTH TECH CO LTD","AFJKU","AIMEI HEALTH TECHNOLOGY CO., LTD UNT","NASDAQ"
"AFK","VANECK AFRICA INDEX ETF","AFK","VANECK AFRICA INDEX ETF","NYSE"
"AFL","AFLAC INC","AFL","AFLAC","NYSE"
"AFMC","FIRST TRUST ACTIVE FACTOR MI","AFMC","FIRST TRUST ACTIVE FACTOR MID CAP ETF","NYSE"
"AFOS","ARS FOCUSED OPP STRAT ETF","AFOS","ARS FOCUSED OPPORTUNITY STRATEGY ETF","NASDAQ"
"AFRI","FORAFRIC GLOBAL PLC","AFRI","FORAFRIC GLOBAL PLC ORDINARY SHARES","NASDAQ"
"AFRM","AFFIRM HOLDINGS INC","AFRM","AFFIRM HOLDINGS, INC. CLASS A","NASDAQ"
"AFRU","T-REX 2X LG AFRM DA TAR ETF","AFRU","OPPTY T-REX 2X LONG AFRM DAILY TARGET","BATS"
"AFSC","ABRDN FCSD US SC A ETF","AFSC","ABRDN FOCUSED U.S. SMALL CAP ACTIVE ETF","NASDAQ"
"AFYA","AFYA LTD-CLASS A","AFYA","AFYA LTD","NASDAQ"
"AG","FIRST MAJESTIC SILVER CORP","AG","FIRST MAJESTIC SILVER","NYSE"
"AGAE","ALLIED GAMING & ENTERTAINMEN","AGAE","ALLIED GAMING & ENTERTAINMENT INC.","NASDAQ"
"AGBK","AGI INC-CL A","AGBK","AGI INC","NYSE"
"AGCC","AGENCIA COMERCIAL SPIRITS LT","AGCC","AGENCIA COMERCIAL SPIRITS LTD CLASS A","NASDAQ"
"AGCO","AGCO CORP","AGCO","AGCO","NYSE"
"AGD","ABRDN GLBL DYNM DIVID","AGD","ABRDN GLOBAL DYNAMIC DIVIDEND FUND","NYSE"
"AGEM","ABRDN EMERGING MAR DIV A ETF","AGEM","ABRDN EMERGING MARKETS DIVIDEND ACTIVE ETF","NASDAQ"
"AGEN","AGENUS INC","AGEN","AGENUS","NASDAQ"
"AGG","ISHARES CORE U.S. AGGREGATE","AGG","ISHARES CORE US AGGREGATE BOND","NYSE"
"AGGH","SIMPLIFY AGGREGATE BOND ETF","AGGH","SIMPLIFY AGGREGATE BOND ETF","NYSE"
"AGGY","WISDOMTREE YIELD ENHANCED US","AGGY","WISDOMTREE YIELD ENHANCED U.S. AGGREGATE BOND FUND","NYSE"
"AGH","AUREUS GREENWAY HOLDINGS INC","AGH","AUREUS GREENWAY HOLDINGS INC.","NASDAQ"
"AGI","ALAMOS GOLD INC-CLASS A","AGI","ALAMOS GOLD INC","NYSE"
"AGIG","ABUNDIA GLOBAL IMPACT GROUP","AGIG","ABUNDIA GLOBAL IMPACT GROUP","NYSE_AMERICAN"
"AGIO","AGIOS PHARMACEUTICALS INC","AGIO","AGIOS PHARMACEUTICALS INC","NASDAQ"
"AGIQ","SOFI AGENTIC AI ETF","AGIQ","SOFI AGENTIC AI ETF","NYSE"
"AGIX","KRANESHARES AI & TECH ETF","AGIX","KRANESHARES ARTIFICIAL INTELLIGENCE ETF","NASDAQ"
"AGL","AGILON HEALTH INC","AGL","AGILON HEALTH INC","NYSE"
"AGM","FEDERAL AGRIC MTG CORP-CL C","AGM","FEDERAL AGRICULTURAL MORTGAGE","NYSE"
"AGMB","AGOMAB THERAPEUTICS NV","AGMB","AGOMAB THERAPEUTICS NV ADS","NASDAQ"
"AGMH","AGM GROUP HOLDINGS INC-A","AGMH","AGM GROUP HOLDINGS INC. CLASS A","NASDAQ"
"AGMI","THEMES SILVER MINERS ETF","AGMI","THEMES SILVER MINERS ETF","NASDAQ"
"AGNC","AGNC INVESTMENT CORP","AGNC","AGNC INVESTMENT CORP","NASDAQ"
"AGNCL","AGNC INVT CORP DEP SHS REPSTG 1-100","AGNCL","AGNC INVESTMENT CORP. DS (1/1,000 7.75% SER G PF)","NASDAQ"
"AGNCM","AGNC INVESTMENT CORP","AGNCM","AGNC INVESTMENT SER D PFD","NASDAQ"
"AGNCN","ANGC 7 PERP PFD","AGNCN","AGNC INVESTMENT CORP. DS (1/1,000 7.00% SER C PF)","NASDAQ"
"AGNCO","AGNC INVESTMENT CORP","AGNCO","AGNC INVESTMENT CORP. DS (1/1,000 6.50% SER E PF)","NASDAQ"
"AGNCP","AGNC INVESTMENT CORP","AGNCP","AGNC INVESTMENT CORP SER F PFD","NASDAQ"
"AGNCZ","AGNC INVESTMENT CORP","AGNCZ","AGNC INVESTMENT CORP. 8.75% SERIES H PF","NASDAQ"
"AGNG","GLB X AGING POPULATION ETF","AGNG","GLOBAL X FUNDS AGING POPULATION ETF","NASDAQ"
"AGO","ASSURED GUARANTY LTD","AGO","ASSURED GUARANTY","NYSE"
"AGOX","ADAPTIVE ALPHA OPPORTUNITIES","AGOX","ADAPTIVE ALPHA OPPORTUNITIES ETF","NYSE"
"AGPU","AXE COMPUTE INC","AGPU","AXE COMPUTE INC.","NASDAQ"
"AGQ","PROSHARES ULTRA SILVER","AGQ","PROSHARES ULTRA SILVER","NYSE"
"AGQI","FIRST TR ACT GLBL QLTY INC","AGQI","FIRST TRUST ACTIVE GLOBAL QUALITY INCOME ETF","NYSE"
"AGRH","ISHARES INTEREST RATE HEDGED","AGRH","ISHARES INT RATE HEDGED US AGGREGATE BOND ETF","NYSE"
"AGRO","ADECOAGRO SA","AGRO","ADECOAGRO SA","NYSE"
"AGRZ","AGROZ INC","AGRZ","AGROZ INC.","NASDAQ"
"AGX","ARGAN INC","AGX","ARGAN","NYSE"
"AGYS","AGILYSYS INC","AGYS","AGILYSYS","NASDAQ"
"AGZ","ISHARES AGENCY BOND ETF","AGZ","ISHARES BARCLAYS AGENCY BOND","NYSE"
"AGZD","WISDOMTREE TRUST WISDOMTREE","AGZD","WISDOMTREE BARCLAYS U.S. AGGRE","NASDAQ"
"AHCO","ADAPTHEALTH CORP","AHCO","ADAPTHEALTH CORP","NASDAQ"
"AHG","AKSO HEALTH GROUP","AHG","AKSO HEALTH GROUP ADS","NASDAQ"
"AHLT","AMERICAN BEACON AHL TREND","AHLT","AMERICAN BEACON AHL TREND ETF","NYSE"
"AHMA","AMBITIONS ENTERPRISE MANAG-A","AHMA","AMBITIONS ENTERPRISE MANAGEMENT CO. L.L.C CLASS A","NASDAQ"
"AHR","AMERICAN HEALTHCARE REIT INC","AHR","AMERICAN HEALTHCARE REIT INC","NYSE"
"AHT","ASHFORD HOSPITALITY TRUST","AHT","ASHFORD HOSPITALITY TRUST","NYSE"
"AI","C3.AI INC-A","AI","C3.AI INC","NYSE"
"AIA","ISHARES ASIA 50 ETF","AIA","ISHARES S&P ASIA 50 INDEX","NASDAQ"
"AIB","BLOCKCHAIN DIGITAL INFRASTRU","AIB","BLOCKCHAIN DIGITAL INFRASTRUCTURE, INC","NYSE_AMERICAN"
"AIBD","DIRXN DLY AI & BDA BR2-PR UI","AIBD","DIREXION DAILY AI & BIG DATA BEAR 2X ETF","NYSE"
"AIBU","DIREXION DAILY AI AND BIG DA","AIBU","DIREXION DAILY AI & BIG DATA BULL 2X ETF","NYSE"
"AIDX","20-20 BIOLABS INC","AIDX","20/20 BIOLABS, INC.","NASDAQ"
"AIEQ","AMPLIFY AI POWERED EQTY ETF","AIEQ","AMPLIFY AI POWERED EQUITY ETF","NYSE"
"AIFD","TCW ARTIFICIAL INTEL ETF","AIFD","TCW ARTIFICIAL INTELLIGENCE ETF","NASDAQ"
"AIFF","FIREFLY NEUROSCIENCE INC","AIFF","FIREFLY NEUROSCIENCE, INC.","NASDAQ"
"AIFU","AIFU INC - CL A","AIFU","AIFU INC. CLASS A","NASDAQ"
"AIG","AMERICAN INTERNATIONAL GROUP","AIG","AMERICAN INTERNATIONAL","NYSE"
"AIHS","SENMIAO TECHNOLOGY LTD","AIHS","SENMIAO TECHNOLOGY LIMITED COMMON STOCK","NASDAQ"
"AII","AMERICAN INTEGRITY INSURANCE","AII","AMERICAN INTEGRITY INSURANCE GROUP INC","NYSE"
"AIIA","AI INFRASTRUCTURE AC-A","AIIA","AI INFRASTRUCTURE ACQUISITION CORP","NYSE"
"AIIO","ROBO.AI INC","AIIO","ROBO.AI INC. CLASS B","NASDAQ"
"AIM","AIM IMMUNOTECH INC","AIM","AIM IMMUNO TECH INC","NYSE_AMERICAN"
"AIMD","AINOS INC","AIMD","AINOS, INC.","NASDAQ"
"AIMS","ACUITAS SMALL CAP ACTIVE ETF","AIMS","ACUITAS SMALL CAP ACTIVE ETF","NASDAQ"
"AIN","ALBANY INTL CORP-CL A","AIN","ALBANY INTERNATIONAL","NYSE"
"AINT","FINQ DLR NTL US LG CM EQ ETF","AINT","FINQ DOLLAR NEUTRAL US LARGE CAP AI-MANAGED EQUITY","NYSE"
"AIO","VIRTUS ARTIFIC INTEL & TECH","AIO","VIRTUS ARTIFICIAL INTELLIGENCE & TECH","NYSE"
"AIOO","ALLIANZIM US EQ BUFFER100","AIOO","ALLIANZIM U.S. EQUITY BUFFER100 PROTECTION ETF","BATS"
"AIOS","AIOS TECH INC","AIOS","AIOS TECH INC. CLASS A","NASDAQ"
"AIOT","POWERFLEET INC","AIOT","POWERFLEET, INC.","NASDAQ"
"AIP","ARTERIS INC","AIP","ARTERIS, INC. COMMON STOCK","NASDAQ"
"AIPI","REX AI EQUITY PREM INC ETF","AIPI","REX AI EQUITY PREMIUM INCOME ETF","NASDAQ"
"AIPO","DEFIANCE AI & POWER INFR ETF","AIPO","DEFIANCE AI & POWER INFRASTRUCTURE ETF","NASDAQ"
"AIQ","GLOBAL X ART INTEL & TECH","AIQ","GLOBAL X ARTIFICIAL INTELLIGENCE & TECHNOLOGY ETF","NASDAQ"
"AIR","AAR CORP","AIR","AAR","NYSE"
"AIRE","REALPHA TECH CORP","AIRE","REALPHA TECH CORP.","NASDAQ"
"AIRG","AIRGAIN INC","AIRG","AIRGAIN, INC. COMMON STOCK","NASDAQ"
"AIRI","AIR INDUSTRIES GROUP","AIRI","AIR INDUSTRIES GROUP","NYSE_AMERICAN"
"AIRJ","AIRJOULE TECHNOLOGIES CORP","AIRJ","MONTANA TECHNOLOGIES CORPORATION CLASS A","NASDAQ"
"AIRO","AIRO GROUP HOLDINGS INC","AIRO","AIRO GROUP HOLDINGS, INC.","NASDAQ"
"AIRR","FIRST TRUST RBA AMERICAN IND","AIRR","FIRST TRUST RBA AMERICAN INDUS","NASDAQ"
"AIRS","AIRSCULPT TECHNOLOGIES INC","AIRS","AIRSCULPT TECHNOLOGIES, INC.","NASDAQ"
"AIRT","AIR T INC","AIRT","AIR T","NASDAQ"
"AIRTP","AIR T FUNDING","AIRTP","AIR T FUNDING ALPHA INCOME TRUST PFD","NASDAQ"
"AIS","VISTASHARES AIS ETF","AIS","VISTASHARES AI SUPERCYCLE ETF","NYSE"
"AISP","AIRSHIP AI HOLDINGS INC","AISP","AIRSHIP AI HOLDINGS, INC. CLASS A","NASDAQ"
"AIT","APPLIED INDUSTRIAL TECH INC","AIT","APPLIED INDUSTRIAL","NYSE"
"AIUP","FINQ FIRST US LC AI-M EQ ETF","AIUP","FINQ FIRST US LARGE CAP AI-MANAGED EQUITY","NYSE"
"AIV","APARTMENT INVT & MGMT CO -A","AIV","APARTMENT INVESTMENT","NYSE"
"AIVC","AMPLIFY BBG AI VAL CHN ETF","AIVC","AMPLIFY BLOOMBERG AI VALUE CHAIN ETF","NYSE"
"AIVI","WISDOMTREE INTERNATIONAL AI","AIVI","WISDOMTREE INTERNATIONAL AI ENHANCED VALUE FUND","NYSE"
"AIVL","WISDOMTREE US AI ENHANCED VA","AIVL","WISDOMTREE U.S. AI ENHANCED VALUE FUND","NYSE"
"AIXC","AIXCRYPTO HOLDINGS INC","AIXC","AIXCRYPTO HOLDINGS, INC.","NASDAQ"
"AIXI","XIAO I CORP","AIXI","XIAO-I CORPORATION ADS","NASDAQ"
"AIYY","YIELDMAX AI OP INC STR ETF","AIYY","YIELDMAX AI OPTION INCOME STRATEGY ETF","NYSE"
"AIZ","ASSURANT INC","AIZ","ASSURANT","NYSE"
"AIZN","ASSURANT INC","AIZN","ASSURANT INC 5.25% NTS","NYSE"
"AJAN","IN EQ DF PR ETF 2Y JAN28-USD","AJAN","INNOVATOR EQUITY DEF PROTECTION 2 YR TO JAN 2026","BATS"
"AJG","ARTHUR J GALLAGHER & CO","AJG","ARTHUR J. GALLAGHER","NYSE"
"AJUL","INVTOR EDP ETF 2YR TO JY2026","AJUL","INNOVATOR EQUITY DEFINED PROTECTION 2 YR JULY 2026","BATS"
"AKA","AKA BRANDS HOLDING CORP","AKA","A.K.A. BRANDS HOLDING CORP.","NYSE"
"AKAF","THE FRONTIER ECONOMIC FUND","AKAF","FRONTIER ECONOMIC FUND","NYSE"
"AKAM","AKAMAI TECHNOLOGIES INC","AKAM","AKAMAI TECHNOLOGIES","NASDAQ"
"AKAN","AKANDA CORP","AKAN","AKANDA CORP","NASDAQ"
"AKBA","AKEBIA THERAPEUTICS INC","AKBA","AKEBIA THERAPEUTICS, INC. COMM","NASDAQ"
"AKR","ACADIA REALTY TRUST","AKR","ACADIA REALTY TRUST","NYSE"
"AKRE","AKRE FOCUS ETF","AKRE","AKRE FOCUS ETF","NYSE"
"AKTS","AKTIS ONCOLOGY INC","AKTS","AKTIS ONCOLOGY, INC.","NASDAQ"
"AKTX","AKARI THERAPEUTICS PLC-ADR","AKTX","AKARI THERAPEUTICS PLC ADR","NASDAQ"
"ALAB","ASTERA LABS INC","ALAB","ASTERA LABS, INC.","NASDAQ"
"ALAI","ALGER AI ENABLE & ADOPT ETF","ALAI","ALGER AI ENABLERS & ADOPTERS ETF","NYSE"
"ALAR","ALARUM TECHNOLOGIES LTD-ADR","ALAR","ALARUM TECHNOLOGIES LTD. ADS","NASDAQ"
"ALB","ALBEMARLE CORP","ALB","ALBEMARLE","NYSE"
"ALBG","LEVERAGE SHARES 2X ALB","ALBG","LEVERAGE SHARES 2X LONG ALB DAILY ETF","NASDAQ"
"ALBT","AVALON GLOBOCARE CORP","ALBT","AVALON GLOBOCARE CORP.","NASDAQ"
"ALC","ALCON INC","ALC","ALCON INC","NYSE"
"ALCO","ALICO INC","ALCO","ALICO","NASDAQ"
"ALCY","ALCHEMY INVESTMENTS ACQUISIT","ALCY","ALCHEMY INVESTMENTS ACQUISITION CORP 1 CLASS A","NASDAQ"
"ALCYU","ALCHEMY INVESTMENTS ACQUISIT","ALCYU","ALCHEMY INVESTMENTS ACQUISITION CORP 1 UNT","NASDAQ"
"ALDF","ALDEL FINANCIAL II INC","ALDF","ALDEL FINANCIAL II INC. CLASS A","NASDAQ"
"ALDFU","ALDEL FINANCIAL II INC","ALDFU","ALDEL FINANCIAL II INC. UNT","NASDAQ"
"ALDX","ALDEYRA THERAPEUTICS INC","ALDX","ALDEYRA THERAPEUTICS, INC. COM","NASDAQ"
"ALEC","ALECTOR INC","ALEC","ALECTOR INC","NASDAQ"
"ALF","CENTURION ACQUISITION CORP","ALF","CENTURION ACQUISITION CORP. CLASS A","NASDAQ"
"ALFUU","CENTURION ACQUISITION CORP","ALFUU","CENTURION ACQUISITION CORP. UNT","NASDAQ"
"ALG","ALAMO GROUP INC","ALG","ALAMO GROUP","NYSE"
"ALGM","ALLEGRO MICROSYSTEMS INC","ALGM","ALLEGRO MICROSYSTEMS, INC. COMMON STOCK","NASDAQ"
"ALGN","ALIGN TECHNOLOGY INC","ALGN","ALIGN TECHNOLOGY","NASDAQ"
"ALGS","ALIGOS THERAPEUTICS INC","ALGS","ALIGOS THERAPEUTICS, INC. COMMON STOCK","NASDAQ"
"ALGT","ALLEGIANT TRAVEL CO","ALGT","ALLEGIANT TRAVEL","NASDAQ"
"ALH","ALLIANCE LAUNDRY HOLDINGS IN","ALH","ALLIANCE LAUNDRY HOLDINGS INC","NYSE"
"ALHC","ALIGNMENT HEALTHCARE INC","ALHC","ALIGNMENT HEALTHCARE, INC. COMMON STOCK","NASDAQ"
"ALIL","ARGENT FOCUSED SMALL CAP ETF","ALIL","ARGENT FOCUSED SMALL CAP ETF","NASDAQ"
"ALIS","CALISA ACQUISITION CORP","ALIS","CALISA ACQUISITION CORP","NASDAQ"
"ALIT","ALIGHT INC - CLASS A","ALIT","ALIGHT INC","NYSE"
"ALK","ALASKA AIR GROUP INC","ALK","ALASKA AIR GROUP","NYSE"
"ALKS","ALKERMES PLC","ALKS","ALKERMES","NASDAQ"
"ALKT","ALKAMI TECHNOLOGY INC","ALKT","ALKAMI TECHNOLOGY, INC. COMMON STOCK","NASDAQ"
"ALL","ALLSTATE CORP","ALL","ALLSTATE","NYSE"
"ALLE","ALLEGION PLC","ALLE","ALLEGION PLC","NYSE"
"ALLO","ALLOGENE THERAPEUTICS INC","ALLO","ALLOGENE THERAPEUTICS INC","NASDAQ"
"ALLR","ALLARITY THERAPEUTICS INC","ALLR","ALLARITY THERAPEUTICS, INC.","NASDAQ"
"ALLT","ALLOT LTD","ALLT","ALLOT LTD","NASDAQ"
"ALLW","STATE STREET BRGWTR ALL WTHR","ALLW","STATE STREET BRIDGEWATER ALL WEATHER ETF","NASDAQ"
"ALLY","ALLY FINANCIAL INC","ALLY","ALLY FINANCIAL INC","NYSE"
"ALM","ALMONTY INDUSTRIES INC","ALM","ALMONTY INDUSTRIES INC.","NASDAQ"
"ALMS","ALUMIS INC","ALMS","ALUMIS INC.","NASDAQ"
"ALMU","AELUMA INC","ALMU","AELUMA, INC.","NASDAQ"
"ALNT","ALLIENT INC","ALNT","ALLIENT INC.","NASDAQ"
"ALNY","ALNYLAM PHARMACEUTICALS INC","ALNY","ALNYLAM PHARMACEUTICALS","NASDAQ"
"ALOT","ASTRONOVA INC","ALOT","ASTRO-MED","NASDAQ"
"ALOV","ALDABRA 4 LIQUIDITY OPP-CL A","ALOV","ALDABRA 4 LIQUIDITY OPPORTUNTY VEHICLE CLASS A","NASDAQ"
"ALOVU","ALDABRA 4 LIQUIDITY OPPORTUN","ALOVU","ALDABRA 4 LIQUIDITY OPPORTUNITY VEHICLE, INC. UNT","NASDAQ"
"ALOY","REALLOYS INC","ALOY","REALLOYS INC.","NASDAQ"
"ALPS","ALPS GROUP INC","ALPS","ALPS GROUP INC","NASDAQ"
"ALRM","ALARM.COM HOLDINGS INC","ALRM","ALARM.COM HOLDINGS, INC. COMMON STOCK","NASDAQ"
"ALRS","ALERUS FINANCIAL CORP","ALRS","ALERUS FINL CORP","NASDAQ"
"ALSN","ALLISON TRANSMISSION HOLDING","ALSN","ALLISON TRANSMISSION","NYSE"
"ALT","ALTIMMUNE INC","ALT","ALTIMMUNE, INC. COMMON STOCK","NASDAQ"
"ALTG","ALTA EQUIPMENT GROUP INC","ALTG","ALTA EQUIPMENT GROUP INC","NYSE"
"ALTI","ALTI GLOBAL INC","ALTI","ALVARIUM TIEDEMANN HOLDINGS, INC. CLASS A","NASDAQ"
"ALTL","PACER LUNT LARGE CAP ALTERNA","ALTL","PACER LUNT LARGE CAP ALTERNATOR ETF","NYSE"
"ALTO","ALTO INGREDIENTS INC","ALTO","ALTO INGREDIENTS INC","NASDAQ"
"ALTS","ALT5 SIGMA CORP","ALTS","ALT5 SIGMA CORPORATION","NASDAQ"
"ALTY","GLOBAL X ALTERNATIVE INCOME","ALTY","GLOBAL X ALTERNATIVE INCOME ETF","NASDAQ"
"ALUB","ALUSSA ENERGY ACQUISIT II-A","ALUB","ALUSSA ENERGY ACQUISITION CORP II","NYSE"
"ALV","AUTOLIV INC","ALV","AUTOLIV","NYSE"
"ALVO","ALVOTECH SA","ALVO","ALVOTECH ORDINARY SHARES","NASDAQ"
"ALX","ALEXANDER'S INC","ALX","ALEXANDER'S","NYSE"
"ALXO","ALX ONCOLOGY HOLDINGS INC","ALXO","ALX ONCOLOGY HOLDINGS INC.","NASDAQ"
"ALZN","ALZAMEND NEURO INC","ALZN","ALZAMEND NEURO, INC. COMMON STOCK","NASDAQ"
"AM","ANTERO MIDSTREAM CORP","AM","ANTERO MIDSTREAM CORP","NYSE"
"AMAL","AMALGAMATED FINANCIAL CORP","AMAL","AMALGAMATED FINANCIAL CORP","NASDAQ"
"AMAT","APPLIED MATERIALS INC","AMAT","APPLIED MATERIALS","NASDAQ"
"AMAX","ADAPTIVE HEDGED MULTI-ASSET","AMAX","ADAPTIVE HEDGED MULTI-ASSET INCOME ETF","NYSE"
"AMBA","AMBARELLA INC","AMBA","AMBARELLA INC","NASDAQ"
"AMBO","AMBOW EDUCATION HOLDING-ADR","AMBO","AMBOW EDUCATION HOLDING LTD","NYSE_AMERICAN"
"AMBP","ARDAGH METAL PACKAGING SA","AMBP","ARDAGH METAL PACKAGING SA","NYSE"
"AMBQ","AMBIQ MICRO INC","AMBQ","AMBIQ MICRO INC","NYSE"
"AMBR","AMBER INTERNATIONAL HOLDING","AMBR","AMBER INTERNATIONAL HOLDING LIMITED ADS","NASDAQ"
"AMC","AMC ENTERTAINMENT HLDS-CL A","AMC","AMC ENTERTAINMENT HOLDINGS INC","NYSE"
"AMCI","AMC ROBOTICS CORP","AMCI","AMC ROBOTICS CORPORATION","NASDAQ"
"AMCR","AMCOR PLC","AMCR","AMCOR PLC ORDINDARY SHARES","NYSE"
"AMCX","AMC NETWORKS INC-A","AMCX","AMC GLOBAL MEDIA INC. CLASS A","NASDAQ"
"AMD","ADVANCED MICRO DEVICES","AMD","ADVANCED MICRO DEVICES, INC. C","NASDAQ"
"AMDD","DIRX DLY AMD BEAR 1X ETF-USD","AMDD","DIREXION DAILY AMD BEAR 1X ETF","NASDAQ"
"AMDG","LEVERAGE SHARES 2X AMD","AMDG","LEVERAGE SHARES 2X LONG AMD DAILY ETF","NASDAQ"
"AMDL","GRANITESHARES 2XLONG AMD ETF","AMDL","GRANITESHARES 2X LONG AMD DAILY ETF","NASDAQ"
"AMDW","ROUNDHILL AMD WEEKLYPAY ETF","AMDW","ROUNDHILL ETF TRUST ROUNDHILL AMD WEEKLYPAY ETF","BATS"
"AMDY","YIELDMAX AMD OPTION IS ETF","AMDY","YIELDMAX AMD OPTION INCOME STRATEGY ETF","NYSE"
"AME","AMETEK INC","AME","AMETEK","NYSE"
"AMG","AFFILIATED MANAGERS GROUP","AMG","AFFILIATED MANAGERS GROUP","NYSE"
"AMGN","AMGEN INC","AMGN","AMGEN","NASDAQ"
"AMH","AMERICAN HOMES 4 RENT- A","AMH","AMERICAN HOMES 4 RENT","NYSE"
"AMID","ARGENT MID CAP ETF","AMID","ARGENT MID CAP ETF","NASDAQ"
"AMIX","AUTONOMIX MEDICAL INC","AMIX","AUTONOMIX MEDICAL, INC.","NASDAQ"
"AMJB","ALERIAN MLP ETN2044","AMJB","ALERIAN MLP INDEX ETNs 1/28/44","NYSE"
"AMKR","AMKOR TECHNOLOGY INC","AMKR","AMKOR TECHNOLOGY","NASDAQ"
"AMLP","ALERIAN MLP ETF","AMLP","ALPS ALERIAN MLP ETF","NYSE"
"AMLX","AMYLYX PHARMACEUTICALS INC","AMLX","AMYLYX PHARMACEUTICALS, INC.","NASDAQ"
"AMN","AMN HEALTHCARE SERVICES INC","AMN","AMN HEALTHCARE SERVICES","NYSE"
"AMOD","ALPHA MODUS HOLDINGS INC","AMOD","ALPHA MODUS HOLDINGS, INC. CLASS A","NASDAQ"
"AMOM","QRAFT AI-ENH US LRG CAP MTM","AMOM","QRAFT AI-ENHANCED U.S. LARGE CAP MOMENTUM ETF","NYSE"
"AMP","AMERIPRISE FINANCIAL INC","AMP","AMERIPRISE FINANCIAL","NYSE"
"AMPG","AMPLITECH GROUP INC","AMPG","AMPLITECH GROUP, INC. COMMON STOCK","NASDAQ"
"AMPH","AMPHASTAR PHARMACEUTICALS IN","AMPH","AMPHASTAR PHARMACEUTICALS, INC","NASDAQ"
"AMPL","AMPLITUDE INC-CLASS A","AMPL","AMPLITUDE, INC. CLASS A COMMON STOCK","NASDAQ"
"AMPX","AMPRIUS TECHNOLOGIES INC","AMPX","AMPRIUS TECHNOLOGIES INC","NYSE"
"AMPY","AMPLIFY ENERGY CORP","AMPY","AMPLIFY ENERGY CORP. COMMON STOCK","NYSE"
"AMR","ALPHA METALLURGICAL RESOURCE","AMR","ALPHA METALLURGICAL RESOURCES INC","NYSE"
"AMRC","AMERESCO INC-CL A","AMRC","AMERESCO","NYSE"
"AMRN","AMARIN CORP PLC -ADR","AMRN","AMARIN","NASDAQ"
"AMRX","AMNEAL PHARMACEUTICALS INC","AMRX","AMNEAL PHARMACEUTICALS, INC. CLASS A","NASDAQ"
"AMRZ","AMRIZE LTD","AMRZ","AMRIZE LTD","NYSE"
"AMS","AMERICAN SHARED HOSPITAL SER","AMS","AMERICAN SHARED HOSPITAL","NYSE_AMERICAN"
"AMSC","AMERICAN SUPERCONDUCTOR CORP","AMSC","AMERICAN SUPERCONDUCTOR CORPOR","NASDAQ"
"AMSF","AMERISAFE INC","AMSF","AMERISAFE","NASDAQ"
"AMST","AMESITE INC","AMST","AMESITE INC. COMMON STOCK","NASDAQ"
"AMT","AMERICAN TOWER CORP","AMT","AMERICAN TOWER","NYSE"
"AMTB","AMERANT BANCORP INC","AMTB","AMERANT BANCORP INC CLASS A","NYSE"
"AMTD","AMTD IDEA GROUP","AMTD","AMTD IDEA GROUP","NYSE"
"AMTM","AMENTUM HOLDINGS INC","AMTM","AMENTUM HOLDINGS, INC.","NYSE"
"AMTX","AEMETIS INC","AMTX","AEMETIS, INC. COMMON STOCK","NASDAQ"
"AMUB","ETRACS ALERIAN MLP IND SER B","AMUB","ETRACS ALERIAN MLP SERIES B","NYSE"
"AMUU","DIREX DLY AMD BUL 2X ETF-USD","AMUU","DIREXION DAILY AMD BULL 2X ETF","NASDAQ"
"AMWD","AMERICAN WOODMARK CORP","AMWD","AMERICAN WOODMARK","NASDAQ"
"AMWL","AMERICAN WELL CORP-CLASS A","AMWL","AMERICAN WELL CORP","NYSE"
"AMX","AMERICA MOVIL SAB DE CV","AMX","AMERICA MOVIL","NYSE"
"AMYY","GRANITE YIELDBOOST AMD ETF","AMYY","GRANITESHARES YIELDBOOST AMD ETF","NASDAQ"
"AMZA","INFRACAP MLP ETF","AMZA","ETFIS SERIES TRUST I INFRACAP","NYSE"
"AMZD","DIREXION DAILY AMZN BEAR 1X","AMZD","DIREXION DAILY AMZN BEAR 1X ETF","NASDAQ"
"AMZE","AMAZE HOLDINGS INC","AMZE","AMAZE HOLDINGS INC","NYSE_AMERICAN"
"AMZN","AMAZON.COM INC","AMZN","AMAZON.COM","NASDAQ"
"AMZO","TRADR 2X SHORT AMZN DAILY ET","AMZO","","BATS"
"AMZP","KURV YLD PREM STR AMZN ETF","AMZP","KURV YIELD PREMIUM STRATEGY AMAZON ETF","BATS"
"AMZU","DIRE DLY AMZN BUL 2X ETF-USD","AMZU","DIREXION DAILY AMZN BULL 2X ETF","NASDAQ"
"AMZW","ROUNDHILL AMZN WEEKLYPAY ETF","AMZW","ROUNDHILL ETF TRUST ROUNDHILL AMZN WEEKLYPAY ETF","BATS"
"AMZY","YIELDMAX AMAZN OPTION INCOME","AMZY","YIELDMAX AMZN OPTION INCOME STRATEGY ETF","NYSE"
"AMZZ","GRANITESHARES 2XL AMZN ETF","AMZZ","GRANITESHARES 2X LONG AMZN DAILY ETF","NASDAQ"
"AN","AUTONATION INC","AN","AUTONATION","NYSE"
"ANAB","ANAPTYSBIO INC","ANAB","ANAPTYSBIO, INC. COMMON STOCK","NASDAQ"
"ANDE","ANDERSONS INC-THE","ANDE","ANDERSONS","NASDAQ"
"ANDG","ANDERSEN GROUP INC - A","ANDG","ANDERSON GROUP INC","NYSE"
"ANET","ARISTA NETWORKS INC","ANET","ARISTA NETWORKS INC","NYSE"
"ANEW","PROSHARES MSCI TRANSFORM CHG","ANEW","PROSHARES MSCI TRANSFORMATIONAL CHANGES ETF","NYSE"
"ANF","ABERCROMBIE & FITCH CO-CL A","ANF","ABERCROMBIE & FITCH","NYSE"
"ANGH","ANGHAMI INC","ANGH","ANGHAMI INC. ORDINARY SHARES","NASDAQ"
"ANGI","ANGI INC","ANGI","ANGI INC","NASDAQ"
"ANGL","VANECK FALLEN ANGEL HIGH YLD","ANGL","VANECK FALLEN ANGEL HIGH YIELD BOND ETF","NASDAQ"
"ANGO","ANGIODYNAMICS INC","ANGO","ANGIODYNAMICS","NASDAQ"
"ANGX","ANGEL STUDIOS INC","ANGX","ANGEL STUDIOS INC","NYSE"
"ANIK","ANIKA THERAPEUTICS INC","ANIK","ANIKA THERAPEUTICS","NASDAQ"
"ANIP","ANI PHARMACEUTICALS INC","ANIP","ANI PHARMACEUTICALS","NASDAQ"
"ANIX","ANIXA BIOSCIENCES INC","ANIX","ANIXA BIOSCIENCES, INC. COMMON STOCK","NASDAQ"
"ANL","ADLAI NORTYE LTD-ADR","ANL","ADLAI NORTYE LTD. ADS","NASDAQ"
"ANNA","ALEANNA INC","ANNA","ALEANNA, INC. CLASS A","NASDAQ"
"ANNX","ANNEXON INC","ANNX","ANNEXON, INC.","NASDAQ"
"ANPA","RICH SPARKLE HOLDINGS LTD","ANPA","RICH SPARKLE HOLDINGS LIMITED","NASDAQ"
"ANRO","ALTO NEUROSCIENCE INC","ANRO","ALTO NEUROSCIENCE INC","NYSE"
"ANSC","AGRICULTURE & NATURAL SOLUTI","ANSC","AGRICULTURE & NATURAL SOLUTIONS ACQ CORP CLASS A","NASDAQ"
"ANTA","ANTALPHA PLATFORM HLDNG CO-A","ANTA","ANTALPHA PLATFORM HC CLASS A","NASDAQ"
"ANTX","AN2 THERAPEUTICS INC","ANTX","AN2 THERAPEUTICS, INC.","NASDAQ"
"ANV","GRANITE SHR ATCL NVDA ETF","ANV","GRANITESHARES AUTOCALLABLE NVDA ETF","NASDAQ"
"ANVS","ANNOVIS BIO","ANVS","ANNOVIS BIO INC","NYSE"
"ANY","SPHERE 3D CORP","ANY","SPHERE 3D CORP. COMMON SHARES","NASDAQ"
"AOA","ISHARES CORE 80-20 AGGRESSIV","AOA","ISHARES CORE 80/20 AGGRESSIVE ALLOCATION ETF","NYSE"
"AOCT","IN EQU D PR ETF - 2 Y O 2026","AOCT","INNOVATOR EQUITY DEFINED PROTECTION OCT 2026","BATS"
"AOD","ABRDN TOTAL DYNAMIC DIVIDEND","AOD","ABRDN TOTAL DYNAMIC DIVIDEND FUND","NYSE"
"AOHY","ANGEL OAK HIGH YILD OPPO ETF","AOHY","ANGEL OAK HIGH YIELD OPPORTUNITIES ETF","NASDAQ"
"AOK","ISHARES CORE 30-70 CONSERVAT","AOK","ISHARES CORE 30/70 CONSERVATIVE ALLOCATION","NYSE"
"AOM","ISHARES CORE 40-60 MODERATE","AOM","ISHARES CORE 40/60 MODERATE ALLOCATION","NYSE"
"AOMD","ANGEL OAK MORTGAGE REIT INC","AOMD","ANGEL OAK MORTGAGE REIT INC 9.75% NTS","NYSE"
"AOMN","ANGEL OAK MORTGAGE REIT INC","AOMN","ANGEL OAK MORTGAGE REIT INC 9.5% NTS","NYSE"
"AOMR","ANGEL OAK MORTGAGE REIT INC","AOMR","ANGEL OAK MORTGAGE REIT INC","NYSE"
"AON","AON PLC-CLASS A","AON","AON","NYSE"
"AOR","ISHARES CORE 60-40 BALANCED","AOR","ISHARES CORE 40/60 BALANCED ALLOCATION","NYSE"
"AORT","ARTIVION INC","AORT","ARTIVION INC","NYSE"
"AOS","SMITH (A.O.) CORP","AOS","A.O.SMITH CORP","NYSE"
"AOSL","ALPHA & OMEGA SEMICONDUCTOR","AOSL","ALPHA & OMEGA","NASDAQ"
"AOTG","AOT GROWTH AND INNOVATION","AOTG","AOT GROWTH AND INNOVATION ETF","NASDAQ"
"AOTS","AOT SOFTWARE PLATFORM ETF","AOTS","AOT SOFTWARE PLATFORM ETF","NYSE"
"AOUT","AMERICAN OUTDOOR BRANDS INC","AOUT","AMERICAN OUTDOOR BRANDS INC","NASDAQ"
"AP","AMPCO-PITTSBURGH CORP","AP","AMPCO-PITTSBURGH","NYSE"
"APA","APA CORP","APA","APA CORP","NASDAQ"
"APAC","STONEBRIDGE ACQUISITION CL A","APAC","STONEBRIDGE ACQUISITION II CORPORATION CLASS A","NASDAQ"
"APACU","STONEBRIDGE ACQUISITION II C","APACU","STONEBRIDGE ACQUISITION II CORPORATION UNT","NASDAQ"
"APAD","A PARADISE ACQUISITION - A","APAD","A PARADISE ACQUISITION CORP. CLASS A","NASDAQ"
"APADU","A PARADISE ACQUISITION CORP","APADU","A PARADISE ACQUISITION CORP. UNT","NASDAQ"
"APAM","ARTISAN PARTNERS ASSET MA -A","APAM","ARTISAN PARTNERS ASSET MANAGEM","NYSE"
"APC","ARKO PETROLEUM CORP","APC","ARKO PETROLEUM CORP. CLASS A","NASDAQ"
"APCB","ACTIVEPASSIVE CORE BOND ETF","APCB","ACTIVEPASSIVE CORE BOND ETF","NYSE"
"APD","AIR PRODUCTS & CHEMICALS INC","APD","AIR PRODUCTS & CHEMICALS","NYSE"
"APEI","AMERICAN PUBLIC EDUCATION","APEI","AMERICAN PUBLIC EDUCATION","NASDAQ"
"APG","API GROUP CORP","APG","API GROUP CORP","NYSE"
"APGE","APOGEE THERAPEUTICS INC","APGE","APOGEE THERAPEUTICS, INC.","NASDAQ"
"APH","AMPHENOL CORP-CL A","APH","AMPHENOL","NYSE"
"APHU","T-REX 2X LNG APH D TARGT ETF","APHU","","BATS"
"API","AGORA INC-ADR","API","AGORA, INC. AMERICAN DEPOSITARY SHARES","NASDAQ"
"APIE","ACTIVEPASSIVE INTL EQTY ETF","APIE","ACTIVEPASSIVE INTERNATIONAL EQUITY ETF","NYSE"
"APLD","APPLIED DIGITAL CORP","APLD","APPLIED DIGITAL INC","NASDAQ"
"APLE","APPLE HOSPITALITY REIT INC","APLE","APPLE HOSPITALITY REIT INC","NYSE"
"APLM","APOLLOMICS INC","APLM","APOLLOMICS INC. CLASS A","NASDAQ"
"APLS","APELLIS PHARMACEUTICALS INC","APLS","APELLIS PHARMACEUTICALS, INC.","NASDAQ"
"APLU","ALLSPRING CORE PLUS ETF","APLU","ALLSPRING CORE PLUS ETF","NYSE"
"APLX","TRADR 2X LNG APLD DLY ETF","APLX","TRADR 2X LONG APLD DAILY ETF","BATS"
"APLY","YIELDMAX AAPL OPTION INCOME","APLY","TIDAL TRUST II YIELDMAX AAPL OPTION INCOME STRAT","NYSE"
"APLZ","TRDR 2X SH APLD DLY ETF","APLZ","TRADR 2X SHORT APLD DAILY ETF","BATS"
"APM","APTORUM GROUP LTD-CLASS A","APM","APTORUM GROUP LTD","NASDAQ"
"APO","APOLLO GLOBAL MANAGEMENT INC","APO","APOLLO GLOBAL MANAGEMENT","NYSE"
"APOC","INR EQTY DEF P ETF - 6 M A-O","APOC","INNOVATOR EQUITY DEFINED PROTECTION 6MO APR/OCT","BATS"
"APOG","APOGEE ENTERPRISES INC","APOG","APOGEE ENTERPRISES","NASDAQ"
"APOS","APOLLO GLOBAL MANAGEMENT INC","APOS","APOLLO GLOBAL MANAGEMENT INC 7.625% NTS","NYSE"
"APP","APPLOVIN CORP-CLASS A","APP","APPLOVIN CORPORATION CLASS A","NASDAQ"
"APPF","APPFOLIO INC - A","APPF","APPFOLIO, INC. CLASS A COMMON STOCK","NASDAQ"
"APPN","APPIAN CORP-A","APPN","APPIAN CORPORATION CLASS A COMMON STOCK","NASDAQ"
"APPS","DIGITAL TURBINE INC","APPS","DIGITAL TURBINE INC","NASDAQ"
"APPX","TRADR 2X LONG APP DAILY ETF","APPX","TRADR 2X LONG APP DAILY ETF","NASDAQ"
"APRB","APTUS APRIL BUFFER ETF","APRB","APTUS APR BUFFER ETF","BATS"
"APRE","APREA THERAPEUTICS INC","APRE","APREA THERAPEUTICS INC.","NASDAQ"
"APRH","INNOV PREM INC 20 BARR-APRIL","APRH","INNOVATOR PREMIUM INCOME 20 BARRIER ETF APR","BATS"
"APRJ","INNOV PREM INC 30 BARR-APRIL","APRJ","INNOVATOR PREMIUM INCOME 30 BARRIER ETF APR","BATS"
"APRP","PGIM S&P 500 BUFFER 12 ETF -","APRP","SHL TELEMEDICINE PGIM US LARGE-CAP BUFFER 12 APR","BATS"
"APRT","ALLIANZIM US EQ BFFR10 AP-US","APRT","ALLIANZIM US LARGE CAP BUFFER10 APR ETF","BATS"
"APRW","ALLINZIM US EQ BFR20 APR-USD","APRW","ALLIANZIM US LARGE CAP BUFFER20 APR","BATS"
"APRZ","TRUESHARES STR OUTCOME APRIL","APRZ","TRUST TRUESHARES STRUCTURED OUTCOME (APR) ETF","BATS"
"APT","ALPHA PRO TECH LTD","APT","ALPHA PRO TECH","NYSE_AMERICAN"
"APTV","APTIV PLC","APTV","APTIV PLC","NYSE"
"APUE","ACTIVEPASSIVE US EQUITY ETF","APUE","ACTIVEPASSIVE US EQUITY ETF","NYSE"
"APUS","APIMEDS PHARMACEUTICALS US I","APUS","APIMEDS PHARMACEUTICALS US INC","NYSE_AMERICAN"
"APVO","APTEVO THERAPEUTICS INC","APVO","APTEVO THERAPEUTICS INC","NASDAQ"
"APWC","ASIA PACIFIC WIRE & CABLE","APWC","ASIA PACIFIC WIRE & CABLE","NASDAQ"
"APXM","FT VEST US EQ MAX BUF APR","APXM","FIRST TR VIII VEST US EQUITY MAX BUFFER APR","BATS"
"APXT","APEX TREASURY CORP-CL A","APXT","APEX TREASURY CORPORATION CLASS A","NASDAQ"
"APXTU","APEX TREASURY CORP","APXTU","APEX TREASURY CORPORATION UNT","NASDAQ"
"APYX","APYX MEDICAL CORP","APYX","APYX MEDICAL CORP","NASDAQ"
"AQB","AQUABOUNTY TECHNOLOGIES","AQB","AQUABOUNTY TECHNOLOGIES, INC.","NASDAQ"
"AQEC","AQE CORE ETF","AQEC","AQE CORE ETF","BATS"
"AQLT","ISHARES MSCI GL QUA FACT ETF","AQLT","ISHARES MSCI GLOBAL QUALITY FACTOR ETF","BATS"
"AQMS","AQUA METALS INC","AQMS","AQUA METALS, INC. COMMON STOCK","NASDAQ"
"AQN","ALGONQUIN POWER & UTILITIES","AQN","ALGONQUIN POWER & ENERGY CORP","NYSE"
"AQNB","ALGONQUIN PWR & UTILITY","AQNB","ALGONQUIN POWER & UTILITIES CORP 6.2% NTS","NYSE"
"AQST","AQUESTIVE THERAPEUTICS INC","AQST","AQUESTIVE THERAPEUTICS, INC.","NASDAQ"
"AQWA","GLOBAL X CLEAN WATER ETF","AQWA","GLOBAL X CLEAN WATER ETF","NASDAQ"
"AR","ANTERO RESOURCES CORP","AR","ANTERO RESOURCES CORP","NYSE"
"ARAI","ARRIVE AI INC","ARAI","ARRIVE AI INC.","NASDAQ"
"ARAY","ACCURAY INC","ARAY","ACCURAY","NASDAQ"
"ARB","ALTSHARES MERGER ARBITRAGE","ARB","ALTSHARES MERGER ARBITRAGE ETF","NYSE"
"ARBB","ARB IOT GROUP LTD","ARBB","ARB IOT GROUP LIMITED","NASDAQ"
"ARBE","ARBE ROBOTICS LTD","ARBE","ARBE ROBOTICS LTD. ORDINARY SHARES","NASDAQ"
"ARBK","ARGO BLOCKCHAIN PLC","ARBK","ARGO BLOCKCHAIN PLC AMERICAN DEPOSITARY","NASDAQ"
"ARCB","ARCBEST CORP","ARCB","ARCBEST CORPORATION COMMON STO","NASDAQ"
"ARCC","ARES CAPITAL CORP","ARCC","ARES CAPITAL","NASDAQ"
"ARCI","ARCHIMEDES TECH SPAC PARTNER","ARCI","ARCHIMEDES TECH SPAC PARTNERS III CO. SHARE","NASDAQ"
"ARCIU","ARCHIMEDES TECH SPAC PARTNER","ARCIU","ARCHIMEDES TECH SPAC PARTNERS III CO. UNT","NASDAQ"
"ARCM","ARROW RESERVE CAP MGMT ETF","ARCM","ARROWSHARES RESERVE CAPITAL MGMT","BATS"
"ARCO","ARCOS DORADOS HOLDINGS INC-A","ARCO","ARCOS DORADOS HOLDINGS","NYSE"
"ARCT","ARCTURUS THERAPEUTICS HOLDIN","ARCT","ARCTURUS THERAPEUTICS LTD","NASDAQ"
"ARCX","TRADR 2X LONG ACHR DAILY ETF","ARCX","TRADR 2X LONG QBTS DAILY ETF ACHR DAILY ETF","BATS"
"ARDC","ARES DYNAMIC CREDIT ALL","ARDC","ARES DYNAMIC CREDIT ALLOCATION","NYSE"
"ARDT","ARDENT HEALTH INC","ARDT","ARDENT HEALTH INC","NYSE"
"ARDX","ARDELYX INC","ARDX","ARDELYX, INC. COMMON STOCK","NASDAQ"
"ARE","ALEXANDRIA REAL ESTATE EQUIT","ARE","ALEXANDRIA REAL ESTATE","NYSE"
"AREB","AMERICAN REBEL HOLDINGS INC","AREB","AMERICAN REBEL HOLDINGS, INC.","NASDAQ"
"AREC","AMERICAN RESOURCES CORP","AREC","AMERICAN RESOURCES CORPORATION CLASS A","NASDAQ"
"AREN","ARENA GROUP HOLDINGS INC-THE","AREN","ARENA GROUP HOLDINGS INC","NYSE_AMERICAN"
"ARES","ARES MANAGEMENT CORP - A","ARES","ARES MANAGEMENT LP","NYSE"
"ARGT","GLOBAL X MSCI ARGENTINA ETF","ARGT","GLOBAL X MSCI ARGENTINA 20 ETF","NYSE"
"ARGX","ARGENX SE - ADR","ARGX","ARGENX SE AMERICAN DEPOSITARY SHARES","NASDAQ"
"ARHS","ARHAUS INC","ARHS","ARHAUS, INC. CLASS A COMMON STOCK","NASDAQ"
"ARI","APOLLO COMMERCIAL REAL ESTAT","ARI","APOLLO COMMERCIAL","NYSE"
"ARIS","ARIS MINING CORP","ARIS","ARIS MINING CORP","NYSE"
"ARKB","ARK 21SHARES BITCOIN ETF","ARKB","ARK 21SHARES BITCOIN ETF","BATS"
"ARKD","ARK DIET Q1 BUFFER ETF","ARKD","ARK DIET Q1 BUFFER ETF","BATS"
"ARKF","ARK BLOCKCHAIN & FINTECH INN","ARKF","ARK FINTECH INNOVATION ETF","BATS"
"ARKG","ARK GENOMIC REVOLUTION ETF","ARKG","ARK GENOMIC REVOLUTION ETF","BATS"
"ARKK","ARK INNOVATION ETF","ARKK","ARK INNOVATION ETF","BATS"
"ARKO","ARKO CORP","ARKO","ARKO CORP. COMMON STOCK","NASDAQ"
"ARKQ","ARK AUTONOMOUS TECH & ROBOT","ARKQ","ARK AUTONOMOUS TECH & ROBOTICS ETF","BATS"
"ARKR","ARK RESTAURANTS CORP","ARKR","ARK RESTAURANTS","NASDAQ"
"ARKT","ARK DIET Q4 BUFFER ETF","ARKT","ARK ETF TRUST ARK DIET Q4 BUFFER ETF","BATS"
"ARKW","ARK NEXT GENERATION INTERNET","ARKW","ARK NEXT GENERATION INTERNET ETF","BATS"
"ARKX","ARK SPACE & DEFENSE INNOVATI","ARKX","ARK SPACE EXPLORATION & INNOVATION ETF","BATS"
"ARL","AMERICAN REALTY INVESTORS IN","ARL","AMERICAN REALTY INVESTORS","NYSE"
"ARLO","ARLO TECHNOLOGIES INC","ARLO","ARLO TECHNOLOGIES INC","NYSE"
"ARLP","ALLIANCE RESOURCE PARTNERS","ARLP","ALLIANCE RESOURCE PARTNER","NASDAQ"
"ARLU","ALLIANZIM US BF15 UNCAP APR","ARLU","ALLIANZIM US EQUITY BUFFER 15 UNCAPPED APR ETF","BATS"
"ARM","ARM HOLDINGS PLC-ADR","ARM","ARM HOLDINGS PLC ADS","NASDAQ"
"ARMG","LEVERAGE SHARES 2X ARM","ARMG","LEVERAGE SHARES 2X LONG ARM DAILY ETF","NASDAQ"
"ARMH","ARM HOLDINGS PLC ADRHEDGED","ARMH","ARM HOLDINGS PLC ADR HEDGED","NYSE"
"ARMK","ARAMARK","ARMK","ARAMARK","NYSE"
"ARMP","ARMATA PHARMACEUTICALS INC","ARMP","ARMATA PHARMACEUTICALS INC","NYSE_AMERICAN"
"ARMY","TEMA INTERNL DFNS ETF-USD IN","ARMY","TEMA INTERNATIONAL DEFENSE ETF","NASDAQ"
"AROC","ARCHROCK INC","AROC","ARCHROCK INC","NYSE"
"AROW","ARROW FINANCIAL CORP","AROW","ARROW FINANCIAL","NASDAQ"
"ARP","PMV ADAPTIVE RISK PARITY ETF","ARP","PMV ADAPTIVE RISK PARITY","NYSE"
"ARQ","ARQ INC","ARQ","ARQ, INC.","NASDAQ"
"ARQQ","ARQIT QUANTUM INC","ARQQ","ARQIT QUANTUM INC. ORDINARY SHARES","NASDAQ"
"ARQT","ARCUTIS BIOTHERAPEUTICS INC","ARQT","ARCUTIS BIOTHERAPEUTICS, INC.","NASDAQ"
"ARR","ARMOUR RESIDENTIAL REIT INC","ARR","ARMOUR RESIDENTIAL REIT INC","NYSE"
"ARRY","ARRAY TECHNOLOGIES INC","ARRY","ARRAY TECHNOLOGIES, INC. COMMON STOCK","NASDAQ"
"ARTC","ART TECHNOLOGY ACQUISIT-CL A","ARTC","ART TECHNOLOGY ACQUISITION CORP. CLASS A","NASDAQ"
"ARTCU","ART TECHNOLOGY ACQUISITION C","ARTCU","ART TECHNOLOGY ACQUISITION CORP. UNT","NASDAQ"
"ARTL","ARTELO BIOSCIENCES INC","ARTL","ARTELO BIOSCIENCES, INC. COMMON STOCK","NASDAQ"
"ARTNA","ARTESIAN RESOURCES CORP-CL A","ARTNA","ARTESIAN RESOURCE","NASDAQ"
"ARTV","ARTIVA BIOTHERAPEUTICS INC","ARTV","ARTIVA BIOTHERAPEUTICS, INC.","NASDAQ"
"ARTW","ART'S-WAY MANUFACTURING CO","ARTW","ART'S-WAY MANUFACTURING","NASDAQ"
"ARTY","ISHARES FUTURE AI & TECH ETF","ARTY","ISHARES FUTURE AI & TECH ETF","NYSE"
"ARVN","ARVINAS INC","ARVN","ARVINAS, INC. COMMON STOCK","NASDAQ"
"ARVR","FIRST TRUST INDXX METAVERSE","ARVR","FIRST TRUST INDXX METAVERSE ETF","NASDAQ"
"ARW","ARROW ELECTRONICS INC","ARW","ARROW ELECTRONICS","NYSE"
"ARWR","ARROWHEAD PHARMACEUTICALS IN","ARWR","ARROWHEAD PHARMACEUTICALS, INC.","NASDAQ"
"ARX","ACCELERANT HOLDINGS-CL A","ARX","ACCELERANT HOLDINGS INC","NYSE"
"AS","AMER SPORTS INC","AS","AMER SPORTS INC","NYSE"
"ASA","ASA GOLD AND PRECIOUS METALS","ASA","ASA GOLD AND PRECIOUS METALS L","NYSE"
"ASAN","ASANA INC - CL A","ASAN","ASANA INC","NYSE"
"ASB","ASSOCIATED BANC-CORP","ASB","ASSOCIATED BANC-CORP","NYSE"
"ASBA","ASSOCIATED BANC-CORP","ASBA","ASSOCIATED BANC CORP 6.625% NTS","NYSE"
"ASBP","ASPIRE BIOPHARMA HOLDINGS IN","ASBP","ASPIRE BIOPHARMA HOLDINGS, INC.","NASDAQ"
"ASC","ARDMORE SHIPPING CORP","ASC","ARDMORE SHIPPING CORP","NYSE"
"ASCE","ALLSPRING SMID CORE ETF","ASCE","ALLSPRING SMID CORE ETF","NYSE"
"ASCI","ABRDN INTERNAL SMALL CA ETF","ASCI","ABRDN INTERNATIONAL SMALL CAP ACTIVE ETF","NASDAQ"
"ASEA","GLOBAL X FTSE SOUTHEAST ASIA","ASEA","GLOBAL X MSCI ASEAN 40 ETF","NYSE"
"ASG","LIBERTY ALL-STAR GROWTH FD","ASG","LIBERTY ALL-STAR GROWTH COMMON","NYSE"
"ASGI","ABRDN GLOBAL INFRASTRUCTURE","ASGI","ABRDN GLOBAL INFRASTRUCTURE INCOME FUND","NYSE"
"ASGM","VIRTUS ALPASIMP GLBL MCR ETF","ASGM","VIRTUS ALPHASIMPLEX GLOBAL MACRO ETF","NYSE"
"ASGN","ASGN INC","ASGN","ON ASSIGNMENT","NYSE"
"ASH","ASHLAND INC","ASH","ASHLAND INC","NYSE"
"ASHR","XTRACKERS HARVEST CSI 300 CH","ASHR","XTRADERS HVST CSI 300","NYSE"
"ASHS","XTRACKERS HARVEST CSI 500 CH","ASHS","XTRACKERS HVST CSI 500","NYSE"
"ASIA","MATTHEWS PACIFIC TIGER ETF","ASIA","MATTHEWS PACIFIC TIGER ACTIVE ETF","NYSE"
"ASIC","ATEGRITY SPECIALTY HOLDINGS","ASIC","ATEGRITY SPECIALTY INSURANCE CO HOLDINGS","NYSE"
"ASIX","ADVANSIX INC","ASIX","ADVANSIX INC","NYSE"
"ASLE","AERSALE CORP","ASLE","AERSALE CORP","NASDAQ"
"ASM","AVINO SILVER & GOLD MINES","ASM","AVINO SILVER & GOLD MINES","NYSE_AMERICAN"
"ASMB","ASSEMBLY BIOSCIENCES INC","ASMB","ASSEMBLY BIOSCIENCES, INC. COM","NASDAQ"
"ASMF","VIRTUS AS FUTURES ETF","ASMF","VIRTUS ALPHASIMPLEX MANAGED FUTURES ETF","NYSE"
"ASMG","LEVERAGE SHARES 2X ASML","ASMG","LEVERAGE SHARES 2X LONG ASML DAILY ETF","NASDAQ"
"ASMH","ASML HOLDING NV ADRHEDGED","ASMH","ASML HOLDING NV ADR HEDGED","NYSE"
"ASML","ASML HOLDING NV-NY REG SHS","ASML","ASML HOLDING","NASDAQ"
"ASMU","DIREXIN DLY ASML BULL 2X ETF","ASMU","DIREXION DAILY ASML BULL 2X ETF","NASDAQ"
"ASND","ASCENDIS PHARMA A-S - ADR","ASND","ASCENDIS PHARMA A/S AMERICAN D","NASDAQ"
"ASO","ACADEMY SPORTS & OUTDOORS IN","ASO","ACADEMY SPORTS AND OUTDOORS, INC.","NASDAQ"
"ASPC","A SPAC III ACQUISITION-CL A","ASPC","A SPAC III ACQUISITION CORP. CLASS A","NASDAQ"
"ASPCU","A SPAC III ACQUISITION CORP","ASPCU","A SPAC III ACQUISITION CORP. UNT","NASDAQ"
"ASPI","ASP ISOTOPES INC","ASPI","ASP ISOTOPES INC.","NASDAQ"
"ASPN","ASPEN AEROGELS INC","ASPN","ASPEN AEROGELS INC","NYSE"
"ASPS","ALTISOURCE PORTFOLIO SOL","ASPS","ALTISOURCE PORTFOLIO","NASDAQ"
"ASR","GRUPO AEROPORTUARIO SUR-ADR","ASR","GRUPO AEROPORTUARIO DEL","NYSE"
"ASRT","ASSERTIO HOLDINGS INC","ASRT","ASSERTIO HOLDINGS INC","NASDAQ"
"ASRV","AMERISERV FINANCIAL INC","ASRV","AMERISERV FINANCIAL","NASDAQ"
"ASST","STRIVE INC-A","ASST","STRIVE, INC. CLASS A","NASDAQ"
"ASTC","ASTROTECH CORP","ASTC","ASTROTECH","NASDAQ"
"ASTE","ASTEC INDUSTRIES INC","ASTE","ASTEC INDUSTRIES","NASDAQ"
"ASTH","ASTRANA HEALTH INC","ASTH","ASTRANA HEALTH INC.","NASDAQ"
"ASTI","ASCENT SOLAR TECHNOLOGIES","ASTI","ASCENT SOLAR TECHNOLOGIES, INC.","NASDAQ"
"ASTL","ALGOMA STEEL GROUP INC","ASTL","ALGOMA STEEL GROUP INC. COMMON SHARES","NASDAQ"
"ASTN","DFNCE DT 2X SHORT ASTS","ASTN","","BATS"
"ASTS","AST SPACEMOBILE INC","ASTS","AST SPACEMOBILE INC","NASDAQ"
"ASTX","TRADR 2X LONG ASTS DAILY ETF","ASTX","TRADR 2X LONG ASTS DAILY ETF","BATS"
"ASUR","ASURE SOFTWARE INC","ASUR","ASURE SOFTWARE","NASDAQ"
"ASX","ASE TECHNOLOGY HOLDING -ADR","ASX","ASE TECHNOLOGY HOLDING INC","NYSE"
"ASYS","AMTECH SYSTEMS INC","ASYS","AMTECH SYSTEMS","NASDAQ"
"ATAI","ATAIBECKLEY INC","ATAI","ATAIBECKLEY INC.","NASDAQ"
"ATAT","ATOUR LIFESTYLE HOLDINGS-ADR","ATAT","ATOUR LIFESTYLE HOLDINGS LIMITED ADS","NASDAQ"
"ATCH","ATLASCLEAR HOLDINGS INC","ATCH","ATLASCLEAR HOLDINGS INC","NYSE_AMERICAN"
"ATCL","REX AUTOCALLABLE INCOME ETF","ATCL","REX AUTOCALLABLE INCOME ETF","NYSE"
"ATCX","ATLAS CRITICAL MINERALS CORP","ATCX","ATLAS CRITICAL MINERALS CORPORATION","NASDAQ"
"ATEC","ALPHATEC HOLDINGS INC","ATEC","ALPHATEC HOLDINGS","NASDAQ"
"ATEN","A10 NETWORKS INC","ATEN","A10 NETWORKS, INC","NYSE"
"ATER","ATERIAN INC","ATER","ATERIAN INC","NASDAQ"
"ATEX","ANTERIX INC","ATEX","ANTERIX INC","NASDAQ"
"ATFV","ALGER 35 ETF","ATFV","ALGER 35 ETF","NYSE"
"ATGL","ALPHA TECHNOLOGY GROUP LTD-A","ATGL","ALPHA TECHNOLOGY GROUP LIMITED CLASS A","NASDAQ"
"ATHE","ALTERITY THERAPEUTICS-ADR","ATHE","ALTERITY THERAPEUTICS LTD ADS","NASDAQ"
"ATHM","AUTOHOME INC-ADR","ATHM","AUTOHOME INC","NYSE"
"ATHR","AETHER HOLDINGS INC","ATHR","AETHER HOLDINGS, INC.","NASDAQ"
"ATHS","ATHENE HLDG LTD FIXED RATE 7.25% RE","ATHS","ATHENE HOLDING LTD. 7.250% JUNIOR SBDB 2064","NYSE"
"ATI","ATI INC","ATI","ALLEGHENY TECHNOLOGIES","NYSE"
"ATII","ARCHIMEDES TECH SPAC PARTNER","ATII","ARCHIMEDES TECH SPAC PARTNERS II CO.","NASDAQ"
"ATKR","ATKORE INC","ATKR","ATKORE INC","NYSE"
"ATLC","ATLANTICUS HOLDINGS CORP","ATLC","ATLANTICUS HOLDINGS","NASDAQ"
"ATLCL","ATLANTICUS HOLDINGS CORP","ATLCL","ATLANTICUS HC 6.125% SRNT 2026","NASDAQ"
"ATLCP","ATLANTICUS HOLDINGS CORP","ATLCP","ATLANTICUS HC 7.625% SERIES B PF PER SHARE","NASDAQ"
"ATLCZ","ATLANTICUS HOLDINGS CORP","ATLCZ","ATLANTICUS HC 9.25% SRNT 2029","NASDAQ"
"ATLN","ATLANTIC INTERNATIONAL CORP","ATLN","ATLANTIC INTERNATIONAL CORP.","NASDAQ"
"ATLO","AMES NATIONAL CORP","ATLO","AMES NATIONAL","NASDAQ"
"ATLX","ATLAS LITHIUM INC","ATLX","ATLAS LITHIUM CORPORATION","NASDAQ"
"ATMP","IPATH SELECT MLP ETN","ATMP","BARCLAYS ETN+ SELECT MLP ETN","BATS"
"ATMU","ATMUS FILTRATION TECHNOLOGIE","ATMU","ATMUS FILTRATION TECHNOLOGIES INC","NYSE"
"ATNI","ATN INTERNATIONAL INC","ATNI","ATN INTERNATIONAL, INC. COMMON STOCK","NASDAQ"
"ATNM","ACTINIUM PHARMACEUTICALS INC","ATNM","ACTINIUM PHARMACEUTICALS, INC.","NYSE_AMERICAN"
"ATO","ATMOS ENERGY CORP","ATO","ATMOS ENERGY","NYSE"
"ATOM","ATOMERA INC","ATOM","ATOMERA INCORPORATED COMMON STOCK","NASDAQ"
"ATON","ALPHATON CAPITAL CORP","ATON","ALPHATON CAPITAL CORP.","NASDAQ"
"ATOS","ATOSSA THERAPEUTICS INC","ATOS","ATOSSA THERAPEUTICS INC","NASDAQ"
"ATPC","AGAPE ATP CORP","ATPC","AGAPE ATP CORPORATION","NASDAQ"
"ATR","APTARGROUP INC","ATR","APTARGROUP","NYSE"
"ATRA","ATARA BIOTHERAPEUTICS INC","ATRA","ATARA BIOTHERAPEUTICS INC","NASDAQ"
"ATRC","ATRICURE INC","ATRC","ATRICURE","NASDAQ"
"ATRO","ASTRONICS CORP","ATRO","ASTRONICS","NASDAQ"
"ATS","ATS CORP","ATS","ATS CORPORATION","NYSE"
"ATXG","ADDENTAX GROUP CORP","ATXG","ADDENTAX GROUP CORP.","NASDAQ"
"ATYR","ATYR PHARMA INC","ATYR","ATYR PHARMA, INC.","NASDAQ"
"AU","ANGLOGOLD ASHANTI PLC","AU","ANGLOGOLD","NYSE"
"AUAU","GLOBAL X GOLD MINERS ETF","AUAU","GLOBAL X GOLD MINERS ETF","NYSE"
"AUB","ATLANTIC UNION BANKSHARES CO","AUB","ATLANTIC UNION BANKSHARES CORP","NYSE"
"AUBN","AUBURN NATL BANCORPORATION","AUBN","AUBURN NATIONAL BANCORP","NASDAQ"
"AUDC","AUDIOCODES LTD","AUDC","AUDIOCODES","NASDAQ"
"AUGM","FT VEST US EQ MAX BUF AUG","AUGM","FIRST TR VIII VEST US EQUITY MAX BUFFER AUG","BATS"
"AUGO","AURA MINERALS INC","AUGO","AURA MINERALS INC.","NASDAQ"
"AUGT","ALLIANZIM US EQ BFFR10 AG-US","AUGT","ALLIANZIM US LARGE CAP BUFFER10 AUG ETF","BATS"
"AUGU","ALLIANZIM US BF15 UNCAP AUG","AUGU","ALLIANZIM US EQUITY BUFFER15 UNCAPPED AUG ETF","BATS"
"AUGW","ALIANZIM US EQ BFR20 AUG-USD","AUGW","ALLIANZIM US LARGE CAP BUFFER20 AUG ETF","BATS"
"AUGZ","TS STR OUTCOME AUG ETF","AUGZ","TRUESHARES STRUCTURED OUTCOME (AUG) ETF","BATS"
"AUID","AUTHID INC","AUID","IPSIDY INC. COMMON STOCK","NASDAQ"
"AUMI","THEMES GOLD MINERS ETF","AUMI","THEMES GOLD MINERS ETF","NASDAQ"
"AUNA","AUNA SA-CLASS A","AUNA","AUNA SA","NYSE"
"AUPH","AURINIA PHARMACEUTICALS INC","AUPH","AURINIA PHARMACEUTICALS INC OR","NASDAQ"
"AUR","AURORA INNOVATION INC","AUR","AURORA INNOVATION, INC. CLASS A","NASDAQ"
"AURA","AURA BIOSCIENCES INC","AURA","AURA BIOSCIENCES, INC. COMMON STOCK","NASDAQ"
"AURE","AURELION INC","AURE","AURELION INC. CLASS A","NASDAQ"
"AUSF","GLOBAL X ADAPTIVE US FACTOR","AUSF","GLOBAL X ADAPTIVE US FACTOR ETF","NYSE"
"AUST","AUSTIN GOLD CORP","AUST","AUSTIN GOLD CORP","NYSE_AMERICAN"
"AUTL","AUTOLUS THERAPEUTICS PLC","AUTL","AUTOLUS THERAPEUTICS PLC ADS","NASDAQ"
"AUUD","AUDDIA INC","AUUD","AUDDIA INC. COMMON STOCK","NASDAQ"
"AVA","AVISTA CORP","AVA","AVISTA","NYSE"
"AVAH","AVEANNA HEALTHCARE HOLDINGS","AVAH","AVEANNA HEALTHCARE HOLDINGS, INC.","NASDAQ"
"AVAL","GRUPO AVAL ACCIONES Y VALORE","AVAL","GRUPO AVAL ACCIONES Y VALORES","NYSE"
"AVAV","AEROVIRONMENT INC","AVAV","AEROVIRONMENT","NASDAQ"
"AVB","AVALONBAY COMMUNITIES INC","AVB","AVALONBAY COMMUNITIES","NYSE"
"AVBC","AVIDIA BANCORP INC","AVBC","AVIDA BANCORP INC","NYSE"
"AVBH","AVIDBANK HOLDINGS INC","AVBH","AVIDBANK HOLDINGS, INC.","NASDAQ"
"AVBP","ARRIVENT BIOPHARMA INC","AVBP","ARRIVENT BIOPHARMA, INC.","NASDAQ"
"AVD","AMERICAN VANGUARD CORP","AVD","AMERICAN VANGUARD","NYSE"
"AVDE","AVANTIS INTERNATIONAL EQUITY","AVDE","ADVANTIS INTERNATIONAL EQUITY ETF","NYSE"
"AVDS","AVANTIS INTL SM CAP EQ ETF","AVDS","AVANTIS INT'L SMALL CAP EQUITY ETF","NYSE"
"AVDV","AVANTIS INTL S-C VALUE ETF","AVDV","AVANTIS INTERNATIONAL SMALL CAP VALUE ETF","NYSE"
"AVEE","AVANTIS EM MKT SM CAP EQ ETF","AVEE","AVANTIS EMERGING MARKETS SMALL CAP EQUITY ETF","NYSE"
"AVEM","AVANTIS EMERGING MARKETS EQ","AVEM","AVANTIS EMERGING MARKETS EQUITY ETF","NYSE"
"AVES","AVANTIS EMERGING MARKETS VAL","AVES","AVANTIS EMERGING MARKETS VALUE ETF","NYSE"
"AVGB","AVANTIS CREDIT ETF","AVGB","AVANTIS CREDIT ETF","NASDAQ"
"AVGE","AVANTIS ALL EQTY MRKTS ETF","AVGE","AVANTIS ALL EQUITY MARKETS ETF","NYSE"
"AVGG","LEVERAGE SHARES 2X AVGO","AVGG","LEVERAGE SHARES 2X LONG AVGO DAILY ETF","NASDAQ"
"AVGO","BROADCOM INC","AVGO","BROADCOM LIMITED ORDINARY SHARES","NASDAQ"
"AVGU","GRANITE 2X LONG AVGO ETF","AVGU","GRANITESHARES 2X LONG AVGO DAILY ETF","NASDAQ"
"AVGV","AVANTIS ALL EQ MKTS VAL ETF","AVGV","AVANTIS ALL EQUITY MARKETS VALUE ETF","NYSE"
"AVGW","ROUNDHILL AVGO WEEKLYPAY ETF","AVGW","ROUNDHILL ETF TRUST ROUNDHILL AVGO WEEKLYPAY ETF","BATS"
"AVGX","DEFIANCE DLY TRG 2X LNG AVGO","AVGX","DEFIANCE DAILY TARGET 2X LONG AVGO ETF","NASDAQ"
"AVIE","AVANTIS INFLATION FOC EQ ETF","AVIE","AVANTIS INFLATION FOCUSED EQUITY ETF","NYSE"
"AVIG","AVANTIS CORE FIXED INCOME","AVIG","AVANTIS CORE FIXED INCOME ETF","NYSE"
"AVIR","ATEA PHARMACEUTICALS INC","AVIR","ATEA PHARMACEUTICALS, INC. COMMON STOCK","NASDAQ"
"AVIV","AVANTIS INT LRG CAP VAL ETF","AVIV","AVANTIS INTERNATIONAL LARGE CAP VALUE ETF","NYSE"
"AVK","ADVENT CONVERT & INCOME","AVK","ADVENT CONVERTIBLE AND INCOME FUND","NYSE"
"AVL","DIREX DAI AV BULL 2X ETF-USD","AVL","DIREXION DAILY AVGO BULL 2X ETF","NASDAQ"
"AVLC","AVANTIS US LG CAP EQ ETF","AVLC","AVANTIS US LARGE CAP EQUITY ETF","NYSE"
"AVLV","AVANTIS US LARGE CAP VALUE","AVLV","AVANTIS US LARGE CAP VALUE ETF","NYSE"
"AVMA","AVANTIS MOD ALLOC ETF","AVMA","AVANTIS MODERATE ALLOCATION ETF","NYSE"
"AVMC","AVANTIS US MID CAP EQ ETF","AVMC","AVANTIS US MID CAP EQUITY ETF","NYSE"
"AVMU","AVANTIS CORE MUNICIPAL FIXED","AVMU","AVANTIS CORE MUNICIPAL FIXED INCOME ETF","NYSE"
"AVMV","AVANTIS US MID CAP VAL ETF","AVMV","AVANTIS US MID CAP VALUE ETF","NYSE"
"AVNM","AVANTIS ALL INTL MKTS EQ ETF","AVNM","AVANTIS ALL INTL MARKETS EQUITY ETF","NYSE"
"AVNS","AVANOS MEDICAL INC","AVNS","AVANOS MEDICAL INC","NYSE"
"AVNT","AVIENT CORP","AVNT","AVIENT CORP","NYSE"
"AVNV","AVANTIS ALL INTL MKT VAL ETF","AVNV","AVANTIS ALL INTL MARKETS VALUE ETF","NYSE"
"AVNW","AVIAT NETWORKS INC","AVNW","AVIAT NETWORKS","NASDAQ"
"AVO","MISSION PRODUCE INC","AVO","MISSION PRODUCE, INC. COMMON STOCK","NASDAQ"
"AVOS","AVOS GLOBAL EQUITIES ETF","AVOS","AVOS GLOBAL EQUITIES ETF","NASDAQ"
"AVPT","AVEPOINT INC","AVPT","AVEPOINT INC","NASDAQ"
"AVR","ANTERIS TECHNOLOGIES GLOBAL","AVR","ANTERIS TECHNOLOGIES GLOBAL CORP.","NASDAQ"
"AVRE","AVANTIS REAL ESTATE ETF","AVRE","AVANTIS REAL ESTATE ETF","NYSE"
"AVRY","AVORY FOUNDATIONAL ETF","AVRY","AVORY FOUNDATIONAL ETF","BATS"
"AVS","DIRE DLY AVGO BEA 1X ETF-USD","AVS","DIREXION DAILY AVGO BEAR 1X ETF","NASDAQ"
"AVSC","AVANTIS US SMALL CAP EQUITY","AVSC","AMERICAN CENTURY TRUST AVANTIS U.S SMALL CAP","NYSE"
"AVSD","AVANTIS REPS INTERN EQUI ETF","AVSD","AMERICAN CENTURY TRUST AVANTIS RESPONSIBLE INTL","NYSE"
"AVSE","AVANTIS RESP EMERG MKTS EQ-E","AVSE","AMERICAN CENTURY TRUST AVANTIS RESPONSIBLE EM","NYSE"
"AVSF","AVANTIS SHORT-TERM FIXED INC","AVSF","AVANTIS SHORT-TERM FIXED INCOME ETF","NYSE"
"AVSU","AVANTIS RESP US EQUITY ETF","AVSU","AVANTIS RESPONSIBLE US EQUITY ETF","NYSE"
"AVT","AVNET INC","AVT","AVNET","NASDAQ"
"AVTM","AVANTIS TOTAL EQUITY ETF","AVTM","AVANTIS TOTAL EQUITY MARKETS ETF","NYSE"
"AVTR","AVANTOR INC","AVTR","AVANTOR INC","NYSE"
"AVTX","AVALO THERAPEUTICS INC","AVTX","AVALO THERAPEUTICS, INC. COMMON STOCK","NASDAQ"
"AVUQ","AVANTIS US QUALITY EQ ETF","AVUQ","AVANTIS U.S. QUALITY ETF","NASDAQ"
"AVUS","AVANTIS U.S. EQUITY ETF","AVUS","AVANTIS US EQUITY ETF","NYSE"
"AVUV","AVANTIS US SMALL CAP VALUE","AVUV","AVANTIS US SMALL CAP VALUE ETF","NYSE"
"AVX","AVAX ONE TECHNOLOGY LTD","AVX","AVAX ONE TECHNOLOGY LTD.","NASDAQ"
"AVXC","AVANTIS EMG MKT EX CHINA ETF","AVXC","AVANTIS EMERGING MARKETS EX-CHINA EQUITY ETF","NASDAQ"
"AVXL","ANAVEX LIFE SCIENCES CORP","AVXL","ANAVEX LIFE SCIENCES CORP. COMMON STOCK","NASDAQ"
"AVXX","DFNCE DLY TGT 2X LG AVAV ETF","AVXX","DEFIANCE DAILY TARGET 2X LONG AVAV ETF","NASDAQ"
"AVY","AVERY DENNISON CORP","AVY","AVERY DENNISON","NYSE"
"AWAY","AMPLIFY TRAVEL TECH ETF","AWAY","AMPLIFY TRAVEL TECH ETF","NYSE"
"AWF","ALLIANCEBERNSTEIN GL HI INC","AWF","ALLIANCEBERNSTEIN GLB HIGH INC","NYSE"
"AWI","ARMSTRONG WORLD INDUSTRIES","AWI","ARMSTRONG WORLD INDSTRIES","NYSE"
"AWK","AMERICAN WATER WORKS CO INC","AWK","AMERICAN WATER WORKS","NYSE"
"AWP","ABRDN GLOBAL PREMIER PROPERT","AWP","ABRDN GLOBAL PREMIER PROPERTIES FUND","NYSE"
"AWR","AMERICAN STATES WATER CO","AWR","AMERICAN STATES WATER","NYSE"
"AWRE","AWARE INC-MASS","AWRE","AWARE","NASDAQ"
"AWX","AVALON HOLDINGS CORP-A","AWX","AVALON HOLDINGS","NYSE_AMERICAN"
"AX","AXOS FINANCIAL INC","AX","AXOS FINANCIAL INC","NYSE"
"AXG","SOLOWIN HOLDINGS-CL A","AXG","SOLOWIN HOLDINGS CLASS A","NASDAQ"
"AXGN","AXOGEN INC","AXGN","AXOGEN, INC. COMMON STOCK","NASDAQ"
"AXIA","AXIA ENERGIA-ADR PREF","AXIA","AXIA ENERGIA NEW SECURITY","NYSE"
"AXIL","AXIL BRANDS INC","AXIL","AXIL BRANDS INC","NYSE_AMERICAN"
"AXIN","AXIOM INTELLIGENCE-CL A","AXIN","AXIOM INTELLIGENCE ACQUISITION CORP 1 CLASS A","NASDAQ"
"AXINU","AXIOM INTELLIGENCE ACQUISITI","AXINU","AXIOM INTELLIGENCE ACQUISITION CORP 1 UNT","NASDAQ"
"AXON","AXON ENTERPRISE INC","AXON","AXON ENTERPRISE INC","NASDAQ"
"AXP","AMERICAN EXPRESS CO","AXP","AMERICAN EXPRESS","NYSE"
"AXPG","LEVERAGE SHARES 2X AXP","AXPG","LEVERAGE SHARES 2X LONG AXP DAILY ETF","NASDAQ"
"AXR","AMREP CORP","AXR","AMREP","NYSE"
"AXS","AXIS CAPITAL HOLDINGS LTD","AXS","AXIS CAPITAL HOLDINGS","NYSE"
"AXSM","AXSOME THERAPEUTICS INC","AXSM","AXSOME THERAPEUTICS, INC. COMMON STOCK","NASDAQ"
"AXTA","AXALTA COATING SYSTEMS LTD","AXTA","AXALTA COATING SYSTEMS LTD","NYSE"
"AXTI","AXT INC","AXTI","AXT","NASDAQ"
"AYI","ACUITY INC","AYI","ACUITY INC","NYSE"
"AYTU","AYTU BIOPHARMA INC","AYTU","AYTU BIOPHARMA INC","NASDAQ"
"AZ","A2Z CUST2MATE SOLUTIONS CORP","AZ","A2Z SMART TECHNOLOGIES CORP.","NASDAQ"
"AZI","AUTOZI INTERNET TECHNOLOGY G","AZI","AUTOZI INTERNET TECHNOLOGY (GLOBAL) LTD. CLASS A","NASDAQ"
"AZN","ASTRAZENECA PLC","AZN","ASTRAZENECA","NYSE"
"AZO","AUTOZONE INC","AZO","AUTOZONE","NYSE"
"AZTA","AZENTA INC","AZTA","AZENTA, INC.","NASDAQ"
"AZTD","AZTLAN GLB STPCL SEL DM SMID","AZTD","TIDAL TRUST AZTLAN GLOBAL STOCK SELECTION DM SMID","NYSE"
"AZTR","AZITRA INC","AZTR","AZITRA INC","NYSE_AMERICAN"
"AZYY","GRANITE YIELDBOOST AMZN ETF","AZYY","GRANITESHARES YIELDBOOST AMZN ETF","NASDAQ"
"AZZ","AZZ INC","AZZ","AZZ INC","NYSE"
"B","BARRICK MINING CORP","B","BARRICK MINING CORP","NYSE"
"BA","BOEING CO-THE","BA","BOEING","NYSE"
"BAB","INVESCO TAXABLE MUNICIPAL BO","BAB","INVESCO MUNICIPAL BOND PORTFOLIO","NYSE"
"BABA","ALIBABA GROUP HOLDING-SP ADR","BABA","ALIBABA GROUP HOLDING LIMITED","NYSE"
"BABO","YIELDMAX BABA OPT INC ST ETF","BABO","YIELDMAX BABA OPTION INCOME STRATEGY ETF","NYSE"
"BABU","DIREXION DAILY BABA BULL 2X","BABU","DIREXION DAILY BABA BULL 2X ETF","NASDAQ"
"BABX","GRANITESH 2XLNG BABA ETF-USD","BABX","GRANITESHARES 1.75X LONG BABA DAILY ETF","NASDAQ"
"BAC","BANK OF AMERICA CORP","BAC","BANK OF AMERICA CORPORATION","NYSE"
"BACC","BLUE ACQUISITION CORP-CL A","BACC","BLUE ACQUISITION CORP. CLASS A","NASDAQ"
"BACCU","BLUE ACQUISITION CORP","BACCU","BLUE ACQUISITION CORP. UNT","NASDAQ"
"BAER","BRIDGER AEROSPACE GROUP HOLD","BAER","BRIDGER AEROSPACE GROUP HOLDINGS, INC.","NASDAQ"
"BAFE","BROWN FLEX EQUITY ETF","BAFE","BROWN ADVISORY FLEXIBLE EQUITY ETF","NASDAQ"
"BAFN","BAYFIRST FINANCIAL CORP","BAFN","BAYFIRST FINANCIAL CORP. COMMON STOCK","NASDAQ"
"BAGY","AMPLIFY BITCOIN MAX INC ETF","BAGY","AMPLIFY BITCOIN MAX INCOME COVERED CALL ETF","BATS"
"BAH","BOOZ ALLEN HAMILTON HOLDINGS","BAH","BOOZ ALLEN HAMILTON","NYSE"
"BAI","ISHRS AI IN AND TECH ACT ETF","BAI","ISHARES AI INNOVATION AND TECH ACTIVE ETF","NYSE"
"BAIG","LEVERAGE SHARES 2X BBAI","BAIG","LEVERAGE SHARES 2X LONG BBAI DAILY ETF","NASDAQ"
"BAIV","BRWN ADVSRY INTRNTNL V S ETF","BAIV","BROWN ADVISORY INTERNATIONAL VALUE SELECT ETF","NASDAQ"
"BAK","BRASKEM SA-CLASS A- ADR","BAK","BRASKEM SA","NYSE"
"BALI","IS US LRG CP PRE INC ACT-USD","BALI","BLACKROCK ADVANTAGE LARGE CAP INCOME","BATS"
"BALL","BALL CORP","BALL","BALL CORP","NYSE"
"BALQ","ISHRS NSDQ PREM INC ACTV ETF","BALQ","ISHARES NASDAQ PREMIUM INCOME ACTIVE ETF","NASDAQ"
"BALT","INN DEFINED WEALTH SHIELD","BALT","INNOVATOR DEFINED WEALTH SHIELD ETF","BATS"
"BALY","BALLY'S CORP","BALY","BALLY'S CORP","NYSE"
"BAM","BROOKFIELD ASSET MGMT-A","BAM","BROOKFIELD ASSET MANAGEMENT INC CLASS A","NYSE"
"BAMA","BROOKSTONE ACTIVE ETF","BAMA","BROOKSTONE INTERMEDIATE BOND BROOKSTONE ACTIVE","BATS"
"BAMD","BROOKSTONE DIV STOCK ETF","BAMD","BROOKSTONE INTERMEDIATE BOND BROOKSTONE DIV STOCK","BATS"
"BAMG","BROOKSTONE GROWTH STOCK ETF","BAMG","BROOKSTONE GROWTH STOCK","BATS"
"BAMO","BROOKSTONE OPPORTUNITIES ETF","BAMO","BROOKSTONE INTERMEDIATE BOND BROOKSTONE OPPTY","BATS"
"BAMV","BROOKSTONE VALUE STOCK ETF","BAMV","BROOKSTONE VALUE STOCK","BATS"
"BAMY","BROOKSTONE YIELD ETF","BAMY","BROOKSTONE INTERMEDIATE BOND BROOKSTONE YIELD","BATS"
"BANC","BANC OF CALIFORNIA INC","BANC","BANC OF CALIFORNIA, INC. COMMO","NYSE"
"BAND","BANDWIDTH INC-CLASS A","BAND","BANDWIDTH INC. CLASS A COMMON STOCK","NASDAQ"
"BANF","BANCFIRST CORP","BANF","BANCFIRST","NASDAQ"
"BANFP","BFC CAPITAL TRUST II, 7.20% CUMUL TRUST PREFERRED SECURITIES","BANFP","BFC CAPITAL TRUST II","NASDAQ"
"BANL","CBL INTERNATIONAL LTD-B","BANL","CBL INTERNATIONAL LIMITED CLASS B","NASDAQ"
"BANR","BANNER CORP","BANR","BANNER","NASDAQ"
"BANX","ARROWMARK FINANCIAL CORP","BANX","ARROWMARK FINANCIAL CORP","NASDAQ"
"BAOS","BAOSHENG MEDIA GROUP HOLDING","BAOS","BAOSHENG MEDIA GROUP HOLDINGS LIMITED","NASDAQ"
"BAP","CREDICORP LTD","BAP","CREDICORP","NYSE"
"BAPR","INNOVATOR U.S. EQUITY BUFFER","BAPR","INNOVATOR S&P 500 BUFFER ETF - APRIL","BATS"
"BAR","GRANITESHARES GOLD TRUST","BAR","GRANITESHARES GOLD ETF","NYSE"
"BARK","BARK INC","BARK","ORIGINAL BARK CO","NYSE"
"BASG","BROWN ADVISO SUSTAIN GRO ETF","BASG","BROWN ADVISORY SUSTAINABLE GROWTH ETF","NASDAQ"
"BASV","BROWN ADVISORY SV ETF","BASV","BROWN ADVISORY SUSTAINABLE VALUE ETF","NASDAQ"
"BATL","BATTALION OIL CORP","BATL","BATTALION OIL CORP","NYSE_AMERICAN"
"BATRA","ATLANTA BRAVES HOLDINGS IN-A","BATRA","LIBERTY MEDIA CORP SERIES A LBTY BRAVES","NASDAQ"
"BATRK","ATLANTA BRAVES HOLDINGS IN-C","BATRK","LIBERTY MEDIA CORP SERIES C LBTY BRAVES","NASDAQ"
"BATT","AMPLIFY LITHIUM & BATTERY TECH","BATT","AMPLIFY LITHIUM & BATTERY TECHNOLOGY ETF","NYSE"
"BAUG","INNOVATOR U.S. EQUITY BUFFER","BAUG","INNOVATOR S&P 500 BUFFER ETF - AUGUST","BATS"
"BAX","BAXTER INTERNATIONAL INC.","BAX","BAXTER INTERNATIONAL","NYSE"
"BAYA","BAYVIEW ACQUISITION CORP-A","BAYA","BAYVIEW ACQUISITION CORP CLASS A","NASDAQ"
"BB","BLACKBERRY LTD","BB","BLACKBERRY LIMITED COMMON STOC","NYSE"
"BBAG","JPMORGAN BETABUILDERS US AGG","BBAG","JPMORGAN BETABUILDERS U.S. AGGREGATE BOND ETF","BATS"
"BBAI","BIGBEAR.AI HOLDINGS INC","BBAI","BIGBEAR AI INC","NYSE"
"BBAR","BBVA ARGENTINA SA-ADR","BBAR","BANCO BBVA ARGENTINA SA","NYSE"
"BBAX","JPMORGAN BETABUILDERS DEVELO","BBAX","JP MORGAN BETABUILDERS DEVELOPED ASIA EX JAPAN ETF","BATS"
"BBB","CYBER HORNET S&P 500 AND BIT","BBB","CYBER HORNET S&P 500 AND BITCOIN 75/25 STRATEGY ET","NASDAQ"
"BBBY","BED BATH & BEYOND INC","BBBY","BED BATH & BEYOND INC","NYSE"
"BBC","VIRTUS BIOTECH CLINICAL TRIA","BBC","VIRTUS BIOTECH CLINICAL TRIALS ETF","NYSE"
"BBCA","JPMORGAN BETABUILDERS CANADA","BBCA","JP MORGAN BETABUILDERS CANADA ETF","BATS"
"BBCB","JPMORGAN BETABUILDERS USD IN","BBCB","JPMORGAN BETABUILDERS USD INVESTMENT GRADE CRP BND","BATS"
"BBCP","CONCRETE PUMPING HOLDINGS IN","BBCP","CONCRETE PUMPING HOLDINGS, INC.","NASDAQ"
"BBCQ","BLEICHROEDER ACQUIS II-CL A","BBCQ","BLEICHROEDER ACQUISITION CORP. II CLASS A","NASDAQ"
"BBCQU","BLEICHROEDER ACQUISITION COR","BBCQU","BLEICHROEDER ACQUISITION CORP. II UNT","NASDAQ"
"BBD","BANCO BRADESCO-ADR","BBD","BANK BRADESCO","NYSE"
"BBDC","BARINGS BDC INC","BBDC","BARINGS BDC INC","NYSE"
"BBDO","BANCO BRADESCO-ADR","BBDO","BANCO BRADESCO SA ADS","NYSE"
"BBEM","JPMORGAN BETABUILDERS EM EQT","BBEM","JPMORGAN BETABUILDERS EMERGING MARKETS EQUITY ETF","BATS"
"BBEU","JPMORGAN BETABUILDERS EUROPE","BBEU","JP MORGAN BETABUILDERS EUROPE ETF","BATS"
"BBGI","BEASLEY BROADCAST GRP INC -A","BBGI","BEASLEY BROADCAST GRP","NASDAQ"
"BBH","VANECK BIOTECH ETF","BBH","VAN ECK BIOTECH ETF","NASDAQ"
"BBHL","BBH SELECT LARGE CAP ETF","BBHL","BBH SELECT LARGE CAP ETF","NYSE"
"BBHM","BBH SELECT MID CAP ETF","BBHM","BBH SELECT MID CAP ETF","NYSE"
"BBHY","JPMORGAN BETABUILDERS USD HI","BBHY","JPMORGAN BETABUILDERS USD HIGH YIELD CRP BND ETF","BATS"
"BBIN","JPM BETABUILDERS INTL EQTY","BBIN","JPMORGAN BETABUILDERS INTL EQUITY ETF","BATS"
"BBIO","BRIDGEBIO PHARMA INC","BBIO","BRIDGEBIO PHARMA INC","NASDAQ"
"BBJP","JPMORGAN BETABUILDERS JAPAN","BBJP","JP MORGAN BETABUILDERS JAPAN ETF","BATS"
"BBLB","JPM BETA US TR 20+ YR ETF","BBLB","JPMORGAN BETABUILDERS U.S. TBND 20+ YEAR ETF","BATS"
"BBLG","BONE BIOLOGICS CORP","BBLG","BONE BIOLOGICS CORP COMMON STOCK","NASDAQ"
"BBLU","EA BRIDGEWAY BLUE CHIP ETF","BBLU","EA SERIES TRUST EA BRIDGEWAY BLUE CHIP ETF","NYSE"
"BBMC","JPM BETABUILDERS US MID CAP","BBMC","JPMORGAN BETABUILDERS U.S. MID CAP EQUITY ETF","BATS"
"BBN","BLACKROCK TAXABLE MUNI BND","BBN","BLACKROCK TAXABLE MUNI BOND TRUST","NYSE"
"BBNX","BETA BIONICS INC","BBNX","BETA BIONICS, INC.","NASDAQ"
"BBOT","BRIDGEBIO ONCOLOGY THERAPEUT","BBOT","BRIDGEBIO ONCOLOGY THERAPEUTICS, INC.","NASDAQ"
"BBP","VIRTUS BIOTECH ETF-USD INC","BBP","VIRTUS BIOTECH ETF","NYSE"
"BBRE","JPM BETABLDRS MSCI US REIT","BBRE","JP MORGAN BETABUILDERS MSCI US REIT ETF","BATS"
"BBSB","JPM BETA US TR 1-3 YR ETF","BBSB","JPMORGAN BETABUILDERS U.S. TBND 1-3 YEAR ETF","BATS"
"BBSC","JPMORGAN BETABUILDERS US SC","BBSC","JPMORGAN BETABUILDERS U.S. SMALL CAP EQUITY ETF","BATS"
"BBSI","BARRETT BUSINESS SVCS INC","BBSI","BARRETT BUSINESS SERVICES","NASDAQ"
"BBT","BEACON FINANCIAL CORP","BBT","BEACON FINANCIAL CORP","NYSE"
"BBUC","BROOKFIELD BUSINESS CORP-A","BBUC","BROOKFIELD BUSINESS CORP","NYSE"
"BBUS","JPMORGAN BETABUILDERS US EQU","BBUS","JPMORGAN BETABUILDERS US EQUITY ETF","BATS"
"BBVA","BANCO BILBAO VIZCAYA-SP ADR","BBVA","BANCO BILBAO VIZCAYA","NYSE"
"BBW","BUILD-A-BEAR WORKSHOP INC","BBW","BUILD-A-BEAR WORKSHOP","NYSE"
"BBWI","BATH & BODY WORKS INC","BBWI","BATH & BODY WORKS INC","NYSE"
"BBY","BEST BUY CO INC","BBY","BEST BUY","NYSE"
"BBYY","GRANITE YBST BABA ETF","BBYY","GRANITESHARES YIELDBOOST BABA ETF","NASDAQ"
"BC","BRUNSWICK CORP","BC","BRUNSWICK","NYSE"
"BCAB","BIOATLA INC","BCAB","BIOATLA, INC. COMMON STOCK","NASDAQ"
"BCAL","CALIFORNIA BANCORP","BCAL","SOUTHERN CALIFORNIA BANCORP","NASDAQ"
"BCAR","D. BORAL ARC ACQUISIT - CL A","BCAR","D. BORAL ARC ACQUISITION I CORP. CLASS A","NASDAQ"
"BCARU","D BORAL ARC ACQUISITION I CO","BCARU","D. BORAL ARC ACQUISITION I CORP. UNT","NASDAQ"
"BCAT","BLACKROCK CAPITAL ALLOC TR","BCAT","BLACKROCK CAPITAL ALLOCATION TRUST","NYSE"
"BCAX","BICARA THERAPEUTICS INC","BCAX","BICARA THERAPEUTICS INC.","NASDAQ"
"BCBP","BCB BANCORP INC","BCBP","BCB BANCORP","NASDAQ"
"BCC","BOISE CASCADE CO","BCC","BOISE CASCADE LLC","NYSE"
"BCCC","GLOBAL X BITCOIN CC ETF","BCCC","GLOBAL X BITCOIN COVERED CALL ETF","BATS"
"BCD","ABRDN BLOOMBERG ALL COMMODIT","BCD","ABRDN BLOOMBERG ALL COMMODITY LONGER DATED STRAT","NYSE"
"BCDA","BIOCARDIA INC","BCDA","BIOCARDIA, INC. COMMON STOCK","NASDAQ"
"BCDF","HORIZON KIN BLOCKCHAIN DEV","BCDF","HORIZON KINETICS BLOCKCHAIN DEVELOPMENT ETF","NYSE"
"BCE","BCE INC","BCE","BCE","NYSE"
"BCFN","BARON FINANCIALS ETF","BCFN","BARON FINANCIALS ETF","NASDAQ"
"BCG","BINAH CAPITAL GROUP INC","BCG","BINAH CAPITAL GROUP, INC.","NASDAQ"
"BCGD","BARON GLOBAL DURABLE ADV ETF","BCGD","BARON GLOBAL DURABLE ADVANTAGE ETF","NYSE"
"BCH","BANCO DE CHILE-ADR","BCH","BANCO DE CHILE","NYSE"
"BCHI","GMO BEYOND CHINA ETF","BCHI","GMO BEYOND CHINA ETF","NYSE"
"BCHP","PRINCIPAL FOC BLUE CHIP ETF","BCHP","PRINCIPAL ETF PRINCIPAL FOCUSED BLUE CHIP ETF","BATS"
"BCHT","BIRCHTECH CORP","BCHT","BIRCHTECH CORP.","NYSE_AMERICAN"
"BCI","ABRDN BLOOMBERG ALL COMMODIT","BCI","ABRDN BLOOMBERG ALL MMODITY STRATEGY K-1 FREE","NYSE"
"BCIC","BCP INVESTMENT CORP","BCIC","BCP INVESTMENT CORPORATION","NASDAQ"
"BCIL","BANCREEK INTERL LARG ETF","BCIL","BANCREEK INTERNATIONAL LARGE CAP ETF","NYSE"
"BCLO","ISHARES BBB-B CLO ACTIVE ETF","BCLO","ISHARES BBB-B CLO ACTIVE ETF","NASDAQ"
"BCML","BAYCOM CORP","BCML","BAYCOM CORP COMMON STOCK","NASDAQ"
"BCO","BRINK'S CO-THE","BCO","BRINK'S COMPANY","NYSE"
"BCOR","GS BITCOIN ADOPTERS ETF","BCOR","GRAYSCALE BITCOIN ADOPTERS ETF","NYSE"
"BCPC","BALCHEM CORP","BCPC","BALCHEM","NASDAQ"
"BCPL","BNY MELLON CORE PLUS ETF","BCPL","BNY MELLON CORE PLUS ETF","NYSE"
"BCRX","BIOCRYST PHARMACEUTICALS INC","BCRX","BIOCRYST PHARMACEUTICALS","NASDAQ"
"BCS","BARCLAYS PLC-SPONS ADR","BCS","BARCLAYS","NYSE"
"BCSF","BAIN CAPITAL SPECIALTY FINAN","BCSF","BAIN CAPITAL SPECIALTY FINANCE INC","NYSE"
"BCSM","BARON SMID CAP ETF","BCSM","BARON SMID CAP ETF","NYSE"
"BCSS","BAIN CAPITAL GSS INV- A","BCSS","BAIN CAPITAL GSS INVESTMENT CORP","NYSE"
"BCTK","BARON TECHNOLOGY ETF","BCTK","BARON TECHNOLOGY ETF","NASDAQ"
"BCTX","BRIACELL THERAPEUTICS CORP","BCTX","BRIACELL THERAPEUTICS CORP.","NASDAQ"
"BCUS","BANCREEK U.S. LARGE CAP ETF","BCUS","BANCREEK US LARGE CAP ETF","NYSE"
"BCV","BANCROFT FUND LTD","BCV","BANCROFT FUND","NYSE_AMERICAN"
"BCX","BLACKROCK RESOURCES & COMMOD","BCX","BLACKROCK RESOURCES & COMMDTY","NYSE"
"BCYC","BICYCLE THERAPEUTICS PLC-ADR","BCYC","BICYCLE THERAPEUTICS LTD","NASDAQ"
"BDBT","BLUEMONTE CORE BOND ETF","BDBT","BLUEMONTE CORE BOND ETF","NYSE"
"BDC","BELDEN INC","BDC","BELDEN","NYSE"
"BDCI","BTC DEVELOPMENT CORP-CL A","BDCI","BTC DEVELOPMENT CORP. CLASS A","NASDAQ"
"BDCIU","BTC DEVELOPMENT CORP","BDCIU","BTC DEVELOPMENT CORP. UNT","NASDAQ"
"BDCX","ETRACS QUARTERLY PAY 1.5X LE","BDCX","ETRACS QUARTERLY PAY 1.5X LVRGD MVIS BDC 6/10/50","NYSE"
"BDCZ","ETRACS MARKETVECTOR BUSINESS","BDCZ","ETRACS MVIS BUS DEV COS INDEX ETN","NYSE"
"BDEC","INNOVATOR U.S. EQUITY BUFFER","BDEC","INNOVATOR S&P 500 BUFFER ETF - DEC","BATS"
"BDGS","BRIDGES CAPITAL TACT ETF","BDGS","BRIDGES CAPITAL TACTICAL ETF","NASDAQ"
"BDIV","AAM BRENTVIEW DVD GROWTH ETF","BDIV","AAM BRENTVIEW DIVIDEND GROWTH ETF","NYSE"
"BDJ","BLACKROCK ENHANCED EQTY DVD","BDJ","BLACKROCK ENHANCED EQUITY DIV","NYSE"
"BDL","FLANIGAN'S ENTERPRISES INC","BDL","FLANIGAN'S ENTERPRISES","NYSE_AMERICAN"
"BDMD","BAIRD MEDICAL INVESTMENT HOL","BDMD","BAIRD MEDICAL INVESTMENT HOLDINGS LTD","NASDAQ"
"BDN","BRANDYWINE REALTY TRUST","BDN","BRANDYWINE REALTY TRUST","NYSE"
"BDRX","BIODEXA PHARMACEUTICALS-ADR","BDRX","BIODEXA PHARMACEUTICALS PLC AMERICAN DS","NASDAQ"
"BDRY","BREAKWAVE DRY BULK SHIP ETF","BDRY","BREAKWAVE DRY BULK SHIPPING ETF","NYSE"
"BDSX","BIODESIX INC","BDSX","BIODESIX, INC. COMMON STOCK","NASDAQ"
"BDTX","BLACK DIAMOND THERAPEUTICS I","BDTX","BLACK DIAMOND THERAPEUTICS, INC.","NASDAQ"
"BDVG","IMGP BERKSHIRE DIVIDEND GR","BDVG","LITMAN GREGORY FUNDS TRUST IMGP BERKSHIRE DIV GRO","NYSE"
"BDVL","ISHARES DV EQUITY ACTIVE ETF","BDVL","ISHARES DISCIPLINED VOLATILITY EQUITY ACTIVE ETF","NASDAQ"
"BDX","BECTON DICKINSON AND CO","BDX","BECTON DICKINSON","NYSE"
"BDYN","ISHARES DYN ACT ETF","BDYN","ISHARES DYNAMIC EQUITY ACTIVE ETF","NASDAQ"
"BE","BLOOM ENERGY CORP- A","BE","BLOOM ENERGY CORP","NYSE"
"BEAG","BOLD EAGLE ACQUISITION COR-A","BEAG","BOLD EAGLE ACQUISITION CORP. CLASS A","NASDAQ"
"BEAGU","BOLD EAGLE ACQUISITION CORP","BEAGU","BOLD EAGLE ACQUISITION CORP. UNT","NASDAQ"
"BEAM","BEAM THERAPEUTICS INC","BEAM","BEAM THERAPEUTICS INC.","NASDAQ"
"BEAT","HEARTBEAM INC","BEAT","HEARTBEAM, INC. COMMON STOCK","NASDAQ"
"BEBE","TGE VALUE CREATIVE SOLU-CL A","BEBE","TGE VALUE CREATIVE SOLUTIONS CORP","NYSE"
"BEDY","BNY MLN ENHNC DVD AND IN ETF","BEDY","BNY MELLON ENHANCED DIVIDEND AND INCOME ETF","NASDAQ"
"BEEM","BEAM GLOBAL","BEEM","BEEM GLOBAL","NASDAQ"
"BEEP","MOBILE INFRASTRUCTURE CORP","BEEP","MOBILE INFRASTRUCTURE CORPORATION","NASDAQ"
"BEG","LEVERAGE SHARES 2X BEG","BEG","LEVERAGE SHARES 2X LONG BE DAILY ETF","NASDAQ"
"BEGS","RRVW 2X BLL CRYPT&PRC MTLS","BEGS","RAREVIEW 2X BULL CRYPTO AND PRECIOUS METALS","BATS"
"BEKE","KE HOLDINGS INC-ADR","BEKE","KE HOLDINGS INC","NYSE"
"BELFA","BEL FUSE INC-CL A","BELFA","BEL FUSE","NASDAQ"
"BELFB","BEL FUSE INC-CL B","BELFB","BEL FUSH INC CLASS B","NASDAQ"
"BEMB","ISHARES JPM BRD USD EM B ETF","BEMB","ISHARES JPMORGAN BROAD USD EM BOND ETF","BATS"
"BEN","FRANKLIN RESOURCES INC","BEN","FRANKLIN RESOURCES INC","NYSE"
"BENF","BENEFICIENT - CLASS A","BENF","BENEFICIENT CLASS A","NASDAQ"
"BENJ","HORIZON LANDMARK ETF","BENJ","HORIZON LANDMARK ETF","NYSE"
"BEP","BROOKFIELD RENEWABLE PARTNER","BEP","BROOKFIELD RENEWABLE PARTNERS LP","NYSE"
"BEPC","BROOKFIELD RENEWABLE CORP","BEPC","BROOKFIELD RENEWABLE CORP","NYSE"
"BEPH","BROOKFIELD BRP HOLDINGS","BEPH","BROOKFIELD BRP HOLDINGS INC. 4.625% SBNT","NYSE"
"BEPI","BROOKFIELD BRP HOLDINGS","BEPI","BROOKFIELD BRP HOLDINGS INC. 4.875% SBNT","NYSE"
"BESF","BASTION ENERGY ETF","BESF","EA SERIES TRUST BASTION ENERGY ETF","BATS"
"BESS","BIMERGEN ENERGY CORP","BESS","BIMERGEN ENERGY CORPORATION","NYSE_AMERICAN"
"BETA","BETA TECHNOLOGIES INC -CL A","BETA","BETA TECHNOLOGIES INC","NYSE"
"BETE","PROSHRS BIT&ET E W ETF-USD I","BETE","PROSHAES BITCOIN AND ETHER EQUAL WEIGHT STRAT ETF","NYSE"
"BETH","PROSHARES BIT&ET MKT C W ETF","BETH","PROSHARES BITCOIN & ETHER MARKET CAP WEIGHT ETF","NYSE"
"BETR","BETTER HOME & FINANCE HOLDIN","BETR","BETTER HOME & FINANCE HC CLASS A","NASDAQ"
"BETZ","ROUNDHILL SPORTS BET & IGAM","BETZ","ROUNDHILL SPORTS BETTING & IGAMING ETF","NYSE"
"BEX","TRADR 2X LONG BE DAILY ETF","BEX","TRADR 2X LONG BE DAILY ETF","BATS"
"BEZ","TRADR 2X SHORT BE DAILY ETF","BEZ","","BATS"
"BFAM","BRIGHT HORIZONS FAMILY SOLUT","BFAM","BRIGHT HORIZONS FAMILY SOLUTIO","NYSE"
"BFC","BANK FIRST CORP","BFC","BANK FIRST CORP","NASDAQ"
"BFEB","INNOVATOR U.S. EQUITY BUFFER","BFEB","INNOVATOR S&P 500 BUFFER ETF - FEB","BATS"
"BFH","BREAD FINANCIAL HOLDINGS INC","BFH","BREAD FINANCIAL HOLDINGS INC","NYSE"
"BFIX","BUILD BOND INNOVATION ETF","BFIX","BUILD BOND INNOVATION ETF","NYSE"
"BFJL","FT VEST BTC FLOOR15 ETF-JUL","BFJL","FTVEST BITCOIN STRATEGY FLOOR15 ETF JULY","NYSE"
"BFLY","BUTTERFLY NETWORK INC","BFLY","BUTTERFLY NETWORK INC","NYSE"
"BFOC","FT VEST BITCOIN SF15 ETF-OCT","BFOC","FT VEST BITCOIN STRATEGY FLOOR15 ETF OCT","NYSE"
"BFOR","BARRON'S 400 ETF","BFOR","BARRONS 400","NYSE"
"BFRG","BULLFROG AI HOLDINGS INC","BFRG","BULLFROG AI HOLDINGS, INC.","NASDAQ"
"BFRI","BIOFRONTERA INC","BFRI","BIOFRONTERA INC. COMMON STOCK","NASDAQ"
"BFRZ","INNOVATOR EQ MNG 100 BFR ETF","BFRZ","INNOVATOR EQUITY MANAGED 100 BUFFER ETF","NYSE"
"BFS","SAUL CENTERS INC","BFS","SAUL CENTERS","NYSE"
"BFST","BUSINESS FIRST BANCSHARES","BFST","BUSINESS FIRST BANCSHARES, INC.","NASDAQ"
"BG","BUNGE GLOBAL SA","BG","BUNGE","NYSE"
"BGB","BLACKSTONE STRATEGIC CREDIT","BGB","BLACKSTONE STRATEGIC CREDIT FUND","NYSE"
"BGC","BGC GROUP INC-A","BGC","BGC GROUP, INC. CLASS A","NASDAQ"
"BGDV","BAHL & GAYNOR DIVIDEND ETF","BGDV","BAHL & GAYNOR DIVIDEND ETF","NYSE"
"BGH","BARINGS GLBL SHRT DUR HI YLD","BGH","BARINGS SHORT DURATION HI YIELD","NYSE"
"BGI","BIRKS GROUP INC","BGI","BIRKS GROUP INC","NYSE_AMERICAN"
"BGIG","BAHL & GAYNOR INC GROWTH ETF","BGIG","BAHL & GAYNOR INCOME GROWTH ETF","NYSE"
"BGIN","BGIN BLOCKCHAIN LTD CL A","BGIN","BGIN BLOCKCHAIN LIMITED CLASS A","NASDAQ"
"BGL","BLUE GOLD LTD-CL A","BGL","BLUE GOLD LIMITED CLASS A","NASDAQ"
"BGLC","BIONEXUS GENE LAB CORP","BGLC","BIONEXUS GENE LAB CORP.","NASDAQ"
"BGLD","FT VEST GOLD STRATEGY QUARTE","BGLD","FT CBOE VEST GOLD STRATEGY QUARTERLY BUFFER ETF","BATS"
"BGM","BGM GROUP LTD","BGM","BGM GROUP LTD. CLASS A","NASDAQ"
"BGMS","BIO GREEN MED SOLUTION INC","BGMS","BIO GREEN MED SOLUTION, INC.","NASDAQ"
"BGR","BLACKROCK ENRGY & RES TR","BGR","BLACKROCK ENERGY & RESOURCES C","NYSE"
"BGRN","ISHARES USD GREEN BOND ETF","BGRN","ISHARES USD GREEN BOND ETF","NASDAQ"
"BGRO","ISHARES LRG CAP GRWT ACT ETF","BGRO","BLACKROCK LARGE CAP GROWTH ETF","NASDAQ"
"BGS","B&G FOODS INC","BGS","B&G FOODS","NYSE"
"BGSF","BGSF INC","BGSF","BGSF INC","NYSE"
"BGSI","THE BOYD GROUP INC","BGSI","BOYD GROUP SERVICES INC","NYSE"
"BGT","BLACKROCK FLTNG RT INC TR","BGT","BLACKROCK FLOATING RATE INC TR","NYSE"
"BGX","BLACKSTONE LONG-SHORT CREDIT","BGX","BLACKSTONE LONG SHORT CREDIT INCOME FUND","NYSE"
"BGY","BLACKROCK ENH INTL DVD TR","BGY","ENHANCED INTERNATIONAL DIVIDEND TRUST","NYSE"
"BH","BIGLARI HOLDINGS INC-B","BH","BIGLARI HOLDINGS","NYSE"
"BHAVU","BHAV ACQUISITION CORP","BHAVU","BHAV ACQUISITION CORP UNT","NASDAQ"
"BHB","BAR HARBOR BANKSHARES","BHB","BAR HARBOR BANKSHARES","NYSE_AMERICAN"
"BHC","BAUSCH HEALTH COS INC","BHC","BAUSCH HEALTH COMPANIES INC","NYSE"
"BHDG","NICHOLAS BITCOIN TAIL ETF","BHDG","NICHOLAS BITCOIN TAIL ETF","NASDAQ"
"BHE","BENCHMARK ELECTRONICS INC","BHE","BENCHMARK ELECTRONICS","NYSE"
"BHF","BRIGHTHOUSE FINANCIAL INC","BHF","BRIGHTHOUSE FINANCIAL, INC.","NASDAQ"
"BHFAL","BRIGHTHOUSE FINANCIAL INC","BHFAL","BRIGHTHOUSE FINANCIAL, INC. 6.25% JUNIOR SBDB 2058","NASDAQ"
"BHFAM","BRIGHTHOUSE FINANCIAL IN","BHFAM","BRIGHTHOUSE FIN, INC. DS (1/1,000 4.625% PF SER D)","NASDAQ"
"BHFAN","BRIGHTHOUSE FINANCIAL IN","BHFAN","BRIGHTHOUSE FIN, INC. DS (1/1,000 5.375% PF SER C)","NASDAQ"
"BHFAO","BRIGHTHOUSE FINANCIAL IN","BHFAO","BRIGHTHOUSE FINANCIAL, INC. - D","NASDAQ"
"BHFAP","BRIGHTHOUSE FINANCIAL IN","BHFAP","BRIGHTHOUSE FINANCIAL, INC. DS 6.6% PF SERIES A","NASDAQ"
"BHK","BLACKROCK CORE BOND TRUST","BHK","BLACKROCK CORE BOND COMMON","NYSE"
"BHM","BLUEROCK HOMES TRUST INC","BHM","BLUEROCK HOMES TRUST INC","NYSE_AMERICAN"
"BHP","BHP GROUP LTD-SPON ADR","BHP","BHP GROUP LTD","NYSE"
"BHR","BRAEMAR HOTELS & RESORTS INC","BHR","BRAEMAR HOTELS & RESORTS INC","NYSE"
"BHRB","BURKE & HERBERT FINANCIAL SE","BHRB","BURKE & HERBERT FINANCIAL SERVICES CORP.","NASDAQ"
"BHST","BIOHARVEST SCIENCES INC","BHST","BIOHARVEST SCIENCES INC.","NASDAQ"
"BHV","BLACKROCK VIRGINIA MUNI BND","BHV","BLACKROCK VA MUNICIPAL BOND CO","NYSE"
"BHVN","BIOHAVEN LTD","BHVN","BIOHAVEN PHARMACEUTICAL HOLDING CO LTD","NYSE"
"BIAF","BIOAFFINITY TECHNOLOGIES INC","BIAF","BIOAFFINITY TECHNOLOGIES, INC. COMMON STOCK","NASDAQ"
"BIB","PROSHARES ULTRA NASD BIOTECH","BIB","PROSHARES ULTRA NASDAQ BIOTECH","NASDAQ"
"BIBL","INSPIRE 100 ETF","BIBL","INSPIRE 100 ESG ETF","NYSE"
"BIDD","ISHARES INTERNATIONAL DIVIDE","BIDD","ISHARES INTERNATIONAL DIVIDEND ACTIVE","NYSE"
"BIDG","LEVERAGE SHARES 2X BIDU","BIDG","LEVERAGE SHARES 2X LONG BIDU DAILY ETF","NASDAQ"
"BIDU","BAIDU INC - SPON ADR","BIDU","BAIDU","NASDAQ"
"BIGY","YLDM TART 12 SMICD OPT I ETF","BIGY","YIELDMAX TARGET 12 BIG SO OPTION INCOME ETF","NYSE"
"BIIB","BIOGEN INC","BIIB","BIOGEN INC. COMMON STOCK","NASDAQ"
"BIII","BLACK SPADE ACQUISITION-CL A","BIII","BLACK SPADE ACQUISITION III CO","NYSE"
"BIL","SS SPDR BB 1-3M T-BILL ETF","BIL","STATE ST SPDR BLOOMBERG 1-3 MONTH T-BILL","NYSE"
"BILL","BILL HOLDINGS INC","BILL","BILL HOLDINGS INC","NYSE"
"BILS","SS SPDRB B 3-12M T-BILL ETF","BILS","STATE ST SPDR BLOOMBERG 3-12 MO T-BILL","NYSE"
"BILT","ISHARES INFRASTCR ACTIVE ETF","BILT","BLACKROCK ISHARES INFRASTRUCTURE ACTIVE","BATS"
"BILZ","PIMCO ULTRA SHRT GOVT ACTIVE","BILZ","PIMCO ULTRA SHORT GOVT ACTIVE ETF","NYSE"
"BINC","ISHARES FLEX I A ETF-USD INC","BINC","ISHARES FLEXIBLE INCOME ETF","NYSE"
"BINT","BLUEMONTE GLOBAL EQUITY ETF","BINT","BLUEMONTE GLOBAL EQUITY ETF","NYSE"
"BINV","BRANDES INTERNATIONAL ETF","BINV","BRANDES INTERNATIONAL ETF","BATS"
"BIO","BIO-RAD LABORATORIES-A","BIO","BIO-RAD LABORATORIES","NYSE"
"BIOA","BIOAGE LABS INC","BIOA","BIOAGE LABS, INC.","NASDAQ"
"BIOX","BIOCERES CROP SOLUTIONS CORP","BIOX","BIOCERES CROP SOLUTIONS CORP","NASDAQ"
"BIP","BROOKFIELD INFRASTRUCTURE PA","BIP","BROOKFIELD INFRASTRUCTURE","NYSE"
"BIPC","BROOKFIELD INFRASTRUCTURE-A","BIPC","BROOKFIELD INFRASTRUCTURE CORP CLASS A","NYSE"
"BIPH","BROOKFIELD INFRASTRUCTURE FINANCE ULC","BIPH","BROOKFIELD INFRASTRUCTURE CORP 5.000% SBNT 2081","NYSE"
"BIPI","BIP BERMUDA HOLDINGS I","BIPI","BIP BERMODA HOLDINGS I LTD","NYSE"
"BIPJ","BROOKFIELD INFRA FIN ULC","BIPJ","BROOKFIELD INFRASTRUCTURE FINANCE ULC 7.25% NTS","NYSE"
"BIRD","ALLBIRDS INC-CL A","BIRD","ALLBIRDS, INC. CLASS A COMMON STOCK","NASDAQ"
"BIRK","BIRKENSTOCK HOLDING PLC","BIRK","BIRKENSTOCK HOLDING PLC","NYSE"
"BIS","PROSHARES ULTRASHORT NAS BIO","BIS","PROSHARES TRUST PROSHARES ULTR","NASDAQ"
"BIT","BLACKROCK MULTI-SECTOR INC","BIT","BLACKROCK MULTI SECTOR INCOME","NYSE"
"BITB","BITWISE BITCOIN ETF","BITB","BITWISE BITCOIN ETF","NYSE"
"BITC","BIT TRE BIT TRE RO ST ET-USD","BITC","BITWISE TRENDWISE BITCOIN & TREASURIES ROTATION","NYSE"
"BITI","PROSHARES SHORT BITC ETF-USD","BITI","PROSHARES SHORT BITCOIN STRATEGY ETF","NYSE"
"BITK","TTL CP BTCN 0DTE CVRD CL-USD","BITK","OPPTY TUTTLE CAPITAL IBIT 0DTE COVERED CALL","BATS"
"BITO","PROSHARES BITCOIN ETF-USD","BITO","PROSHARES BITCOIN STRATEGY ETF","NYSE"
"BITQ","BITWISE CRYPTO IND INNOV ETF","BITQ","BITWISE CRYPTO INDUSTRY INNOVATORS ETF","NYSE"
"BITS","GLOBAL X BLOCK & BIT STRAT","BITS","GLOBAL X BLOCKCHAIN & BITCOIN STRATEGY ETF","NASDAQ"
"BITU","PROSHARES ULTRA BITCOIN ETF","BITU","PROSHARES ULTRA BITCOIN ETF","NYSE"
"BITW","BITWISE 10 CRYPTO INDEX ETF","BITW","BITWISE 10 CRYPTO INDEX ETF","NYSE"
"BITX","2X BITCOIN STRATEGY ETF","BITX","VOLATILITY SHARES TRUST 2X BITCOIN STRATEGY ETF","BATS"
"BITY","AMPLIFY BIT 2% MNTH OPT INC","BITY","AMPLIFY BITCOIN 24% PREMIUM INCOME ETF","BATS"
"BIV","VANGUARD INTERMEDIATE-TERM B","BIV","VANGUARD INTERMEDIATE-TERM BON","NYSE"
"BIVI","BIOVIE INC","BIVI","BIOVIE INC. COMMON STOCK","NASDAQ"
"BIXI","BITCOIN INFRASTRUCTURE-CL A","BIXI","BITCOIN INFRASTRUCTURE ACQ CORP LTD. CLASS A","NASDAQ"
"BIXIU","BITCOIN INFRASTRUCTURE ACQUI","BIXIU","BITCOIN INFRASTRUCTURE ACQUISITION CORP LTD. UNT","NASDAQ"
"BIYA","BAIYA INTERNATIONAL GROUP IN","BIYA","BAIYA INTERNATIONAL GROUP INC.","NASDAQ"
"BIZD","VANECK BDC INCOME ETF","BIZD","VANECK BDC INCOME ETF","NYSE"
"BJ","BJ'S WHOLESALE CLUB HOLDINGS","BJ","BJ'S WHOLESALE CLUB HOLDINGS INC","NYSE"
"BJAN","INNOVATOR U.S. EQUITY BUFFER","BJAN","INNOVATOR S&P 500 BUFFER ETF - JAN","BATS"
"BJDX","BLUEJAY DIAGNOSTICS INC","BJDX","BLUEJAY DIAGNOSTICS, INC. COMMON STOCK","NASDAQ"
"BJRI","BJ'S RESTAURANTS INC","BJRI","BJ'S RESTAURANTS","NASDAQ"
"BJUL","INNOVATOR U.S. EQUITY BUFFER","BJUL","INNOVATOR S&P 500 BUFFER ETF","BATS"
"BJUN","INNOVATOR U.S. EQUITY BUFFER","BJUN","INNOVATOR S&P 500 BUFFER ETF JUNE","BATS"
"BK","BANK OF NEW YORK MELLON CORP","BK","BANK OF NEW YORK MELLON","NYSE"
"BKAG","BNY MELLON CORE BOND ETF","BKAG","BNY MELLON CORE BOND ETF","NYSE"
"BKCG","BNY MELLON CON GROWTH ETF","BKCG","BNY MELLON CONCENTRATED GROWTH ETF","NYSE"
"BKCH","GLOBAL X BLOCKCHAIN ETF","BKCH","GLOBAL X BLOCKCHAIN ETF","NASDAQ"
"BKCI","BNY MELLON CONCENTRATED INTL","BKCI","BNY MELLON CONCENTRATED INTERNATIONAL ETF","NYSE"
"BKD","BROOKDALE SENIOR LIVING INC","BKD","BROOKDALE SENIOR LIVING","NYSE"
"BKDV","BNY MELLON DYNAMIC VALUE","BKDV","BNY MELLON DYNAMIC VALUE ETF","NYSE"
"BKE","BUCKLE INC-THE","BKE","BUCKLE","NYSE"
"BKEM","BNY MELLON EMRG MRKTS EQTY","BKEM","BNY MELLON EMERGING MARKETS EQUITY ETF","NYSE"
"BKF","ISHARES MSCI BIC ETF","BKF","ISHARES MSCI BIC ETF","NYSE"
"BKFI","BNY MELLON ACTV CORE BND ETF","BKFI","BNY MELLON ACTIVE CORE BOND ETF","NYSE"
"BKGI","BNY MELLON GLBL INFRA INC","BKGI","BNY MELLON GLOBAL INFRASTRUCTURE INCOME ETF","BATS"
"BKH","BLACK HILLS CORP","BKH","BLACK HILLS","NYSE"
"BKHAU","BLACK HAWK ACQUISITION CORP","BKHAU","BLACK HAWK ACQUISITION CORPORATION UNT","NASDAQ"
"BKHY","BNY MELLON HIGH YIELD ETF","BKHY","BNY MELLON HIGH YIELD ETF","NYSE"
"BKIE","BNY MELLON INTL EQTY ETF","BKIE","BNY MELLON INTERNATIONAL EQUITY ETF","NYSE"
"BKKT","BAKKT INC","BKKT","BAKKT INC","NYSE"
"BKLC","BNY MELLON US LRG CAP COR","BKLC","BNY MELLON US LARGE CAP CORE EQUITY ETF","NYSE"
"BKLN","INVESCO SENIOR LOAN ETF","BKLN","INVESCO SENIOR LOAN PORT","NYSE"
"BKMC","BNY MELLON US M-C CORE ETF","BKMC","BNY MELLON US MID CAP CORE EQUITY ETF","NYSE"
"BKMI","BNY MELLON MUNI INT ETF","BKMI","BNY MELLON MUNICIPAL INTERMEDIATE ETF","NASDAQ"
"BKMS","BNY MELLON MUNI SHORT ETF","BKMS","BNY MELLON MUNICIPAL SHORT DURATION ETF","NASDAQ"
"BKNG","BOOKING HOLDINGS INC","BKNG","BOOKING HOLDINGS INC. COMMON STOCK","NASDAQ"
"BKR","BAKER HUGHES CO","BKR","BAKER HUGHES CO","NASDAQ"
"BKSE","BNY MELLON US SMALL CAP CORE","BKSE","BNY MELLON US SMALL CAP CORE EQUITY ETF","NYSE"
"BKSY","BLACKSKY TECHNOLOGY INC","BKSY","BLACKSKY TECHNOLOGY INC","NYSE"
"BKT","BLACKROCK INCOME TRUST","BKT","BLACKROCK INCOME TRUST COMMON","NYSE"
"BKTI","BK TECHNOLOGIES CORP","BKTI","BK TECHNOLOGIES CORP","NYSE_AMERICAN"
"BKU","BANKUNITED INC","BKU","BANKUNITED","NYSE"
"BKUI","BNY MELLON ULTR SHRT INC ETF","BKUI","BNY MELLON ULTRA SHORT INCOME ETF","NYSE"
"BKV","BKV CORPORATION","BKV","BKV CORP","NYSE"
"BKYI","BIO-KEY INTERNATIONAL INC","BKYI","BIO-KEY INTERNATIONAL, INC.","NASDAQ"
"BL","BLACKLINE INC","BL","BLACKLINE, INC. COMMON STOCK","NASDAQ"
"BLBD","BLUE BIRD CORP","BLBD","BLUE BIRD CORP","NASDAQ"
"BLCN","SIREN NXGN ECNMY ETF-USD INC","BLCN","SIREN ETF TRUST SIREN NEXGEN ECONOMY ETF","NASDAQ"
"BLCO","BAUSCH + LOMB CORP","BLCO","BAUSCH + LOMB CORP","NYSE"
"BLCR","ISHARES LRG CP CR ACT ETF-UI","BLCR","BLACKROCK LARGE CAP CORE ETF","NASDAQ"
"BLCV","ISHARES LARGE CAP VAL ACT","BLCV","ISHARES LARGE CAP VALUE ETF","NYSE"
"BLD","TOPBUILD CORP","BLD","TOPBUILD CORP","NYSE"
"BLDG","CAMBRIA GLOBAL REAL ESTATE","BLDG","CAMBRIA GLOBAL REAL ESTATE ETF","BATS"
"BLDP","BALLARD POWER SYSTEMS INC","BLDP","BALLARD POWER SYSTEMS","NASDAQ"
"BLDR","BUILDERS FIRSTSOURCE INC","BLDR","BUILDERS FIRSTSOURCE","NYSE"
"BLDX","IMPAX GLOBAL INFRASTRUCT ETF","BLDX","IMPAX GLOBAL INFRASTRUCTURE ETF","NYSE"
"BLES","INSPIRE GLOBAL HOPE ETF","BLES","INSPIRE GLOBAL HOPE ESG ETF","NYSE"
"BLFS","BIOLIFE SOLUTIONS INC","BLFS","BIOLIFE SOLUTIONS INC.COMMON S","NASDAQ"
"BLGR","BLUEMONTE LARGE CAP GROW ETF","BLGR","BLUEMONTE LARGE CAP GROWTH ETF","NYSE"
"BLIN","BRIDGELINE DIGITAL INC","BLIN","BRIDGELINE DIGITAL","NASDAQ"
"BLIV","BELIVE HOLDINGS","BLIV","BELIVE HOLDINGS","NASDAQ"
"BLK","BLACKROCK INC","BLK","BLACKROCK","NYSE"
"BLKB","BLACKBAUD INC","BLKB","BLACKBAUD","NASDAQ"
"BLLN","BILLIONTOONE INC CL A","BLLN","BILLIONTOONE, INC. CLASS A","NASDAQ"
"BLMN","BLOOMIN' BRANDS INC","BLMN","BLOOMIN BRANDS","NASDAQ"
"BLND","BLEND LABS INC-A","BLND","BLEND LABS INC","NYSE"
"BLNE","BEELINE HOLDINGS INC","BLNE","BEELINE HOLDINGS, INC.","NASDAQ"
"BLNK","BLINK CHARGING CO","BLNK","BLINK CHARGING CO. COMMON STOCK","NASDAQ"
"BLOK","AMPLIFY BLOCKCHAIN TECH ETF","BLOK","AMPLIFY BLOCKCHAIN TECHNOLOGY ETF","NYSE"
"BLOX","NICHOLAS CRYPTO INCOME ETF","BLOX","NICHOLAS CRYPTO INCOME ETF","NYSE"
"BLRK","BLUEROCK ACQUISITION CORP-A","BLRK","BLUEROCK ACQUISITION CORP. CLASS A","NASDAQ"
"BLRKU","BLUEROCK ACQUISITION CORP","BLRKU","BLUEROCK ACQUISITION CORP. UNT","NASDAQ"
"BLRX","BIOLINERX LTD-SPONS ADR","BLRX","BIOLINE RX","NASDAQ"
"BLSG","LEVERAGE SHARES 2X BLSH","BLSG","LEVERAGE SHARES 2X LONG BLSH DAILY ETF","NASDAQ"
"BLSH","BULLISH","BLSH","BULLISH","NYSE"
"BLTE","BELITE BIO INC - ADR","BLTE","BELITE BIO, INC ADS","NASDAQ"
"BLUC","BLUEMONTE LARGE CAP CORE ETF","BLUC","BLUEMONTE LARGE CAP CORE ETF","NYSE"
"BLUI","BLUEMONTE DIVRSIFIED INC ETF","BLUI","BLUEMONTE DIVERSIFIED INCOME ETF","NYSE"
"BLUW","BLUE WATER ACQUISITION C-A","BLUW","BLUE WATER ACQUISITION CORP. III CLASS A","NASDAQ"
"BLUWU","BLUE WATER ACQUISITION III","BLUWU","BLUE WATER ACQUISITION CORP. III UNT","NASDAQ"
"BLUX","BLUEMONTE DYN TOTAL MARK ETF","BLUX","BLUEMONTE DYNAMIC TOTAL MARKET ETF","NYSE"
"BLV","VANGUARD LONG-TERM BOND ETF","BLV","VANGUARD LONG-TERM BOND INDEX","NYSE"
"BLW","BLACKROCK LTD DURAT INC TR","BLW","BLACKROCK LIMITED DURATION INC","NYSE"
"BLX","BANCO LATINOAMERICANO COME-E","BLX","BANCO LATINOAMERICANO","NYSE"
"BLZE","BACKBLAZE INC-A","BLZE","BACKBLAZE, INC. CLASS A COMMON STOCK","NASDAQ"
"BLZR","TRAILBLAZER ACQUISITION CL-A","BLZR","TRAILBLAZER ACQUISITION CORP. CLASS A","NASDAQ"
"BLZRU","TRAILBLAZER ACQUISITION CORP","BLZRU","TRAILBLAZER ACQUISITION CORP. UNT","NASDAQ"
"BMA","BANCO MACRO SA-ADR","BMA","MACRO BANK","NYSE"
"BMAR","INNOVATOR U.S. EQUITY BUFFER","BMAR","INNOVATOR S&P 500 BUFFER ETF - MARCH","BATS"
"BMAY","INNOVATOR U.S. EQUITY BUFFER","BMAY","INNOVATOR S&P 500 BUFFER ETF - MAY","BATS"
"BMBL","BUMBLE INC-A","BMBL","BUMBLE INC. CLASS A COMMON STOCK","NASDAQ"
"BME","BLACKROCK HEALTH SCIENCES","BME","BLACKROCK HEALTH SCIENCES COMM","NYSE"
"BMEA","BIOMEA FUSION INC","BMEA","BIOMEA FUSION, INC. COMMON STOCK","NASDAQ"
"BMED","ISHARES HEA IN A ETF-USD INC","BMED","ISHARES FUTURE HEALTH ETF","NYSE"
"BMEZ","BLACKROCK HLTH SCI TRM TR II","BMEZ","BLACKROCK HEALTH SCIENCES TRUST","NYSE"
"BMGL","BASEL MEDICAL GROUP LTD","BMGL","BASEL MEDICAL GROUP LTD","NASDAQ"
"BMHL","BLUEMOUNT HOLDINGS LTD-B","BMHL","BLUEMOUNT HOLDINGS LIMITED CLASS B","NASDAQ"
"BMI","BADGER METER INC","BMI","BADGER METER","NYSE"
"BMM","BLUE MOON METALS INC","BMM","BLUE MOON METALS INC.","NASDAQ"
"BMN","BLACKROCK 2037 MUNI TRGT TRM","BMN","BLACKROCK 2037 MUNICIPAL TARGET TERM TRUST","NYSE"
"BMNG","LEVERAGE SHARES 2X BMNR","BMNG","LEVERAGE SHARES 2X LONG BMNR DAILY ETF","NASDAQ"
"BMNR","BITMINE IMMERSION TECHNOLOGI","BMNR","BITMINE IMMERSION TECHNOLOGIES INC","NYSE"
"BMNU","T-REX 2X LG BMNR DT ETF","BMNU","OPPTY T-REX 2X LONG BMNR DAILY TARGET","BATS"
"BMNZ","DFNCE DLY TRGT 2X SHRT ETF","BMNZ","DEFIANCE DAILY TARGET 2X SHORT BMNR ETF","NYSE"
"BMO","BANK OF MONTREAL","BMO","BANK OF MONTREAL","NYSE"
"BMOP","BNY MELN MUNIPL OPP ETF","BMOP","BNY MELLON MUNICIPAL OPPORTUNITIES ETF","NASDAQ"
"BMR","BEAMR IMAGING LTD","BMR","BEAMR IMAGING LTD.","NASDAQ"
"BMRA","BIOMERICA INC","BMRA","BIOMERICA, INC. COMMON STOCK","NASDAQ"
"BMRC","BANK OF MARIN BANCORP-CA","BMRC","BANK OF MARIN","NASDAQ"
"BMRN","BIOMARIN PHARMACEUTICAL INC","BMRN","BIOMARIN PHARMACEUTICAL","NASDAQ"
"BMVP","INVESCO BLOOMBERG MVP MULTI-","BMVP","INVESCO BLOOMBERG MVP MULTI-FACTOR ETF","NYSE"
"BMY","BRISTOL-MYERS SQUIBB CO","BMY","BRISTOL-MYERS SQUIBB","NYSE"
"BN","BROOKFIELD CORP","BN","BROOKFIELD CORP","NYSE"
"BNAI","BRAND ENGAGEMENT NETWORK INC","BNAI","BRAND ENGAGEMENT NETWORK INC.","NASDAQ"
"BNBX","BNB PLUS CORP","BNBX","BNB PLUS CORP.","NASDAQ"
"BNC","CEA INDUSTRIES INC","BNC","CEA INDUSTRIES INC.","NASDAQ"
"BND","VANGUARD TOTAL BOND MARKET","BND","VANGUARD TOTAL BOND MARKET ETF","NASDAQ"
"BNDD","QUADRATIC DEFLATION ETF","BNDD","QUADRATIC DEFLATION ETF","NYSE"
"BNDI","NEOS ENHANCED INC AGG BD ETF","BNDI","NEOS ENHANCED INCOME AGGREGATE BOND ETF","NYSE"
"BNDP","VG CORE-PLUS BOND INDX ETF","BNDP","VANGUARD CORE-PLUS BOND ETF","NASDAQ"
"BNDS","INFRASTR CAP BOND INCOME ETF","BNDS","INFRASTRUCTURE CAPITAL BOND INCOME ETF","NYSE"
"BNDW","VANGUARD TOTAL WORLD BOND ET","BNDW","VANGUARD TOTAL WORLD BOND ETF","NASDAQ"
"BNDX","VANGUARD TOTAL INTL BOND ETF","BNDX","VANGUARD TOTAL INTERNATIONAL B","NASDAQ"
"BNDY","HORIZON CORE BOND ETF","BNDY","HORIZON FUNDS HORIZON CORE BOND ETF","BATS"
"BNED","BARNES & NOBLE EDUCATION INC","BNED","BARNES & NOBLE, EDUCATION INC","NYSE"
"BNGE","FIRST TRUST S-NETWORK STREAM","BNGE","FIRST TR S-NETWORK STREAMING AND GAMING ETF","NYSE"
"BNGO","BIONANO GENOMICS INC","BNGO","BIONANO GENOMICS, INC. COMMON STOCK","NASDAQ"
"BNH","BROOKFIELD FINANCE INC","BNH","BROOKFIELD FINANCE INC 4.625% NTS","NYSE"
"BNJ","BROOKFIELD FIN I UK PLC","BNJ","BROOKFIELD FINANCE I UK PLC 4.5% NTS","NYSE"
"BNKD","MICROSECTORS BB 3X I LEV ETN","BNKD","MICROSECTORS US BIG BANKS -3 INVERSE LEV 2/17/45","NYSE"
"BNKK","BONK INC","BNKK","BONK, INC.","NASDAQ"
"BNKU","MICROSECTORS BB 3X LEVGD ETN","BNKU","MICROSECTORS US BIG BANKS 3X LEVERAGED ETN 2/17/45","NYSE"
"BNL","BROADSTONE NET LEASE INC","BNL","BROADSTONE NET LEASE INC","NYSE"
"BNO","UNITED STATES BRENT OIL FUND","BNO","UNITED STATES BRENT OIL","NYSE"
"BNOV","INNOVATOR U.S. EQUITY BUFFER","BNOV","INNOVATOR S&P 500 BUFFER ETF - NOV","BATS"
"BNR","BURNING ROCK BIOTECH LTD-ADR","BNR","BURNING ROCK BIOTECH LIMITED","NASDAQ"
"BNRG","BRENMILLER ENERGY LTD","BNRG","BRENMILLER ENERGY LTD ORDINARY SHARES","NASDAQ"
"BNS","BANK OF NOVA SCOTIA","BNS","BANK OF NOVA","NYSE"
"BNT","BROOKFIELD WEALTH SOLUTIONS","BNT","BROOKFIELD WEALTH SOLUTIONS LTD. CLASS A","NYSE"
"BNTC","BENITEC BIOPHARMA INC","BNTC","BENITEC BIOPHARMA INC.","NASDAQ"
"BNTX","BIONTECH SE-ADR","BNTX","BIONTECH SE","NASDAQ"
"BNZI","BANZAI INTERNATIONAL INC","BNZI","BANZAI INTERNATIONAL, INC. CLASS A","NASDAQ"
"BOAT","SONICSHARES GLOBAL SHIPPING","BOAT","SONICSHARES GLOBAL SHIPPING ETF","NYSE"
"BOBS","BOB'S DISCOUNT FURNITURE","BOBS","BOBAS DISCOUNT FURNITURE INC","NYSE"
"BOC","BOSTON OMAHA CORP-CL A","BOC","BOSTON OMAHA CORP","NYSE"
"BOCT","INNOVATOR U.S. EQUITY BUFFER","BOCT","INNOVATOR S&P 500 BUFFER ETF OCTOBER","BATS"
"BODI","BEACHBODY CO INC-THE","BODI","THE BEACHBODY COMPANY, INC. CLASS A","NASDAQ"
"BOE","BLACKROCK ENH GLBL DVD TR","BOE","BLACKROCK ENHANCED GLOBAL DIVIDEND TRUST","NYSE"
"BOEG","LEVERAGE SHARES 2X BA","BOEG","LEVERAGE SHARES 2X LONG BA DAILY ETF","NASDAQ"
"BOEU","DIREXION DAILY BA BULL 2X ET","BOEU","DIREXION DAILY BA BULL 2X ETF","NASDAQ"
"BOF","BRANCHOUT FOOD INC-OR","BOF","BRANCHOUT FOOD INC.","NASDAQ"
"BOH","BANK OF HAWAII CORP","BOH","BANK OF HAWAII","NYSE"
"BOIL","PROSHARES ULTRA BLOOMBERG NA","BOIL","PROSHARES ULTRA BLOOMBERG NATU","NYSE"
"BOKF","BOK FINANCIAL CORPORATION","BOKF","BOK FINANCIAL","NASDAQ"
"BOLD","BOUNDLESS BIO INC","BOLD","BOUNDLESS BIO, INC.","NASDAQ"
"BOLT","BOLT BIOTHERAPEUTICS INC","BOLT","BOLT BIOTHERAPEUTICS, INC. COMMON STOCK","NASDAQ"
"BON","BON NATURAL LIFE LTD-A","BON","BON NATURAL LIFE LIMITED CLASS A","NASDAQ"
"BOND","PIMCO ACTIVE BOND EXCHANGE-T","BOND","PIMCO TOTAL RETURN ACTIVE ETF","NYSE"
"BOOM","DMC GLOBAL INC","BOOM","DMC GLOBAL INC. COMMON STOCK","NASDAQ"
"BOOT","BOOT BARN HOLDINGS INC","BOOT","BOOT BARN HOLDINGS INC","NYSE"
"BORR","BORR DRILLING LTD","BORR","BORR DRILLING LTD","NYSE"
"BOSC","BOS BETTER ON-LINE SOLUTIONS","BOSC","BOS","NASDAQ"
"BOTJ","BANK OF THE JAMES FINANCIAL","BOTJ","BANK OF THE JAMES","NASDAQ"
"BOTT","THEMES HUMANOID ROBOTICS ETF","BOTT","THEMES ETF TRUST THEMES HUMANOID ROBOTICS ETF","NASDAQ"
"BOTZ","GLOBAL X ROBOTICS & ARTIFICI","BOTZ","GLOBAL X ROBOTICS & ARTIFICIAL INTELLIGENCE ETF","NASDAQ"
"BOUT","INNOVATOR IBD BREAKOUT OPPS","BOUT","INNOVATOR IBD BREAKOUT OPPORTUNITIES ETF","NYSE"
"BOW","BOWHEAD SPECIALTY HOLDINGS I","BOW","BOWHEAD SPECIALTY HOLDINGS INC","NYSE"
"BOX","BOX INC - CLASS A","BOX","BOX INC","NYSE"
"BOXA","ALPHA ARCHITECT AGG BOND ETF","BOXA","EA SERIES TRUST ALPHA ARCHITECT AGGREGATE BOND ETF","BATS"
"BOXL","BOXLIGHT CORP - CLASS A","BOXL","BOXLIGHT CORPORATION CLASS A","NASDAQ"
"BOXX","ALPHA ARCHITECT 1-3 MNTH BOX","BOXX","ALPHA ARCHITECT 1-3 MONTH BOX ETF","BATS"
"BP","BP PLC-SPONS ADR","BP","BP","NYSE"
"BPAC","BLUEPORT ACQUISITION LT-CL A","BPAC","BLUEPORT ACQUISITION LTD CLASS A","NASDAQ"
"BPACU","BLUEPORT ACQUISITION LTD","BPACU","BLUEPORT ACQUISITION LTD UNT","NASDAQ"
"BPAY","ISHARS FINTE ACT ETF-USD INC","BPAY","ISHARES FUTURE FINANCIAL AND TECHNOLOGY ETF","NYSE"
"BPH","BP P.L.C. ADRHEDGED","BPH","BP PLC ADR HEDGED","NYSE"
"BPI","GRAYSCALE BTC PREM INC ETF","BPI","GRAYSCALE BITCOIN PREMIUM INCOME ETF","NYSE"
"BPOP","POPULAR INC","BPOP","POPULAR","NASDAQ"
"BPOPM","POPULAR CAPT TRUST II 6.125% CUML MTLY INC TRST PFD SEC","BPOPM","POPULAR CAPITAL TRUST II","NASDAQ"
"BPRE","BLUEROCK PRIVATE REAL ESTATE","BPRE","BLUEROCK PRIVATE REAL ESTATE FUND","NYSE"
"BPRN","PRINCETON BANCORP INC","BPRN","THE BANK OF PRINCETON COMMON STOCK","NASDAQ"
"BPRO","BITWISE PROFICIO CR DBS ETF","BPRO","BITWISE PROFICIO CURRENCY DEBASEMENT ETF","NYSE"
"BPYPM","NEW LP PREFERRED UNITS CAD","BPYPM","BROOKFIELD PROPERTY PARTNERS L.P. 6.25 CLASS A CUM","NASDAQ"
"BPYPN","BROOKFIELD PROPERTY PART","BPYPN","BROOKFIELD PROPERTY PARTNERS LP","NASDAQ"
"BPYPO","BROOKFIELD PROPERTY PART","BPYPO","BROOKFIELD PROPERTY PARTNERS L.P. 6.375%","NASDAQ"
"BPYPP","BROOKFIELD PROPERTY PART","BPYPP","BROOKFIELD PROPERTY PARTNERS LTD","NASDAQ"
"BQ","BOQII HOLDING LTD - CLASS A","BQ","BOQII HOLDING LIMITED","NYSE_AMERICAN"
"BR","BROADRIDGE FINANCIAL SOLUTIO","BR","BROADRIDGE","NYSE"
"BRAG","BRAGG GAMING GROUP INC","BRAG","BRAGG GAMING GROUP INC. COMMON SHARES","NASDAQ"
"BRAI","BRAIIN LTD","BRAI","BRAIIN LIMITED","NASDAQ"
"BRAZ","GLOBAL X BRAZIL ACTIVE ETF","BRAZ","GLOBAL X BRAZIL ACTIVE ETF","NYSE"
"BRBI","BR ADVISORY PARTNERS PARTICI","BRBI","BRBI BR PARTNERS S.A. ADSS","NASDAQ"
"BRBR","BELLRING BRANDS INC","BRBR","BELLRING BRANDS INC","NYSE"
"BRBS","BLUE RIDGE BANKSHARES INC","BRBS","BLUE RIDGE BANKSHARES INC","NYSE_AMERICAN"
"BRC","BRADY CORPORATION - CL A","BRC","BRADY","NYSE"
"BRCB","BLACK ROCK COFFEE BAR INC-A","BRCB","BLACK ROCK COFFEE BAR, INC. CLASS A","NASDAQ"
"BRCC","BRC INC-A","BRCC","BRC INC","NYSE"
"BREM","ISHARES EME MAR BOND ACT ETF","BREM","ISHARES EMERGING MARKETS BOND ACTIVE ETF","NASDAQ"
"BRES","BURNEY US EQUITY SELECT ETF","BRES","BURNEY U.S. EQUITY SELECT ETF","NASDAQ"
"BRF","VANECK BRAZIL SMALL-CAP ETF","BRF","VANECK BRAZIL SMALL-CAP ETF","NYSE"
"BRFH","BARFRESH FOOD GROUP INC","BRFH","BARFRESH FOOD GROUP INC. COMMON STOCK","NASDAQ"
"BRIA","BRILLIA INC-A","BRIA","BRILLIA INC","NYSE_AMERICAN"
"BRIB","FIS BRGHT PRT CRE BND ETF","BRIB","FIS BRIGHT PORTFOLIOS CORE BOND ETF","NYSE"
"BRID","BRIDGFORD FOODS CORP","BRID","BRIDGFORD FOODS","NASDAQ"
"BRIE","MFS BR INTL EQUITY ETF","BRIE","MFS BLENDED RESEARCH INTERNATIONAL EQUITY ETF","NYSE"
"BRIF","FIS BRIGHT PORT FCS EQ ETF","BRIF","FIS BRIGHT PORTFOLIOS FOCUSED EQUITY ETF","NYSE"
"BRKC","YIELDMAX BO INCOME STRAY ETF","BRKC","YIELDMAX BRK.B OPTION INCOME STRATEGY ETF","NYSE"
"BRKR","BRUKER CORP","BRKR","BRUKER","NASDAQ"
"BRKRP","BRUKER CORP","BRKRP","BRUKER CORPORATION 6.375% MANDATORY PF SERIES A","NASDAQ"
"BRKU","DIREXION DAILY BRKB BULL 2X","BRKU","DIREXION DAILY BRKB BULL 2X ETF","NASDAQ"
"BRLN","ISHARE FLTNG RT LN AV ETF-UI","BRLN","BLACKROCK ETF TRUST II BLACKROCK LOAN ETF","BATS"
"BRLS","BOREALIS FOODS INC","BRLS","BOREALIS FOODS INC. CLASS A","NASDAQ"
"BRLT","BRILLIANT EARTH GROUP INC-A","BRLT","BRILLIANT EARTH GROUP, INC. CLASS A","NASDAQ"
"BRN","BARNWELL INDUSTRIES INC","BRN","BARNWELL INDUSTRIES","NYSE_AMERICAN"
"BRNS","BARINTHUS BIOTHERAPEUTICS PL","BRNS","BARINTHUS BIOTHERAPEUTICS PLC ADS","NASDAQ"
"BRNY","BURNEY US FACTOR ROTATION","BRNY","BURNEY U.S. FACTOR ROTATION ETF","NASDAQ"
"BRO","BROWN & BROWN INC","BRO","BROWN & BROWN","NYSE"
"BROS","DUTCH BROS INC-CLASS A","BROS","DUTCH BROS INC","NYSE"
"BRR","PROCAP FINANCIAL INC","BRR","PROCAP FINANCIAL, INC.","NASDAQ"
"BRRR","COINSHARES BITCOIN ETF","BRRR","COINSHARES BITCOIN ETF","NASDAQ"
"BRSL","BRIGHTSTAR LOTTERY PLC","BRSL","BRIGHTSTAR LOTTERY PLC","NYSE"
"BRSP","BRIGHTSPIRE CAPITAL INC","BRSP","BRIGHTSPIRE CAPITAL INC","NYSE"
"BRT","BRT APARTMENTS CORP","BRT","BRT APARTMENTS CORP","NYSE"
"BRTR","ISHARES TOTAL RETURN ACT ETF","BRTR","BLACKROCK TOTAL RETURN ETF","NASDAQ"
"BRTX","BIORESTORATIVE THERAPIES INC","BRTX","BIORESTORATIVE THERAPIES, INC.","NASDAQ"
"BRW","SABA CAPITAL INCOME & OPPORT","BRW","SABA CAPITAL INCOME & OPPORTUNITIES FUND SBI","NYSE"
"BRX","BRIXMOR PROPERTY GROUP INC","BRX","BRIXMOR PROPERTY GROUP INC","NYSE"
"BRZE","BRAZE INC-A","BRZE","BRAZE, INC. CLASS A COMMON STOCK","NASDAQ"
"BRZU","DIR DAI MS BRAZ BUL 2X ETF-U","BRZU","DIREXION DAILY MSCI BRAZIL BULL 2X ETF","NYSE"
"BSAA","BEST SPAC I ACQUISITION-A","BSAA","BEST SPAC I ACQUISITION CORP. CLASS A","NASDAQ"
"BSAAU","BEST SPAC I ACQUISITION CORP","BSAAU","BEST SPAC I ACQUISITION CORP. UNT","NASDAQ"
"BSAC","BANCO SANTANDER-CHILE-ADR","BSAC","BANCO SANTANDER CHILE","NYSE"
"BSBK","BOGOTA FINANCIAL CORP","BSBK","BOGOTA FINANCIAL CORP","NASDAQ"
"BSBR","BANCO SANTANDER BRASIL-ADS","BSBR","BANCO SANTANDER BRASIL","NYSE"
"BSCQ","INVESCO BULLETSHARES 2026 CB","BSCQ","INVESCO BULLETSHS 26 CORP BOND","NASDAQ"
"BSCR","INVESCO BULLETSHARES 2027 CB","BSCR","INVESCO BULLETSHARES 2027 CORP BOND ETF","NASDAQ"
"BSCS","INVESCO BULLETSHARES 2028 CB","BSCS","INVESCO BULLETSHARES 2028 CORP BOND ETF","NASDAQ"
"BSCT","INVESCO BULLETSHARES 2029 CB","BSCT","INVESCO BULLETSHARES 2029 CRP BND ETF","NASDAQ"
"BSCU","INVESCO BULLETSHARES 2030 CB","BSCU","INVESCO BULLETSHARES 2030 CRP BND ETF","NASDAQ"
"BSCV","INVESCO BULLETSHARES 2031 CB","BSCV","INVESCO BULLETSHARES 2031 CRP BND ETF","NASDAQ"
"BSCW","INVESCO BULLETSHARES 2032 CB","BSCW","INVESCO BULLETSHARES 2032 CRP BND ETF","NASDAQ"
"BSCX","INVESCO BULLETSHARES 2033 CB","BSCX","INVESCO BULLETSHARES 2033 CRP BND ETF","NASDAQ"
"BSCZ","INVESCO BULLETSHARES 2035 CB","BSCZ","INVESCO BULLETSHARES 2035 CRP BND ETF","NASDAQ"
"BSEP","INNOVATOR U.S. EQUITY BUFFER","BSEP","INNOVATOR U.S. EQUITY BUFFER ETF SEP","BATS"
"BSET","BASSETT FURNITURE INDS","BSET","BASSETT FURNITURE INDS","NASDAQ"
"BSJQ","INVESCO BULLETSHARES 2026 HY","BSJQ","INVESCO BULLETSHARES 2026 HIGH YIELD CRP BND ETF","NASDAQ"
"BSJR","INVESCO BULLETSHARES 2027 HY","BSJR","INVESCO BULLETSHARES 2027 HIGH YIELD CRP BND ETF","NASDAQ"
"BSJS","INVESCO BULLETSHARES 2028 HY","BSJS","INVESCO BULLETSHARES 2028 HIGH YIELD CRP BND ETF","NASDAQ"
"BSJT","INVESCO BULLETSHARES 2029 HY","BSJT","INVESCO BULLETSHARES 2029 HIGH YIELD CRP BND ETF","NASDAQ"
"BSJU","INVESCO BULLETSHARES 2030 HY","BSJU","INVESCO BULLETSHARES 2030 HIGH YIELD CRP BND ETF","NASDAQ"
"BSJV","INVESCO BULLETSHARES 2031 HY","BSJV","INVESCO BULLETSHARES 2031 HIGH YIELD CRP BND ETF","NASDAQ"
"BSJW","INVESCO BULLETSHARES 2032 HY","BSJW","INVESCO BULLETSHARES 2032 HIGH YIELD CRP BND ETF","NASDAQ"
"BSL","BLACKSTONE SNR FLTNG RT","BSL","BLACKSTONE SENIOR FLOATING RATE TERM","NYSE"
"BSM","BLACK STONE MINERALS LP","BSM","BLACK STONE MINERALS LP","NYSE"
"BSMC","BRANDES US SMALL-MID CAP VAL","BSMC","BRANDES INTL BRANDES US SMALL-MID CAP VALUE","BATS"
"BSMQ","INVESCO BULLETSHARES 2026 MB","BSMQ","INVESCO BULLETSHARES 2026 MUNI BOND ETF","NASDAQ"
"BSMR","INVESCO BULLETSHARES 2027 MB","BSMR","INVESCO BULLETSHARES 2027 MUNI BOND ETF","NASDAQ"
"BSMS","INVESCO BULLETSHARES 2028 MB","BSMS","INVESCO BULLETSHARES 2028 MUNI BOND ETF","NASDAQ"
"BSMT","INVESCO BULLETSHARES 2029 MB","BSMT","INVESCO BULLETSHARES 2029 MUNI BOND ETF","NASDAQ"
"BSMU","INVESCO BULLETSHARES 2030 MB","BSMU","INVESCO BULLETSHARES 2030 MUNI BND ETF","NASDAQ"
"BSMV","INVESCO BULLETSHARES 2031 MB","BSMV","INVESCO BULLETSHARES 2031 MUNI BND ETF","NASDAQ"
"BSMW","INVESCO BULLETSHARES 2032 MB","BSMW","INVESCO BULLETSHARES 2032 MUNI BND ETF","NASDAQ"
"BSMY","INVESCO BULLETSHARES 2034 MB","BSMY","INVESCO BULLETSHARES 2034 MUNI BND ETF","NASDAQ"
"BSMZ","INVES BLTSHRS 2035 MB ETF","BSMZ","INVESCO BULLETSHARES 2035 MUNI BND ETF","NASDAQ"
"BSOL","BITWISE SOLANA STAKING ETF","BSOL","BITWISE SOLANA STAKING ETF","NYSE"
"BSR","BEACON SELECTIVE RISK ETF","BSR","BEACON SELECTIVE RISK ETF","NYSE"
"BSRR","SIERRA BANCORP","BSRR","SIERRA","NASDAQ"
"BSSX","INVESCO BULLETSHARES 2033 MB","BSSX","INVESCO BULLETSHARES 2033 MUNI BND ETF","NASDAQ"
"BST","BLACKROCK SCIENCE & TECH TR","BST","BLACKROCK SCIENCE AND TECHNOLO","NYSE"
"BSTP","INNOVATOR BUFF SU STRAT ETF","BSTP","INNOVATOR BUFFER STEP-UP STRATEGY ETF","NYSE"
"BSTZ","BLACKROCK SCI & TECH TRM TR","BSTZ","BLACKROCK SCIENCE AND TECHNOLOGY TRUST","NYSE"
"BSV","VANGUARD SHORT-TERM BOND ETF","BSV","VANGUARD SHORT-TERM BOND ETF","NYSE"
"BSVN","BANK7 CORP","BSVN","BANK7 CORP. COMMON STOCK","NASDAQ"
"BSVO","EA BRIDGEWAY OMNI SM-CP VAL","BSVO","EA BRIDGEWAY OMNI SMALL-CAP VALUE ETF","NASDAQ"
"BSX","BOSTON SCIENTIFIC CORP","BSX","BOSTON SCIENTIFIC","NYSE"
"BSY","BENTLEY SYSTEMS INC-CLASS B","BSY","BENTLEY SYSTEMS, INCORPORATED CLASS B","NASDAQ"
"BTAI","BIOXCEL THERAPEUTICS INC","BTAI","BIOXCEL THERAPEUTICS, INC. COMMON STOCK","NASDAQ"
"BTAL","AGF US MARKET NEUTRAL ANTI-B","BTAL","AGF US MARKET NEUT ANTI-BETA","NYSE"
"BTBD","BT BRANDS INC","BTBD","BT BRANDS, INC. COMMON STOCK","NASDAQ"
"BTBT","BIT DIGITAL INC","BTBT","BIT DIGITAL INC","NASDAQ"
"BTC","GRAYSCALE BITCOIN MINI ETF","BTC","GRAYSCALE BITCOIN MINI TRUST (BTC)","NYSE"
"BTCC","GRAYSCALE BTC COV CALL ETF","BTCC","GRAYSCALE BITCOIN COVERED CALL ETF","NYSE"
"BTCI","NEOS BITCOIN HIGH INCOME ETF","BTCI","NEOS ETF TRUST NEOS BITCOIN HIGH INCOME ETF","BATS"
"BTCL","T-REX 2X LONG BITCOIN DAILY","BTCL","T-REX 2X LONG BITCOIN DAILY TARGET ETF","BATS"
"BTCO","INVSCO GLXY BTCN ETF","BTCO","INVESCO GALAXY BITCOIN ETF","BATS"
"BTCS","BTCS INC","BTCS","BTCS INC. COMMON STOCK","NASDAQ"
"BTCT","BTC DIGITAL LTD","BTCT","BTC DIGITAL LTD.","NASDAQ"
"BTCW","WISDOMTREE BITCOIN FUND","BTCW","WISDOMTREE BITCOIN FUND","BATS"
"BTCZ","T-REX 2X INVERSE BITCOIN DLY","BTCZ","T-REX 2X INVERSE BITCOIN DAILY TARGET","BATS"
"BTDR","BITDEER TECHNOLOGIES GROUP-A","BTDR","BITDEER TECHNOLOGIES GROUP CLASS A","NASDAQ"
"BTE","BAYTEX ENERGY CORP","BTE","BAYTEX ENERGY CORP","NYSE"
"BTF","COINSHARES BITCOIN AND ETHER","BTF","VALKYRIE II COINSHARES BITCOIN AND ETHER","NASDAQ"
"BTFL","DEFIANCE DT 2XL BITF ETF","BTFL","DEFIANCE DAILY TARGET 2X LONG BITF ETF","BATS"
"BTG","B2GOLD CORP","BTG","B2GOLD CORP.","NYSE_AMERICAN"
"BTGD","STKD 100% BITCO & 100% GOLD","BTGD","TIDAL TRUST II STKD 100% BITCOIN & 100% GOLD ETF","NASDAQ"
"BTGO","BITGO HOLDINGS INC-CL A","BTGO","BITGO HOLDINGS INC","NYSE"
"BTI","BRITISH AMERICAN TOB-SP ADR","BTI","BRITISH AMERICAN TOBACCO","NYSE"
"BTM","BITCOIN DEPOT INC","BTM","BITCOIN DEPOT INC. CLASS A","NASDAQ"
"BTMD","BIOTE CORP -A","BTMD","BIOTE CORP. CLASS A","NASDAQ"
"BTO","JOHN HANCOCK FINANCIAL OPP","BTO","JH BANK & THRIFT OPPORTUNITY C","NYSE"
"BTOC","ARMLOGI HOLDING CORP","BTOC","ARMLOGI HC.","NASDAQ"
"BTOG","BIT ORIGIN LTD-CL A","BTOG","BIT ORIGIN LIMITED CLASS A","NASDAQ"
"BTOP","BIT TR BT-ET TR RO ST ET-USD","BTOP","BITWISE TRENDWISE BTC/ETH & TREASURIES ROTATION","NYSE"
"BTOT","ISHARES TOTL USD F I MAR ETF","BTOT","ISHARES TOTAL USD FIXED INCOME MARKET","NYSE"
"BTQ","BTQ TECHNOLOGIES CORP","BTQ","BTQ TECHNOLOGIES CORP.","NASDAQ"
"BTR","BEACON TACTICAL RISK ETF","BTR","BEACON TACTICAL RISK ETF","NYSE"
"BTRN","GLOBAL X BITCOIN TND STR ETF","BTRN","GLOBAL X BITCOIN TREND STRATEGY ETF","NYSE"
"BTSG","BRIGHTSPRING HEALTH SERVICES","BTSG","BRIGHTSPRING HEALTH SERVICES, INC.","NASDAQ"
"BTSGU","BRIGHTSPRING HEALTH SERVICES INC","BTSGU","BRIGHTSPRING HEALTH SERVICES TANGIBLE EQUITY UNT","NASDAQ"
"BTT","BLACKROCK 2030 MUNI TRGT TRM","BTT","BLACKROCK MUNI 2030 TARGET TERM TR","NYSE"
"BTTC","BLACK TITAN CORP","BTTC","BLACK TITAN CORPORATION","NASDAQ"
"BTU","PEABODY ENERGY CORP","BTU","PEABODY ENERGY CORP","NYSE"
"BTX","BLACKROCK TECH & PRIV EQTY","BTX","BLACKROCK TECHNOLOGY & PRIVATE EQUITY TERM TRUST","NYSE"
"BTZ","BLACKROCK CREDIT ALLOCATION","BTZ","BLACKROCK CREDIT ALLOCATION TR","NYSE"
"BU","DEFIANCE DT 2X L B ETF","BU","DEFIANCE DAILY TARGET 2X LONG BU ETF","NASDAQ"
"BUCK","SIMPLIFY TREASURY OPTION INC","BUCK","SIMPLIFY TREASURY OPTION INCOME ETF","NYSE"
"BUD","ANHEUSER-BUSCH INBEV SPN ADR","BUD","ANHEUSER-BUSCH INBEV","NYSE"
"BUDA","BUDA JUICE INC","BUDA","BUDA JUICE INC","NYSE_AMERICAN"
"BUFB","INNOVATOR LADD ALLO BUFF ETF","BUFB","INNOVATOR LADDERED ALLOCATION BUFFER ETF","BATS"
"BUFC","AB CONSERVATIVE BUFFER ETF","BUFC","AB CONSERVATIVE BUFFER ETF","NASDAQ"
"BUFD","FT VST LAD DEEP BUF ETF-USDI","BUFD","FT CBOE VEST FUND OF DEEP BUFFER ETFS","BATS"
"BUFF","INNOVATOR LADDERED ALLOCATIO","BUFF","BLUE BUFFALO PET PRODUCTS, INC.","BATS"
"BUFG","FT VEST BUFFERED ALLOCATION","BUFG","FT CBOE VEST BUFFERED ALLOCATION GROWTH ETF","BATS"
"BUFH","FT VEST LADDERED MAXBUF ETF","BUFH","FT VEST LADDERED MAX BUFFER ETF","BATS"
"BUFI","AB INTERNATIONAL BUFFER ETF","BUFI","AB INTERNATIONAL BUFFER ETF","NASDAQ"
"BUFM","AB MODERATE BUFFER ETF","BUFM","AB MODERATE BUFFER ETF","NASDAQ"
"BUFP","PGIM LADDERED S&P 500 BUFFER","BUFP","SHL TELEMEDICINE PGIM LADDERED FUND OF BUFFER 12","BATS"
"BUFQ","FT VST LAD NSDQ BUF ETF-USDI","BUFQ","FIRST TR VIII CBOE VEST FUND OF NASDAQ-100 BUFFER","BATS"
"BUFR","FT VEST LAD BUFFERVETF-USD I","BUFR","FT CBOE VEST FUND OF BUFFER ETF","BATS"
"BUFS","FTVEST LDDRDSMCPMOD BUFF ETF","BUFS","FT VEST LADDERED SMALL CAP MODERATE BUFFER ETF","BATS"
"BUFT","FT VEST BUFFERED ALLOCATION","BUFT","FT CBOE VEST BUFFERED ALLOCATION DEFENSIVE ETF","BATS"
"BUFY","FTVEST LDDRDINTLMOD BUFF ETF","BUFY","FIRST TR VIII VEST LADDERED INTL MODERATE BUFFER","BATS"
"BUFZ","FT VEST LADDERED MODERATE BU","BUFZ","FIRST TR VIII CBOE VEST LADDERED MODERATE BUFFER","BATS"
"BUG","GLOBAL X CYBERSECURITY ETF","BUG","GLOBAL X CYBERSECURITY ETF","NASDAQ"
"BUI","BLCKRCK UTIL INFRA & PWR OPP","BUI","BLACKROCK UTIL & INFRA TRUST C","NYSE"
"BUL","PACER US CASH COWS GROWTH","BUL","PACER US CASH COWS GROWTH ETF","NYSE"
"BULD","PACER BLUESTAR ENG FUTURE","BULD","PACER FUNDS PACER BLUESTAR ENGINEERING THE FUTURE","NASDAQ"
"BULG","LEVERAGE SHARES 2X BULL","BULG","LEVERAGE SHARES 2X LONG BULL DAILY ETF","NASDAQ"
"BULL","WEBULL CORP","BULL","WEBULL CORPORATION CLASS A","NASDAQ"
"BULZ","MICROSECTORS FANG&INN 3X LEV","BULZ","MICROSECTORS FANG & INNOVATION 3X LEVERAGED ETN","NYSE"
"BUR","BURFORD CAPITAL LTD","BUR","BURFORD CAPITAL LTD","NYSE"
"BURL","BURLINGTON STORES INC","BURL","BURLINGTON STORES INC","NYSE"
"BURU","NUBURU INC","BURU","NUBURU INC","NYSE_AMERICAN"
"BUSA","BRANDES U.S. VALUE ETF","BUSA","BRANDES INTERNATIONAL ETF BRANDES U.S. VALUE ETF","BATS"
"BUSE","FIRST BUSEY CORP","BUSE","FIRST BUSEY","NASDAQ"
"BUSEP","FIRST BUSEY CORPORATION","BUSEP","FIRST BUSEY CORPORATION DS (1/40 8.25% SER B PF)","NASDAQ"
"BUUU","BUUU GROUP LTD-CL A","BUUU","BUUU GROUP LIMITED CLASS A","NASDAQ"
"BUXX","STRIVE ENHANCED INCOME SHORT","BUXX","STRIVE ENHANCED INCOME SHORT MATURITY ETF","NYSE"
"BUYW","MAIN BUYWRITE ETF","BUYW","NORTHERN LIGHTS FUND TRUST IV MAIN BUYWRITE ETF","BATS"
"BUYZ","FRANKLIN DISRUPTIVE COMMERCE","BUYZ","FRANKLIN DISRUPTIVE COMMERCE ETF","BATS"
"BUZZ","VANECK SOCIAL SENTIMENT ETF","BUZZ","VANECK SOCIAL SENTIMENT ETF","NYSE"
"BV","BRIGHTVIEW HOLDINGS INC","BV","BRIGHTVIEW HOLDINGS INC","NYSE"
"BVC","BITVENTURES LTD","BVC","BITVENTURES LIMITED","NASDAQ"
"BVFL","BV FINANCIAL INC","BVFL","BV FINANCIAL, INC.","NASDAQ"
"BVN","CIA DE MINAS BUENAVENTUR-ADR","BVN","BUENAVENTURA MINING","NYSE"
"BVS","BIOVENTUS INC - A","BVS","BIOVENTUS INC. CLASS A COMMON STOCK","NASDAQ"
"BW","BABCOCK & WILCOX ENTERPR","BW","BABCOCK & WILCOX ENTERPRISES INC","NYSE"
"BWA","BORGWARNER INC","BWA","BORGWARNER","NYSE"
"BWAY","BRAINSWAY LTD-ADR","BWAY","BRAINSWAY LTD. ADS","NASDAQ"
"BWB","BRIDGEWATER BANCSHARES INC","BWB","BRIDGEWATER BANCSHARES, INC.","NASDAQ"
"BWBBP","BRIDGEWATER BANCSHARES","BWBBP","BRIDGEWATER BANCSHARES (1/100 5.875% PF SERIES A)","NASDAQ"
"BWEB","BITWISE WEB3 ETF","BWEB","BITWISE WEB3 ETF","NYSE"
"BWEN","BROADWIND INC","BWEN","BROADWIND INC","NASDAQ"
"BWFG","BANKWELL FINANCIAL GROUP INC","BWFG","BANKWELL FINANCIAL GROUP, INC.","NASDAQ"
"BWG","BRANDYWINEGLOBAL GLOBAL INCO","BWG","BRANDYWINEGLOBAL GLOBAL INCOME OPPTY FUND INC","NYSE"
"BWIN","BALDWIN INSURANCE GROUP INC-","BWIN","THE BALDWIN INSURANCE GROUP, INC. CLASS A","NASDAQ"
"BWLP","BW LPG LTD","BWLP","BW LPG LTD","NYSE"
"BWMN","BOWMAN CONSULTING GROUP LTD","BWMN","BOWMAN CONSULTING GROUP LTD.","NASDAQ"
"BWMX","BETTERWARE DE MEXICO SAPI DE","BWMX","BETTERWARE DE MEXICO SA DE CV","NYSE"
"BWNB","BABCOCK & WILCOX ENTERPR","BWNB","BABCOCK & WILCOX ENTERPRISES, INC. 6.50% SRNT 2026","NYSE"
"BWOW","BITWISE DOGECOIN ETF","BWOW","BITWISE DOGECOIN ETF","NYSE"
"BWTG","BRENDAN WOOD TOPGUN ETF","BWTG","ETF OPPORTUNITIES TRUST BRENDAN WOOD TOPGUN ETF","BATS"
"BWX","SPDR BLOOMBERG INT TREASURY","BWX","SPDR BLOOMBERG INTL TREASURY BOND ETF","NYSE"
"BWXT","BWX TECHNOLOGIES INC","BWXT","BWX TECHNOLOGIES INC","NYSE"
"BWZ","SPDR BLOOMBERG SHORT TERM IN","BWZ","SPDR BLOOMBERG CAP S/T INTL TRE","NYSE"
"BX","BLACKSTONE INC","BX","BLACKSTONE INC","NYSE"
"BXC","BLUELINX HOLDINGS INC","BXC","BLUELINX HOLDINGS","NYSE"
"BXMT","BLACKSTONE MORTGAGE TRU-CL A","BXMT","BLACKSTONE MORTGAGE TRUST INC","NYSE"
"BXP","BXP INC","BXP","BXP INC","NYSE"
"BXSL","BLACKSTONE SECURED LENDING F","BXSL","BLACKSTONE SECURED LENDING FUND","NYSE"
"BY","BYLINE BANCORP INC","BY","BYLINE BANCORP INC","NYSE"
"BYAH","PARK HA BIOLOGICAL TECH-A","BYAH","PARK HA BIOLOGICAL TECHNOLOGY CO., LTD. CLASS A","NASDAQ"
"BYD","BOYD GAMING CORP","BYD","BOYD GAMING","NYSE"
"BYFC","BROADWAY FINANCIAL CORP-DE","BYFC","BROADWAY FINANCIAL","NASDAQ"
"BYLD","ISHARES YIELD OPTIMIZED BOND","BYLD","ISHARES YIELD OPTIMIZED BOND","NYSE"
"BYND","BEYOND MEAT INC","BYND","BEYOND MEAT, INC. COMMON STOCK","NASDAQ"
"BYRE","PRINCIPAL RL EST ACT OPP ETF","BYRE","PRINCIPAL PRINCIPAL REAL ESTATE ACTIVE OPPTY","NYSE"
"BYRN","BYRNA TECHNOLOGIES INC","BYRN","BYRNA TECHNOLOGIES, INC. COMMON STOCK","NASDAQ"
"BYSI","BEYONDSPRING INC","BYSI","BEYONDSPRING, INC. ORDINARY SHARES","NASDAQ"
"BZ","KANZHUN LTD - ADR","BZ","KANZHUN LIMITED ADS","NASDAQ"
"BZAI","BLAIZE HOLDINGS INC","BZAI","BLAIZE HOLDINGS, INC.","NASDAQ"
"BZFD","BUZZFEED INC","BZFD","BUZZFEED, INC. CLASS A COMMON STOCK","NASDAQ"
"BZH","BEAZER HOMES USA INC","BZH","BEAZER HOMES USA","NYSE"
"BZQ","PROSHARES ULTRASHORT MSCI BR","BZQ","PROSHARES ULTRASHORT MSCI BRAZ","NYSE"
"BZUN","BAOZUN INC-SPN ADR","BZUN","BAOZUN INC. AMERICAN DEPOSITARY SHARES","NASDAQ"
"C","CITIGROUP INC","C","CITIGROUP","NYSE"
"CA","XTRACKERS CA MUNI BOND ETF","CA","XTRACKERS CALIFORNIA MUNI BNDS ETF","NASDAQ"
"CAAA","FIRST TRUST AAA CMBS ETF-USD","CAAA","FIRST TRUSTAAA CMBS ETF","NYSE"
"CAAP","CORP AMERICA AIRPORTS SA","CAAP","CORPORACION AMERICA AIRPORTS SA","NYSE"
"CAAS","CHINA AUTOMOTIVE SYSTEMS INC","CAAS","CHINA AUTOMOTIVE SYSTEMS, INC.","NASDAQ"
"CABA","CABALETTA BIO INC","CABA","CABALETTA BIO INC.","NASDAQ"
"CABO","CABLE ONE INC","CABO","CABLE ONE INC","NYSE"
"CABR","CARING BRANDS INC","CABR","CARING BRANDS, INC.","NASDAQ"
"CABZ","RNDHLL RBTXI AUTOVHCLS&TECH","CABZ","ROUNDHILL ROBOTAXI, AUTONOMOUS VEHICLES & TECH","BATS"
"CAC","CAMDEN NATIONAL CORP","CAC","CAMDEN NATIONAL","NASDAQ"
"CACC","CREDIT ACCEPTANCE CORP","CACC","CREDIT ACCEPTANCE","NASDAQ"
"CACI","CACI INTERNATIONAL INC -CL A","CACI","CACI INTERNATIONAL","NYSE"
"CADL","CANDEL THERAPEUTICS INC","CADL","CANDEL THERAPEUTICS, INC.","NASDAQ"
"CAE","CAE INC","CAE","CAE","NYSE"
"CAEP","CANTOR EQUITY PARTNERS III-A","CAEP","CANTOR EQUITY PARTNERS III, INC. CLASS A","NASDAQ"
"CAF","MORGAN STANLEY CHINA A SHARE","CAF","MS CHINA A SHARE COMMON","NYSE"
"CAFG","PACER US SC CASH COW GR LEAD","CAFG","PACER US SMALL CAP CASH COWS GROWTH LEADERS ETF","NASDAQ"
"CAFX","CONGRESS INTERMEDIATE BOND","CAFX","CONGRESS INTERMEDIATE BOND","NYSE"
"CAG","CONAGRA BRANDS INC","CAG","CONAGRA BRANDS INC","NYSE"
"CAH","CARDINAL HEALTH INC","CAH","CARDINAL HEALTH","NYSE"
"CAI","CARIS LIFE SCIENCES INC","CAI","CARIS LIFE SCIENCES, INC.","NASDAQ"
"CAIE","CALAMOS AUTOCALLABLE INC ETF","CAIE","CALAMOS AUTOCALLABLE INCOME ETF","NYSE"
"CAIQ","CALAMOS NASDAQ AUTOCALL ETF","CAIQ","CALAMOS NASDAQ AUTOCALLABLE INCOME ETF","NASDAQ"
"CAKE","CHEESECAKE FACTORY INC-THE","CAKE","CHEESECAKE FACTORY","NASDAQ"
"CAL","CALERES INC","CAL","CALERES INC","NYSE"
"CALC","CALCIMEDICA INC","CALC","CALCIMEDICA, INC.","NASDAQ"
"CALF","PCR US SM CP CSH CWS ETF-USD","CALF","PACER US SMALL CAP CASH COWS 100 ETF","BATS"
"CALI","ISHRS SH-TRM CA MUNI ACT ETF","CALI","BLACKROCK TRUST II ISHARES SHORT-TERM CALIFORNIA M","NASDAQ"
"CALM","CAL-MAINE FOODS INC","CALM","CAL-MAINE FOODS","NASDAQ"
"CALX","CALIX INC","CALX","CALIX","NYSE"
"CALY","CALLAWAY GOLF COMPANY","CALY","CALLAWAY GOLF CO","NYSE"
"CAML","CONGRESS LARGE CAP GROWTH","CAML","CONGRESS LARGE CAP GROWTH ETF","NYSE"
"CAMP","CAMP4 THERAPEUTICS CORP","CAMP","CAMP4 THERAPEUTICS CORPORATION","NASDAQ"
"CAMT","CAMTEK LIMITED","CAMT","CAMTEK","NASDAQ"
"CAMX","CAMBIAR AGGRESSIVE VALUE ETF","CAMX","CAMBIAR AGGRESSIVE VALUE ETF","NYSE"
"CAN","CANAAN INC.","CAN","CANAAN INC. ADR OVERVIEW","NASDAQ"
"CANC","TEMA ONCOLOGY ETF","CANC","TEMA ONCOLOGY ETF","NASDAQ"
"CANE","TEUCRIUM SUGAR FUND","CANE","TEUCRIUM SUGAR","NYSE"
"CANF","CAN FITE BIOPHARMA LTD-ADR","CANF","CAN-FITE BIOPHARMA LTD.","NYSE_AMERICAN"
"CANG","CANGO INC-KY - CLASS A","CANG","CARGO INC","NYSE"
"CANQ","CALAMOS NASDAQ EQUITY & INCO","CANQ","CALAMOS CALAMOS NASDAQ EQUITY & INCOME","NASDAQ"
"CAOS","ALPHA ARCHITECT TAIL RISK","CAOS","EA SERIES TRUST ALPHA ARCHITECT TAIL RISK ETF","BATS"
"CAPE","DOUBLELINE SHILLER CAPE US","CAPE","DOUBLELINE SHILLER CAPE US EQUITIES ETF","NYSE"
"CAPL","CROSSAMERICA PARTNERS LP","CAPL","CROSSAMERICA PARTNERS LP","NYSE"
"CAPN","CAYSON ACQUISITION CORP","CAPN","CAYSON ACQUISITION CORP","NASDAQ"
"CAPNU","CAYSON ACQUISITION CORP","CAPNU","CAYSON ACQUISITION CORP UTS","NASDAQ"
"CAPR","CAPRICOR THERAPEUTICS INC","CAPR","CAPRICOR THERAPEUTICS, INC. CO","NASDAQ"
"CAPS","CAPSTONE HOLDING CORP","CAPS","CAPSTONE HC.","NASDAQ"
"CAQ","CAMBRIDGE ACQUISITION CORP-A","CAQ","CAMBRIDGE ACQUISITION CORP. CLASS A","NASDAQ"
"CAQUU","CAMBRIDGE ACQUISITION CORP","CAQUU","CAMBRIDGE ACQUISITION CORP. UNT","NASDAQ"
"CAR","AVIS BUDGET GROUP INC","CAR","AVIS BUDGET GROUP","NASDAQ"
"CARD","MAX -3X INVERSE LEVERAGED","CARD","MAX AUTO INDUSTRY -3X INVERSE LEVERAGED ETN","NYSE"
"CARE","CARTER BANKSHARES INC","CARE","CARTER BANKSHARES INC","NASDAQ"
"CARG","CARGURUS INC","CARG","CARGURUS, INC. CLASS A COMMON STOCK","NASDAQ"
"CARK","CASTLEARK LARGE GROWTH ETF","CARK","CASTLEARK LARGE GROWTH ETF","NYSE"
"CARL","CARLSMED INC","CARL","CARLSMED, INC.","NASDAQ"
"CARR","CARRIER GLOBAL CORP","CARR","CARRIER GLOBAL CORP","NYSE"
"CARS","CARS.COM INC","CARS","CARS COM INC","NYSE"
"CART","MAPLEBEAR INC","CART","MAPLEBEAR INC.","NASDAQ"
"CARU","MAX AUTO 3X LEVERAGED","CARU","MAX AUTO INDUSTRY 3X LEVERAGED ETN","NYSE"
"CARY","ANGEL OAK INCOME ETF","CARY","ANGEL OAK INCOME ETF","NASDAQ"
"CARZ","FIRST TRUST S-NETWORK FUTURE","CARZ","FIRST TRUST NASDAQ GLOBAL AUTO","NASDAQ"
"CAS","SIMPLIFY CHINA A SP INC ETF","CAS","SIMPLIFY CHINA A SHARES PLUS INCOME ETF","NYSE"
"CASH","PATHWARD FINANCIAL INC","CASH","PATHWARD FINANCIAL INC","NASDAQ"
"CASS","CASS INFORMATION SYSTEMS INC","CASS","CASS INFORMATION SYSTEMS","NASDAQ"
"CAST","FREECAST INC-A","CAST","FREECAST, INC. CLASS A","NASDAQ"
"CASY","CASEY'S GENERAL STORES INC","CASY","CASEY'S GENERAL STORES","NASDAQ"
"CAT","CATERPILLAR INC","CAT","CATERPILLAR","NYSE"
"CATF","AMERICAN CENTURY CA MUNI ETF","CATF","AMERICAN CENTURY CALIFORNIA MUNICIPAL BOND ETF","NYSE"
"CATH","GLOBAL X S&P 500 CA VAL ETF","CATH","GLOBALX S&P500 CATHOLIC VALUES ETF","NASDAQ"
"CATO","CATO CORP-CLASS A","CATO","CATO","NYSE"
"CATX","PERSPECTIVE THERAPEUTICS INC","CATX","PERSPECTIVE THERAPEUTICS INC","NYSE_AMERICAN"
"CATY","CATHAY GENERAL BANCORP","CATY","CATHAY GENERAL BANCORP","NASDAQ"
"CAVA","CAVA GROUP INC","CAVA","CAVA GROUP INC","NYSE"
"CB","CHUBB LTD","CB","CHUBB","NYSE"
"CBAN","COLONY BANKCORP","CBAN","COLONY BANKCORP","NYSE"
"CBAT","CBAK ENERGY TECHNOLOGY INC","CBAT","CBAK ENERGY TECHNOLOGY, INC.","NASDAQ"
"CBC","CENTRAL BANCOMPANY","CBC","CENTRAL BANCOMPANY, INC. CLASS A","NASDAQ"
"CBFV","CB FINANCIAL SERVICES INC","CBFV","CB FINANCIAL SVC CMN","NASDAQ"
"CBIO","CRESCENT BIOPHARMA INC","CBIO","CRESCENT BIOPHARMA, INC.","NASDAQ"
"CBK","COMMERCIAL BANCGROUP INC","CBK","COMMERCIAL BANCGROUP, INC.","NASDAQ"
"CBL","CBL & ASSOCIATES PROPERTIES","CBL","CBL & ASSOCIATES PROPERTIES INC","NYSE"
"CBLL","CERIBELL INC","CBLL","CERIBELL, INC.","NASDAQ"
"CBLS","CLOUGH HEDGED EQUITY ETF","CBLS","CLOUGH LONG/SHORT EQUITY ETF","NYSE"
"CBNA","CHAIN BRIDGE BANCORP INC-A","CBNA","CHAIN BRIDGE BANCORP INC","NYSE"
"CBNK","CAPITAL BANCORP INC-MD","CBNK","CAPITAL BANCORP, INC. COMMON STOCK","NASDAQ"
"CBOA","CALAMOS BITCOIN SA PROT APR","CBOA","CALAMOS CALAMOS BITCOIN STRUCTURED ALT PROT APR","BATS"
"CBOE","CBOE GLOBAL MARKETS INC","CBOE","CBOE GLOBAL MARKETS INC","BATS"
"CBOJ","CALMS BTC S ALT PR ETF - JAN","CBOJ","CALAMOS CALAMOS BITCOIN STRUCTURED ALT PROT JAN","BATS"
"CBON","VANECK CHINA BOND ETF","CBON","VANECK CHINA BOND ETF","NYSE"
"CBOO","CALAMOS BITCOIN STR A-P OCT","CBOO","CALAMOS CALAMOS BITCOIN STRUCTURED ALT PROT OCT","BATS"
"CBOY","CALAMOS BITCOIN STR A-P-JUL","CBOY","CALAMOS CALAMOS BITCOIN STRUCTURED ALT PROT JUL","BATS"
"CBRE","CBRE GROUP INC - A","CBRE","CBRE GROUP","NYSE"
"CBRL","CRACKER BARREL OLD COUNTRY","CBRL","CRACKER BARREL OLD","NASDAQ"
"CBSE","CLOUGH SELECT EQUITY ETF","CBSE","CLOUGH SELECT EQUITY ETF","NYSE"
"CBSH","COMMERCE BANCSHARES INC","CBSH","COMMERCE BANCSHARES","NASDAQ"
"CBT","CABOT CORP","CBT","CABOT","NYSE"
"CBTA","CAL BICN 80 S S AL PRT ETF-A","CBTA","CALAMOS BITCOIN 80 SER STRUCTURED ALT PROT APR","BATS"
"CBTJ","CALAMOS BITCOIN 80 P ETF JAN","CBTJ","CALAMOS BITCOIN 80 SER STRUCT ALT PROTECTION JAN","BATS"
"CBTL","CALAMOS LDDR BITCOIN 80 SER","CBTL","CALAMOS LADDERED BITCOIN 80 SER STRUC ALT PROT","BATS"
"CBTO","CALAMOS BITCOIN 80 STR-OCT","CBTO","CALAMOS BITCOIN 80 SER STRUCT ALT PROT OCT","BATS"
"CBTY","CALAMOS BITCOIN 80 STR-JUL","CBTY","CALAMOS BITCOIN 80 SERIES ST ALT PRO ETF-JULY","BATS"
"CBU","COMMUNITY FINANCIAL SYSTEM I","CBU","COMMUNITY FINANCIAL SYSTEM","NYSE"
"CBUS","CIBUS INC","CBUS","CIBUS, INC. CLASS A","NASDAQ"
"CBXA","CALAMOS BITCOIN 90 STR-APR","CBXA","CALAMOS BITCOIN 90 SER STRUCTURED ALT PROT APR","BATS"
"CBXJ","CALAMOS BITCOIN 90 P ETF JAN","CBXJ","CALAMOS BITCOIN 90 SER STRUCT ALT PROTECTION JAN","BATS"
"CBXO","CALAMOS BITCOIN 90 STR-OCT","CBXO","CALAMOS BITCOIN 90 SER STRUCT ALT PROT OCT","BATS"
"CBXY","CAL BIT 90 S S ALT PRO ETF J","CBXY","CALAMOS BITCOIN 90 SER STRUCTURED ALT PROT JULY","BATS"
"CBZ","CBIZ INC","CBZ","CBIZ","NYSE"
"CC","CHEMOURS CO-THE","CC","CHEMOURS CO","NYSE"
"CCAP","CRESCENT CAPITAL BDC INC","CCAP","CRESCENT CAPITAL BDC, INC. COMMON STOCK","NASDAQ"
"CCB","COASTAL FINANCIAL CORP-WA","CCB","COASTAL FINANCIAL CORPORATION","NASDAQ"
"CCBG","CAPITAL CITY BANK GROUP INC","CCBG","CAPITAL CITY BANK GROUP","NASDAQ"
"CCC","CCC INTELLIGENT SOLUTIONS HO","CCC","CCC INTELLIGENT SOLUTIONS HOLDINGS INC.","NASDAQ"
"CCCC","C4 THERAPEUTICS INC","CCCC","C4 THERAPEUTICS, INC. COMMON STOCK","NASDAQ"
"CCD","CALAMOS DYN CONVERT & INC","CCD","CALAMOS DYNAMIC CONVERTIBLE &","NASDAQ"
"CCEC","CAPITAL CLEAN ENERGY CARRIER","CCEC","CAPITAL CLEAN ENERGY CARRIERS CORP.","NASDAQ"
"CCEF","CALAMOS CEF INC & ARBITR ETF","CCEF","CALAMOS CEF INCOME & ARBITRAGE ETF","NYSE"
"CCEL","CRYO-CELL INTL INC","CCEL","CRYO-CELL INTERNATIONAL, INC.","NYSE_AMERICAN"
"CCEP","COCA-COLA EUROPACIFIC PARTNE","CCEP","COCA-COLA EUROPACIFIC PARTNERS PLC","NASDAQ"
"CCFE","CONCO CAP FOCUSED EQUITY ETF","CCFE","CONCOURSE CAPITAL FOCUSED EQUITY ETF","NASDAQ"
"CCG","CHECHE GROUP INC","CCG","CHECHE GROUP INC. CLASS A","NASDAQ"
"CCHH","CCH HOLDINGS LTD","CCHH","CCH HOLDINGS LTD","NASDAQ"
"CCI","CROWN CASTLE INC","CCI","CROWN CASTLE INC","NYSE"
"CCID","CARLYLE CR INCOME FD PFD CL D","CCID","CARLYLE CREDIT INCOME FUND SER D PFD","NYSE"
"CCIF","CARLYLE CREDIT INCOME FUND","CCIF","CARLYLE CREDIT INCOME FUND","NYSE"
"CCII","COHEN CIRCLE ACQUISIT II - A","CCII","COHEN CIRCLE ACQUISITION CORP. II CLASS A","NASDAQ"
"CCIX","CHURCHILL CAPITAL CORP IX","CCIX","CHURCHILL CAPITAL CORP IX","NASDAQ"
"CCIXU","CHURCHILL CAPITAL CORP IX","CCIXU","CHURCHILL CAPITAL CORP IX UNT","NASDAQ"
"CCJ","CAMECO CORP","CCJ","CAMECO","NYSE"
"CCK","CROWN HOLDINGS INC","CCK","CROWN HOLDINGS","NYSE"
"CCL","CARNIVAL CORP","CCL","CARNIVAL","NYSE"
"CCLD","CARECLOUD INC","CCLD","CARECLOUD, INC.","NASDAQ"
"CCLDO","CARECLOUD INC","CCLDO","CARECLOUD, INC. 8.75% SERIES B PF","NASDAQ"
"CCM","CONCORD MEDICAL - SPON ADR","CCM","CONCORD MEDICAL SERVICES","NYSE"
"CCNE","CNB FINANCIAL CORP-PA","CCNE","CNB FINANCIAL","NASDAQ"
"CCNEP","CNB FINANCIAL CORP-PA","CCNEP","CNB FIN CORP DS (1/40 7.125% SERIES A PF)","NASDAQ"
"CCNR","ALPS CORECOMMODITY NTRL RES","CCNR","CORECOMMODITY NATURAL RESOURCES ETF","NASDAQ"
"CCO","CLEAR CHANNEL OUTDOOR HOLDIN","CCO","CLEAR CHANNEL OUTDOOR","NYSE"
"CCOI","COGENT COMMUNICATIONS HOLDIN","CCOI","COGENT COMMUNICATIONS HOLDINGS","NASDAQ"
"CCOM","SIMPLIFY CHINA COM STR NO K1","CCOM","SIMPLIFY CHINESE COMMODITIES STRATEGY NO K-1 ETF","NYSE"
"CCOR","CORE ALTERNATIVE ETF","CCOR","CORE ALTERNATIVE ETF","NYSE"
"CCRN","CROSS COUNTRY HEALTHCARE INC","CCRN","CROSS COUNTRY HEALTHCARE","NASDAQ"
"CCS","CENTURY COMMUNITIES INC","CCS","CENTURY COMMUNITIES INC","NYSE"
"CCSB","CARBON COLLECTIVE SH DUR ETF","CCSB","CARBON COLLECTIVE SHORT DURATION GREEN BOND ETF","NASDAQ"
"CCSI","CONSENSUS CLOUD SOLUTION","CCSI","CONSENSUS CLOUD SOLUTIONS, INC.","NASDAQ"
"CCSO","CRBN CLCTV CLM SOL US EQY","CCSO","CARBON COLLECTIVE CLIMATE SOLUTIONS US EQUITY ETF","NASDAQ"
"CCTG","CCSC TECHNOLOGY INTERNATIONA","CCTG","CCSC TECHNOLOGY INTERNATIONAL HOLDINGS LIMITED","NASDAQ"
"CCU","CIA CERVECERIAS UNI-SPON ADR","CCU","UNITED BREWERIES COMPANY","NYSE"
"CCUP","T-REX 2X LNG CRCL D TRGT ETF","CCUP","OPPTY T-REX 2X LONG CRCL DAILY TARGET","BATS"
"CCXI","CHURCHILL CAPITAL CORP-CL A","CCXI","CHURCHILL CAPITAL CORP XI CLASS A","NASDAQ"
"CCXIU","CHURCHILL CAPITAL CORP XI","CCXIU","CHURCHILL CAPITAL CORP XI UNT","NASDAQ"
"CCZ","COMCAST 2.0% EX SB 101529 ZONE","CCZ","COMCAST 2 % ZERO PREMIUM OPTIO","NYSE"
"CD","CHAINCE DIGITAL HOLDINGS INC","CD","CHAINCE DIGITAL HOLDINGS INC.","NASDAQ"
"CDC","VICTORYSHARES US EQ INCOME E","CDC","VICTORYSHARES US EQ INCOME ENHANCED VLT WTD ETF","NASDAQ"
"CDE","COEUR MINING INC","CDE","COUER MINING INC","NYSE"
"CDEI","CALVERT US L-C DEI INDEX ETF","CDEI","CALVERT US LARGE-CAP DIVERSITY EQ INCL ETF","NYSE"
"CDIG","CITY DIF INVEST GLOBAL E ETF","CDIG","CITY DIFFERENT INVESTMENTS GLOBAL EQUITY ETF","NASDAQ"
"CDIO","CARDIO DIAGNOSTICS HOLDINGS","CDIO","CARDIO DIAGNOSTICS HOLDINGS INC.","NASDAQ"
"CDL","VICTORYSHARES US LARGE CAP H","CDL","VICTORYSHARES US LARGE CAP HIGH DIV VLT WTD ETF","NASDAQ"
"CDLR","CADELER A-S-ADR","CDLR","CADELER A/S","NYSE"
"CDLX","CARDLYTICS INC","CDLX","CARDLYTICS, INC. COMMON STOCK","NASDAQ"
"CDNA","CAREDX INC","CDNA","CAREDX INC","NASDAQ"
"CDNL","CARDINAL INFRASTRUCTURE GR-A","CDNL","CARDINAL INFRASTRUCTURE GROUP INC. CLASS A","NASDAQ"
"CDNS","CADENCE DESIGN SYS INC","CDNS","CADENCE DESIGN SYSTEMS","NASDAQ"
"CDP","COPT DEFENSE PROPERTIES","CDP","COPT DEFENSE PROPERTIES","NYSE"
"CDRE","CADRE HOLDINGS INC","CDRE","CADRE HOLDINGS INC","NYSE"
"CDRO","CODERE ONLINE LUXEMBOURG SA","CDRO","CODERE ONLINE LUXEMBOURG, S.A.","NASDAQ"
"CDT","CDT EQUITY INC","CDT","CDT EQUITY INC.","NASDAQ"
"CDTG","CDT ENVIRONMENTAL TECHNOLOGY","CDTG","CDT ENVIRONMENTAL TECH INVESTMENT HOLDINGS LTD","NASDAQ"
"CDW","CDW CORP-DE","CDW","CDW CORPORATION COMMON STOCK","NASDAQ"
"CDX","SIMPLIFY HIGH YIELD ETF","CDX","SIMPLIFY HIGH YIELD ETF","NYSE"
"CDXS","CODEXIS INC","CDXS","CODEXIS","NASDAQ"
"CDZI","CADIZ INC","CDZI","CADIZ","NASDAQ"
"CDZIP","CADIZ INC","CDZIP","CADIZ, INC. DEPOSITARY SHARES","NASDAQ"
"CE","CELANESE CORP","CE","CELANESE","NYSE"
"CECO","CECO ENVIRONMENTAL CORP","CECO","CECO ENVIRONMENTAL CORP.","NASDAQ"
"CEE","CENTRAL AND EASTERN EUROPE F","CEE","CENTRAL AND EASTERN EUROPE FUND INC","NYSE"
"CEF","SPROTT PHYSICAL GOLD AND SIL","CEF","CENTRAL FUND OF CANADA","NYSE"
"CEFA","GLOBAL X S&P CATH VAL DEVEL","CEFA","GLOBAL X S&P CATHOLIC VALUES DEVELOPED EX-U.S. ETF","NASDAQ"
"CEFD","ETRACS 150% CL END FUND ETN","CEFD","ETRACS MONTHLY PAY 1.5X LVRGD CLOSED-END FUND ETN","NYSE"
"CEFS","SABA CLOSED END FUNDS ETF","CEFS","SABA CLOSED-END FUNDS ETF","BATS"
"CEFZ","RIVERNORTH ACTIVE INCOME ETF","CEFZ","ELEVATION SER TRUST RIVERNORTH ACTIVE INCOME ETF","BATS"
"CEG","CONSTELLATION ENERGY","CEG","CONSTELLATION ENERGY CORPORATION","NASDAQ"
"CEGX","TRADR 2X LONG CEG DAILY ETF","CEGX","TRADR 2X LONG ASTS DAILY ETF CEG DAILY ETF","BATS"
"CELC","CELCUITY INC","CELC","CELCUITY INC. COMMON STOCK","NASDAQ"
"CELH","CELSIUS HOLDINGS INC","CELH","CELSIUS HOLDINGS, INC. COMMON STOCK","NASDAQ"
"CELU","CELULARITY INC-A","CELU","CELULARITY INC","NASDAQ"
"CELZ","CREATIVE MEDICAL TECHNOLOGY","CELZ","CREATIVE MEDICAL TECHNOLOGY HOLDINGS, INC.","NASDAQ"
"CEMB","ISHARES JP MORGAN EM CORPORA","CEMB","ISHARES EMERGING MARKETS CORPO","BATS"
"CENN","CENNTRO INC","CENN","CENNTRO ELECTRIC GROUP LIMITED","NASDAQ"
"CENT","CENTRAL GARDEN & PET CO","CENT","CENTRAL GARDEN & PET","NASDAQ"
"CENTA","CENTRAL GARDEN AND PET CO-A","CENTA","CENTRAL GARDEN & PET CO. CLASS A","NASDAQ"
"CENX","CENTURY ALUMINUM COMPANY","CENX","CENTURY ALUMINUM","NASDAQ"
"CEPF","CANTOR EQUITY PARTNERS-CL A","CEPF","CANTOR EQUITY PARTNERS IV, INC. CLASS A","NASDAQ"
"CEPI","REX CRYPTO EQUITY PR INC ETF","CEPI","REX CRYPTO EQUITY PREMIUM INCOME ETF","NASDAQ"
"CEPO","CANTOR EQUITY PARTNERS I-A","CEPO","CANTOR EQUITY PARTNERS I, INC. CLASS A","NASDAQ"
"CEPS","CANTOR EQUITY PARTNERS VI -A","CEPS","CANTOR EQUITY PARTNERS VI, INC. CLASS A","NASDAQ"
"CEPT","CANTOR EQUITY PARTNERS-CL A","CEPT","CANTOR EQUITY PARTNERS II, INC. CLASS A","NASDAQ"
"CEPU","CENTRAL PUERTO-SPONSORED ADR","CEPU","CENTRAL PUERTO SA","NYSE"
"CEPV","CANTOR EQUITY PARTNERS-CL A","CEPV","CANTOR EQUITY PARTNERS V, INC. CLASS A","NASDAQ"
"CERS","CERUS CORP","CERS","CERUS","NASDAQ"
"CERT","CERTARA INC","CERT","CERTARA, INC.","NASDAQ"
"CERY","SS SPDR BBG EN RY CM ST N-UI","CERY","STATE STREET SPDR BLOOMBERG ENHANCED ROLL YLD COMM","NYSE"
"CET","CENTRAL SECURITIES CORP","CET","CENTRAL SECURITIES CORPORATION","NYSE_AMERICAN"
"CETX","CEMTREX INC","CETX","CEMTREX INC. COMMON STOCK","NASDAQ"
"CETY","CLEAN ENERGY TECHNOLOGIES IN","CETY","CLEAN ENERGY TECHNOLOGIES, INC.","NASDAQ"
"CEVA","CEVA INC","CEVA","CEVA","NASDAQ"
"CEW","WISDOMTREE EMERGING CURRENCY","CEW","WISDOMTREE EMERGING CURRENCY","NYSE"
"CF","CF INDUSTRIES HOLDINGS INC","CF","CF INDUSTRIES HOLDINGS","NYSE"
"CFA","VICTORYSHARES US 500 VOLATIL","CFA","VICTORYSHARES US 500 VOLATILITY WTD ETF","NASDAQ"
"CFBK","CF BANKSHARES INC","CFBK","CF BANKSHARES INC","NASDAQ"
"CFFI","C & F FINANCIAL CORP","CFFI","C&F FINANCIAL","NASDAQ"
"CFFN","CAPITOL FEDERAL FINANCIAL IN","CFFN","CAPITOL FEDERAL FINANCIAL","NASDAQ"
"CFG","CITIZENS FINANCIAL GROUP","CFG","CITIZENS FINANCIAL GROUP INC","NYSE"
"CFIT","CAMBRIA FIXED INCOME TREND","CFIT","CAMBRIA ETF TRUST CAMBRIA FIXED INCOME TREND ETF","BATS"
"CFND","C1 FUND INC","CFND","C1 FUND INC","NYSE"
"CFO","VICTORYSHARES US 500 ENHANCE","CFO","VICTORYSHARES US 500 ENHANCED VOLATILITY WTD ETF","NASDAQ"
"CFR","CULLEN-FROST BANKERS INC","CFR","CULLEN FROST BANKERS","NYSE"
"CG","CARLYLE GROUP INC-THE","CG","CARLYLE GROUP","NASDAQ"
"CGABL","CARLYLE FINANCE LLC","CGABL","THE CARLYLE GROUP INC. 4.625% SBNT 2061","NASDAQ"
"CGAU","CENTERRA GOLD INC","CGAU","CENTERRA GOLD INC SHARES","NYSE"
"CGBD","CARLYLE SECURED LENDING INC","CGBD","CARLYLE SECURED LENDING INC","NASDAQ"
"CGBL","CAP GROUP CORE BALANCED","CGBL","CAPITAL GROUP DIVIDEND GROWERS ETF","NYSE"
"CGC","CANOPY GROWTH CORP","CGC","CANOPY GROWTH CORP","NASDAQ"
"CGCB","CAP GROUP CORE BOND","CGCB","CAPITAL GROUP CORE BOND ETF","NYSE"
"CGCP","CAP GROUP CORE PLUS INCOME","CGCP","CAPITAL GROUP CORE PLUS INCOME ETF","NYSE"
"CGCT","CARTESIAN GROWTH CORP I-CL A","CGCT","CARTESIAN GROWTH CORPORATION III CLASS A","NASDAQ"
"CGCTU","CARTESIAN GROWTH CORP III","CGCTU","CARTESIAN GROWTH CORPORATION III UNT","NASDAQ"
"CGCV","CAP GROUP CONSERVATIVE EQ","CGCV","CAPITAL GROUP CONSERVATIVE EQUITY ETF","NYSE"
"CGDG","CAP GROUP DIVIDEND GROWERS","CGDG","CAPITAL GROUP DIVIDEND GROWERS ETF","NYSE"
"CGDV","CAP GROUP DIVIDEND VALUE","CGDV","CAPITAL GROUP DIVIDEND VALUE ETF","NYSE"
"CGEM","CULLINAN THERAPEUTICS INC","CGEM","CULLINAN ONCOLOGY INC","NASDAQ"
"CGEN","COMPUGEN LTD","CGEN","COMPUGEN","NASDAQ"
"CGGE","CAP GROUP GLOBAL EQ","CGGE","CAPITAL GROUP GLOBAL EQUITY ETF","NYSE"
"CGGG","CAP GROUP LARGE GROWTH","CGGG","CAPITAL GROUP US LARGE GROWTH ETF","NYSE"
"CGGO","CAP GROUP GLOBAL GROWTH","CGGO","CAPITAL GROUP GLOBAL GROWTH EQUITY ETF","NYSE"
"CGGR","CAP GROUP GROWTH EQUITY","CGGR","CAPITAL GROUP GROWTH ETF","NYSE"
"CGHM","CAP GROUP MUNI HIGH-INCOME","CGHM","CAPITAL GROUP MUNICIPAL HIGH INCOME ETF","NYSE"
"CGHY","CAP GROUP HIGH YIELD BOND","CGHY","CAPITAL GROUP FIXED INCOME ETF TRUST","NYSE"
"CGIB","CAP GROUP INTL BOND HDG","CGIB","CAPITAL GROUP INTERNATIONAL BOND ETF","NYSE"
"CGIC","CAP GROUP INTL CORE EQ","CGIC","CAPITAL GROUP INT'L CORE EQUITY ETF","NYSE"
"CGIE","CAP GROUP INTL EQUITY","CGIE","CAPITAL GROUP INTERNATIONAL EQUITY ETF","NYSE"
"CGMM","CAP GROUP SMALL AND MID CAP","CGMM","CAPITAL GROUP US SMALL AND MID CAP ETF","NYSE"
"CGMS","CAP GROUP US MULTI-SECT BOND","CGMS","CAPITAL GROUP US MULTI-SECTOR INCOME ETF","NYSE"
"CGMU","CAP GROUP MUNICIPAL INCOME","CGMU","CAPITAL GROUP MUNICIPAL INCOME ETF","NYSE"
"CGNG","CAP GROUP NEW GEOGRAPHY EQ","CGNG","CAPITAL GROUP NEW GEOGRAPHY EQUITY ETF","NYSE"
"CGNT","COGNYTE SOFTWARE LTD","CGNT","COGNYTE SOFTWARE LTD","NASDAQ"
"CGNX","COGNEX CORP","CGNX","COGNEX","NASDAQ"
"CGO","CALAMOS GLOBAL TOTAL RETURN","CGO","CALAMOS GLOBAL TOTAL RETURN CO","NASDAQ"
"CGON","CG ONCOLOGY INC","CGON","CG ONCOLOGY, INC.","NASDAQ"
"CGRO","COREVALUE ALPHA GR CHINA GRW","CGRO","COREVALUES ALPHA GREATER CHINA GROWTH ETF","NYSE"
"CGSD","CAP GROUP SHORT DURATION","CGSD","CAPITAL GROUP SHORT DURATION INCOME ETF","NYSE"
"CGTL","CREATIVE GLOBAL TECHNOLOGY-A","CGTL","CREATIVE GLOBAL TECH HOLDINGS LTD CLASS A","NASDAQ"
"CGTX","COGNITION THERAPEUTICS INC","CGTX","COGNITION THERAPEUTICS, INC.","NASDAQ"
"CGUI","CAP GROUP ULTRA SHORT INCOME","CGUI","CAPITAL GROUP ULTRA SHORT INCOME ETF","NYSE"
"CGUS","CAP GROUP CORE EQUITY","CGUS","CAPITAL GROUP CORE EQUITY ETF","NYSE"
"CGV","CONDUCTOR GLOBAL EQ VAL ETF","CGV","CONDUCTOR GLOBAL EQUITY VALUE ETF","NYSE"
"CGVV","CAP GROUP LARGE VALUE","CGVV","CAPITAL GROUP US LARGE VALUE ETF","NYSE"
"CGW","INVESCO S&P GLOBAL WATER IND","CGW","INVESCO S&P GLOBAL WATER IN","NYSE"
"CGXU","CAP GROUP INTL FOCUS","CGXU","CAPITAL GROUP INTERNATIONAL FOCUS EQUITY ETF","NYSE"
"CHA","CHAGEE HOLDINGS LTD-ADR","CHA","CHAGEE HOLDINGS LIMITED ADS","NASDAQ"
"CHAI","CORE AI HOLDINGS INC","CHAI","CORE AI HOLDINGS, INC.","NASDAQ"
"CHAR","CHARLTON ARIA ACQUISITI-CL A","CHAR","CHARLTON ARIA ACQUISITION CORPORATION CLASS A","NASDAQ"
"CHARU","CHARLTON ARIA ACQUISITION CO","CHARU","CHARLTON ARIA ACQUISITION CORPORATION UNT","NASDAQ"
"CHAT","ROUNDHILL GEN AI & TECH ETF","CHAT","ROUNDHILL GENERATIVE AI & TECHNOLOGY ETF","NYSE"
"CHAU","DD CSI 300 CH A SB 2X ETF-US","CHAU","DIREXION DAILY CSI 300 CHINA A BULL 2X ETF","NYSE"
"CHCI","COMSTOCK HOLDING COMPANIES","CHCI","COMSTOCK HOLDING","NASDAQ"
"CHCO","CITY HOLDING CO","CHCO","CITY HOLDING","NASDAQ"
"CHCT","COMMUNITY HEALTHCARE TRUST I","CHCT","COMMUNITY HEALTHCARE TRUST INC","NYSE"
"CHD","CHURCH & DWIGHT CO INC","CHD","CHURCH & DWIGHT COMPANY","NYSE"
"CHDN","CHURCHILL DOWNS INC","CHDN","CHURCHILL DOWNS","NASDAQ"
"CHE","CHEMED CORP","CHE","CHEMED","NYSE"
"CHEC","CHENGHE ACQUISITION II-CL A","CHEC","CHENGHE ACQUISITION III CO. CLASS A","NASDAQ"
"CHECU","CHENGHE ACQUISITION III CO","CHECU","CHENGHE ACQUISITION III CO. UNT","NASDAQ"
"CHEF","CHEFS' WAREHOUSE INC-THE","CHEF","CHEFS WAREHOUSE HOLDINGS","NASDAQ"
"CHGG","CHEGG INC","CHGG","CHEGG INC","NYSE"
"CHGX","STANCE SUSTAINABLE BETA ETF","CHGX","AXS CHANGE FINANCE ESG ETF","NYSE"
"CHH","CHOICE HOTELS INTL INC","CHH","CHOICE HOTELS","NYSE"
"CHI","CALAMOS CONVERT OPPORT & INC","CHI","CALAMOS CONVERTIBLE OPPS & INC","NASDAQ"
"CHIQ","GLOBAL X MSCI CHINA CONSUMER","CHIQ","GLOBAL X MSCI CHINA CONSUMER ETF","NYSE"
"CHKP","CHECK POINT SOFTWARE TECH","CHKP","CHECK POINT SOFTWARE","NASDAQ"
"CHMG","CHEMUNG FINANCIAL CORP","CHMG","CHEMUNG FINANCIAL","NASDAQ"
"CHMI","CHERRY HILL MORTGAGE INVESTM","CHMI","CHERRY HILL MORTGAGE INVESTMEN","NYSE"
"CHNR","CHINA NATURAL RESOURCES INC","CHNR","CHINA NATURAL RESOURCES","NASDAQ"
"CHNU","2X CHAINLINK ETF","CHNU","","BATS"
"CHOW","CHOWCHOW CLOUD INTERNATIONAL","CHOW","CHOW CHOW CLOUD INT'L HOLDINGS LTD","NYSE_AMERICAN"
"CHPG","CHAMPIONSGATE ACQUISITIO-A","CHPG","CHAMPIONSGATE ACQUISITION CORPORATION CLASS A","NASDAQ"
"CHPGU","CHAMPIONSGATE ACQUISITION CO","CHPGU","CHAMPIONSGATE ACQUISITION CORPORATION UNT","NASDAQ"
"CHPS","XTRACKERS SEMICONDUCTOR ETF","CHPS","XTRACKERS SEMICONDUCTOR SELECT EQUITY ETF","NASDAQ"
"CHPT","CHARGEPOINT HOLDINGS INC","CHPT","CHARGEPOINT HOLDINGS INC","NYSE"
"CHPX","GLO X AI SEMICON & QUANT ETF","CHPX","GLOBAL X AI SEMICONDUCTOR & QUANTUM ETF","NASDAQ"
"CHR","CHEER HOLDING INC-A","CHR","CHEER HOLDING, INC.","NASDAQ"
"CHRD","CHORD ENERGY CORP","CHRD","CHORD ENERGY CORPORATION COMMON STOCK","NASDAQ"
"CHRI","GLOBAL X S&P 500 CHR VAL ETF","CHRI","GLOBAL X S&P 500 CHRISTIAN VALUES ETF","NASDAQ"
"CHRS","COHERUS ONCOLOGY INC","CHRS","COHERUS ONCOLOGY, INC.","NASDAQ"
"CHRW","C.H. ROBINSON WORLDWIDE INC","CHRW","CH ROBINSON WORLDWIDE","NASDAQ"
"CHSCL","CHS INC","CHSCL","CHS INC CLASS B CUMULATIVE RED","NASDAQ"
"CHSCM","CHS INC","CHSCM","CHS INC CLASS B RESET RATE CUM","NASDAQ"
"CHSCN","CHS INC PREFERRED CLASS B SERIES 2","CHSCN","CHS INC PREFERRED CLASS B SERI","NASDAQ"
"CHSCO","CHS INC PREFERRED CLASS B","CHSCO","CHS INC. CLASS B CUMULATIVE RE","NASDAQ"
"CHSCP","CENEX HARVEST STATES COOPS., 8.0% CUMUL REDEEM PFD","CHSCP","CHS","NASDAQ"
"CHSN","CHANSON INTERNATIONAL HOLD-A","CHSN","CHANSON INTERNATIONAL HOLDING CLASS A","NASDAQ"
"CHT","CHUNGHWA TELECOM LT-SPON ADR","CHT","CHUNGHWA TELECOM","NYSE"
"CHTR","CHARTER COMMUNICATIONS INC-A","CHTR","CHARTER COMMUNICATIONS","NASDAQ"
"CHW","CALAMOS GLOBAL DYNAMIC INCOM","CHW","CALAMOS GLOBAL DYNAMIC INCOME","NASDAQ"
"CHWY","CHEWY INC - CLASS A","CHWY","CHEWY INC","NYSE"
"CHY","CALAMOS CONVERT & HIGH INC","CHY","CALAMOS CONVERTIBLE & HIGH COM","NASDAQ"
"CHYM","CHIME FINANCIAL INC-CL A","CHYM","CHIME FINANCIAL, INC. CLASS A","NASDAQ"
"CI","THE CIGNA GROUP","CI","THE CIGNA GROUP","NYSE"
"CIA","CITIZENS INC","CIA","CITIZENS","NYSE"
"CIB","GRUPO CIBEST SA-ADR","CIB","BANCOLOMBIA","NYSE"
"CIBR","FIRST TRUST NASDAQ CYBERSECU","CIBR","FIRST TR NASDAQ CYBERSECURITY ETF","NASDAQ"
"CICB","CION INVESTMENT CORP","CICB","CION INVESTMENT CORP 7.5% NTS","NYSE"
"CICC","CION INVT CORP NT 7.500% 03-31-31","CICC","CION INVESTMENT CORP 7.5% NTS","NYSE"
"CIEN","CIENA CORP","CIEN","CIENA CORPORTION","NYSE"
"CIF","MFS INTERMEDIATE HIGH INCOME","CIF","MFS INTERMEDIATE HIGH INCOME C","NYSE"
"CIFG","LEVERAGE SHARES 2X CIFR","CIFG","LEVERAGE SHARES 2X LONG CIFR DAILY ETF","NASDAQ"
"CIFR","CIPHER DIGITAL INC","CIFR","CIPHER DIGITAL INC.","NASDAQ"
"CIFU","T-REX 2XL CIFR DT ETF","CIFU","T-REX 2X LONG CIFR DAILY TARGET ETF","BATS"
"CIG","CIA ENERGETICA DE-SPON ADR","CIG","ENERGY COMPANY OF MINAS","NYSE"
"CIGI","COLLIERS INTL GR-SUBORD VOT","CIGI","COLLIERS INTERNATIONAL GROUP INC.","NASDAQ"
"CII","BLACKROCK ENHAN LRG CAP CORE","CII","BLACKROCK ENHANCED LARGE CAP CORE FUND INC","NYSE"
"CIIT","TIANCI INTERNATIONAL INC","CIIT","TIANCI INTERNATIONAL, INC.","NASDAQ"
"CIK","CREDIT SUISSE ASSET MGMT INC","CIK","CREDIT SUISSE INCOME COMMON","NYSE_AMERICAN"
"CIM","CHIMERA INVESTMENT CORP","CIM","CHIMERA INVESTMENT","NYSE"
"CIMN","CHIMERA INVESTMENT CORP","CIMN","CHIMERA INVESTMENT CORP 9% NTS","NYSE"
"CIMO","CHIMERA INVESTMENT CORP","CIMO","CHIMERA INVESTMENT CORP 9.25% NTS","NYSE"
"CIMP","CHIMERA INVESTMENT CORP","CIMP","CHIMERA INVESTMENT CORP 8.875% NTS","NYSE"
"CINF","CINCINNATI FINANCIAL CORP","CINF","CINCINNATI FINANCIAL CORP","NASDAQ"
"CING","CINGULATE INC","CING","CINGULATE INC. COMMON STOCK","NASDAQ"
"CINT","CI&T INC-UNITED STATES-A","CINT","CI&T INC","NYSE"
"CION","CION INVESTMENT CORP","CION","CION INVESTMENT CORP","NYSE"
"CISO","CISO GLOBAL INC","CISO","CERBERUS CYBER SENTINEL CORPORATION","NASDAQ"
"CISS","C3IS INC","CISS","C3IS INC.","NASDAQ"
"CITR","CITROTECH INC","CITR","CITROTECH INC","NYSE_AMERICAN"
"CIVB","CIVISTA BANCSHARES INC","CIVB","CIVISTA BANCSHARES, INC. COMMON STOCK","NASDAQ"
"CIX","COMPX INTERNATIONAL INC","CIX","COMPX INTERNATIONAL","NYSE_AMERICAN"
"CJMB","CALLAN JMB INC","CJMB","CALLAN JMB INC.","NASDAQ"
"CKX","CKX LANDS INC","CKX","CKX LANDS","NYSE_AMERICAN"
"CL","COLGATE-PALMOLIVE CO","CL","COLGATE-PALMOLIVE","NYSE"
"CLAR","CLARUS CORP","CLAR","CLARUS CORP","NASDAQ"
"CLB","CORE LABORATORIES INC","CLB","CORE LABORATORIES","NYSE"
"CLBK","COLUMBIA FINANCIAL INC","CLBK","COLUMBIA FINANCIAL, INC. COMMON STOCK","NASDAQ"
"CLBR","COLOMBIER ACQ III-CL A","CLBR","COLOMBIER ACQUISITION CORP III","NYSE"
"CLBT","CELLEBRITE DI LTD","CLBT","CELLEBRITE DI LTD. ORDINARY SHARES","NASDAQ"
"CLCV","CROSSMARK LARGECAPVALUE ETF","CLCV","CROSSMARK LARGE CAP VALUE ETF","NYSE"
"CLDI","CALIDI BIOTHERAPEUTICS INC","CLDI","CALIDI BIOTHERAPEUTICS INC","NYSE_AMERICAN"
"CLDT","CHATHAM LODGING TRUST","CLDT","CHATHAM LODGING","NYSE"
"CLDX","CELLDEX THERAPEUTICS INC","CLDX","CELLDEX THERAPEUTICS","NASDAQ"
"CLF","CLEVELAND-CLIFFS INC","CLF","CLEVELAND-CLIFFS INC","NYSE"
"CLFD","CLEARFIELD INC","CLFD","CLEARFIELD","NASDAQ"
"CLGN","COLLPLANT BIOTECHNOLOGIES LT","CLGN","COLLPLANT BIOTECHNOLOGIES LTD","NASDAQ"
"CLH","CLEAN HARBORS INC","CLH","CLEAN HARBORS","NYSE"
"CLIK","CLICK HOLDINGS LTD-BVI-A","CLIK","CLICK HOLDINGS LIMITED CLASS A","NASDAQ"
"CLIM","CLIMATE GLOBAL CLI RES ETF","CLIM","CLIMATE GLOBAL CLIMATE RESILIENT REIT INDEX ETF","NYSE"
"CLIP","GLOBAL X 1-3 MONTH T-BILL","CLIP","GLOBAL X 1-3 MONTH T-BILL ETF","NYSE"
"CLIR","CLEARSIGN TECHNOLOGIES CORP","CLIR","CLEARSIGN TECHNOLOGIES CORP","NASDAQ"
"CLIX","PROSHARES LONG ONLINE-SHORT","CLIX","PROSHARES LONG ONLINE/SHORT STORES ETF","NYSE"
"CLLS","CELLECTIS - ADR","CLLS","CELLECTIS S.A. AMERICAN DEPOSI","NASDAQ"
"CLM","CORNERSTONE STRATEGIC INVEST","CLM","CORNERSTONE STRATEGIC INVESTMENT CO","NYSE_AMERICAN"
"CLMB","CLIMB GLOBAL SOLUTIONS INC","CLMB","CLIMB GLOBAL SOLUTIONS, INC.","NASDAQ"
"CLMT","CALUMET INC","CLMT","CALUMET SPECIALTY","NASDAQ"
"CLNE","CLEAN ENERGY FUELS CORP","CLNE","CLEAN ENERGY FUELS","NASDAQ"
"CLNK","BITWISE CHAINLINK ETF","CLNK","BITWISE CHAINLINK ETF","NYSE"
"CLNN","CLENE INC","CLNN","CLENE INC. COMMON STOCK","NASDAQ"
"CLOA","ISHARES AAA CLO ACT ETF-USDI","CLOA","BLACKROCK AAA CLO ETF","NASDAQ"
"CLOB","VANECK AA-BB CLO ETF","CLOB","VANECK AA-BB CLO ETF","NYSE"
"CLOD","THEMES CLOUD COMPUTING ETF","CLOD","THEMES CLOUD COMPUTING ETF","NASDAQ"
"CLOI","VANECK CLO ETF","CLOI","VANECK CLO ETF","NYSE"
"CLOU","GLOBAL X CLOUD COMPUTING ETF","CLOU","GLOBAL X CLOUD COMPUTING ETF","NASDAQ"
"CLOV","CLOVER HEALTH INVESTMENTS CO","CLOV","CLOVER HEALTH INVESTMENTS, CORP. CLASS A","NASDAQ"
"CLOX","ELDRIDGE AAA CLO ETF","CLOX","ELDRIDGE AAA CLO ETF","NYSE"
"CLOZ","ELDRIDGE BBB-B CLO ETF","CLOZ","ELDRIDGE BBB-B CLO ETF","NYSE"
"CLPR","CLIPPER REALTY INC","CLPR","CLIPPER REALTY INC","NYSE"
"CLPS","CLPS INC","CLPS","CLPS INCORPORATION COMMON STOCK","NASDAQ"
"CLPT","CLEARPOINT NEURO INC","CLPT","CLEARPOINT NEURO INC","NASDAQ"
"CLRB","CELLECTAR BIOSCIENCES INC","CLRB","CELLECTAR BIOSCIENCES, INC. C","NASDAQ"
"CLRO","CLEARONE INC","CLRO","CLEARONE","NASDAQ"
"CLS","CELESTICA INC","CLS","CELESTICA","NYSE"
"CLSE","CONVERGENCE LONG-SHORT EQY","CLSE","CONVERGENCE LONG/SHORT EQUITY ETF","BATS"
"CLSK","CLEANSPARK INC","CLSK","CLEANSPARK, INC. COMMON STOCK","NASDAQ"
"CLSM","EXCHANGE LISTED FUNDS TRUST","CLSM","EXCHANGE LISTED FUNDS ETC CABANA TARGET LEADING SC","NASDAQ"
"CLST","CATALYST BANCORP INC","CLST","CATALYST BANCORP, INC. COMMON STOCK","NASDAQ"
"CLSX","TRADR 2X LONG CLSK DAILY ETF","CLSX","TRADR 2X LONG CLSK DAILY ETF","BATS"
"CLSZ","TRADR 2X SHRT CLSK DAILY ETF","CLSZ","","BATS"
"CLVT","CLARIVATE PLC","CLVT","CLARIVATE PLC","NYSE"
"CLW","CLEARWATER PAPER CORP","CLW","CLEARWATER","NYSE"
"CLWT","EURO TECH HOLDINGS CO LTD","CLWT","EURO TECH HOLDINGS CO","NASDAQ"
"CLX","CLOROX COMPANY","CLX","CLOROX","NYSE"
"CLYM","CLIMB BIO INC","CLYM","CLIMB BIO, INC.","NASDAQ"
"CM","CAN IMPERIAL BK OF COMMERCE","CM","CANADIAN IMP BK OF CMRC","NYSE"
"CMBS","ISHARES CMBS ETF","CMBS","ISHARES BARCLAYS CMBS BOND","NYSE"
"CMBT","CMB TECH NV","CMBT","CMB.TECH NV","NYSE"
"CMC","COMMERCIAL METALS CO","CMC","COMMERCIAL METALS","NYSE"
"CMCI","VANECK CMCI COMMODITY STRATE","CMCI","VANECK TRUST VANECK CMCI MMODITY STRATEGY","BATS"
"CMCL","CALEDONIA MINING CORP PLC","CMCL","CALEDONIA MINING CORP PLC","NYSE_AMERICAN"
"CMCM","CHEETAH MOBILE INC - ADR","CMCM","CHEETAH MOBILE INC","NYSE"
"CMCO","COLUMBUS MCKINNON CORP-NY","CMCO","COLUMBUS MCKINNON","NASDAQ"
"CMCSA","COMCAST CORP-CLASS A","CMCSA","COMCAST","NASDAQ"
"CMCT","CREATIVE MEDIA & COMMUNITY T","CMCT","CREATIVE MEDIA & COMMUNITY TRUST CORP","NASDAQ"
"CMDB","COSTAMARE BULKERS HOLDING","CMDB","COSTAMARE BULKERS HOLDINGS LTD","NYSE"
"CMDT","PIMCO COMMODITY ACTIVE STRAT","CMDT","PIMCO COMMODITY STRATEGY ACTIVE ETF","NYSE"
"CMDY","ISHARES BLOOMBERG ROLL SELEC","CMDY","ISHARES BLOOMBERG ROLL SELECT MMODITY STRATEGY","NYSE"
"CME","CME GROUP INC","CME","CME GROUP","NASDAQ"
"CMF","ISHARES CALIFORNIA MUNI BOND","CMF","ISHARES S&P CALIF MUNI BOND ETF","NYSE"
"CMG","CHIPOTLE MEXICAN GRILL INC","CMG","CHIPOTLE MEXICAN GRILL","NYSE"
"CMGG","LEVERAGE SHARES 2X CMG","CMGG","LEVERAGE SHARES 2X LONG CMG DAILY ETF","NASDAQ"
"CMI","CUMMINS INC","CMI","CUMMINS","NYSE"
"CMII","COLUMBUS CIRCLE CAPITAL CO-A","CMII","COLUMBUS CIRCLE CAPITAL CORP II CLASS A","NASDAQ"
"CMIIU","COLUMBUS CIRCLE CAPITAL CORP","CMIIU","COLUMBUS CIRCLE CAPITAL CORP II UNT","NASDAQ"
"CMMB","CHEMOMAB THERAPEUTICS LTD","CMMB","CHEMOMAB THERAPEUTICS LTD. ADS","NASDAQ"
"CMND","CLEARMIND MEDICINE INC","CMND","CLEARMIND MEDICINE INC.","NASDAQ"
"CMP","COMPASS MINERALS INTERNATION","CMP","COMPASS MINERALS","NYSE"
"CMPR","CIMPRESS PLC","CMPR","CIMPRESS PLC ORDINARY SHARES","NASDAQ"
"CMPS","COMPASS PATHWAYS PLC","CMPS","COMPASS PATHWAYS PLC - AMERICAN","NASDAQ"
"CMPX","COMPASS THERAPEUTICS INC","CMPX","COMPASS THERAPEUTICS, INC. COMMON STOCK","NASDAQ"
"CMRC","COMMERCE.COM INC","CMRC","COMMERCE.COM, INC. SERIES 1","NASDAQ"
"CMRE","COSTAMARE INC","CMRE","COSTAMARE","NYSE"
"CMS","CMS ENERGY CORP","CMS","CMS ENERGY","NYSE"
"CMSA","CMS 5 5-8 03-15-78 PRD","CMSA","CMS ENERGY 5.625% DEBS 2078","NYSE"
"CMSC","CMS ENERGY CORP","CMSC","CMS ENERGY CORP 5.875% NOTES","NYSE"
"CMSD","CMS ENERGY CORP","CMSD","CMS ENERGY 5.875% JUN SUB NTS","NYSE"
"CMT","CORE MOLDING TECHNOLOGIES IN","CMT","CORE MOLDING TECHNOLOGIES","NYSE_AMERICAN"
"CMTG","CLAROS MORTGAGE TRUST INC","CMTG","CLAROS MORTGAGE TRUST INC","NYSE"
"CMTL","COMTECH TELECOMMUNICATIONS","CMTL","COMTECH TELECOMMUNICATIONS","NASDAQ"
"CMTV","COMMUNITY BANCORP INC-VT","CMTV","COMMUNITY BANCORP.","NASDAQ"
"CMU","MFS HIGH YIELD MUNICIPAL TR","CMU","MFS HIGH YIELD MUNICIPAL TRUST","NYSE"
"CNA","CNA FINANCIAL CORP","CNA","CNA FINANCIAL","NYSE"
"CNBS","AMPLIFY SEYMOUR CANNABIS ETF","CNBS","AMPLIFY SEYMOUR CANNABIS ETF","NYSE"
"CNC","CENTENE CORP","CNC","CENTENE","NYSE"
"CNCG","LEVERAGE SHARES 2X CNC","CNCG","LEVERAGE SHARES 2X LONG CNC DAILY ETF","NASDAQ"
"CNCK","COINCHECK GROUP NV","CNCK","COINCHECK GROUP N.V.","NASDAQ"
"CNDT","CONDUENT INC","CNDT","CONDUENT INC","NASDAQ"
"CNEQ","ALGER CONCENTRATED EQTY ETF","CNEQ","ALGER CONCENTRATED EQUITY ETF","NYSE"
"CNET","ZW DATA ACTION TECHNOLOGIES","CNET","ZW DATA ACTION TECHNOLOGIES INC","NASDAQ"
"CNEY","CN ENERGY GROUP INC-A","CNEY","CN ENERGY GROUP INC. ORDINARY SHARES","NASDAQ"
"CNF","CNFINANCE HOLDINGS LTD","CNF","CNFINANCE HOLDINGS LTD","NYSE"
"CNH","CNH INDUSTRIAL NV","CNH","CNH INDUSTRIAL NV","NYSE"
"CNI","CANADIAN NATL RAILWAY CO","CNI","CANADIAN NATIONAL RAILWAY","NYSE"
"CNK","CINEMARK HOLDINGS INC","CNK","CINEMARK HOLDINGS","NYSE"
"CNL","COLLECTIVE MINING LTD","CNL","COLLECTIVE MINING LTD","NYSE_AMERICAN"
"CNM","CORE & MAIN INC-CLASS A","CNM","CORE & MAIN","NYSE"
"CNMD","CONMED CORP","CNMD","CONMED","NYSE"
"CNNE","CANNAE HOLDINGS INC","CNNE","CANNAE HOLDINGS INC","NYSE"
"CNO","CNO FINANCIAL GROUP INC","CNO","CNO FINANCIAL GROUP","NYSE"
"CNOB","CONNECTONE BANCORP INC","CNOB","CONNECTONE BANCORP INC","NASDAQ"
"CNOBP","CONNECTONE BANCRP INC NEW DEP SHS R","CNOBP","CONNECTONE BANCORP, INC. DS (1/40 5.25% PF SER A)","NASDAQ"
"CNP","CENTERPOINT ENERGY INC","CNP","CENTERPOINT ENERGY","NYSE"
"CNQ","CANADIAN NATURAL RESOURCES","CNQ","CANADIAN NATURAL","NYSE"
"CNQQ","RAYLIANT-CHINAAMC TR C T ETF","CNQQ","RAYLIANT-CHINAAMC TRANSFORMATIVE CHINA TECH ETF","NASDAQ"
"CNR","CORE NATURAL RESOURCES INC","CNR","CORE NATURAL RESOURCES INC","NYSE"
"CNRG","SS SPDR S&P KENSHO CLP ETF","CNRG","STATE ST SPDR S&P KENSHO CLEAN POWER ETF","NYSE"
"CNS","COHEN & STEERS INC","CNS","COHEN & STEERS","NYSE"
"CNSP","CNS PHARMACEUTICALS INC","CNSP","CNS PHARMACEUTICALS INC.","NASDAQ"
"CNTA","CENTESSA PHARMACEUTICALS-ADR","CNTA","CENTESSA PHARMACEUTICALS PLC ADS","NASDAQ"
"CNTB","CONNECT BIOPHARMA HOLDINGS L","CNTB","CONNECT BIOPHARMA HOLDINGS LIMITED","NASDAQ"
"CNTN","CANTON STRATEGIC HOLDINGS IN","CNTN","CANTON STRATEGIC HOLDINGS, INC.","NASDAQ"
"CNTX","CONTEXT THERAPEUTICS INC","CNTX","CONTEXT THERAPEUTICS INC. COMMON STOCK","NASDAQ"
"CNTY","CENTURY CASINOS INC","CNTY","CENTURY CASINOS","NASDAQ"
"CNVS","CINEVERSE CORP","CNVS","CINEVERSE CORP. CLASS A","NASDAQ"
"CNX","CNX RESOURCES CORP","CNX","CNX RESOURCES CORP","NYSE"
"CNXC","CONCENTRIX CORP","CNXC","CONCENTRIX CORP","NASDAQ"
"CNXN","PC CONNECTION INC","CNXN","PC CONNECTION INC","NASDAQ"
"CNXT","VANECK CHINEXT ETF","CNXT","VANECK CHINEXT ETF","NYSE"
"CNYA","ISHARES MSCI CHINA A ETF","CNYA","ISHARES MSCI CHINA A","BATS"
"COAL","RANGE GLOBAL COAL INDEX ETF","COAL","RANGE GLOBAL COAL INDEX ETF","NYSE"
"COCH","ENVOY MEDICAL INC","COCH","ENVOY MEDICAL, INC. CLASS A","NASDAQ"
"COCO","VITA COCO CO INC-THE","COCO","THE VITA COCO COMPANY, INC.","NASDAQ"
"COCP","COCRYSTAL PHARMA INC","COCP","COCRYSTAL PHARMA, INC. COMMON STOCK","NASDAQ"
"CODA","CODA OCTOPUS GROUP INC","CODA","CODA OCTOPUS GROUP, INC. COMMON STOCK","NASDAQ"
"CODI","COMPASS DIVERSIFIED HOLDINGS","CODI","COMPASS DIVERSIFIED","NYSE"
"CODX","CO-DIAGNOSTICS INC","CODX","CO-DIAGNOSTICS, INC.","NASDAQ"
"COE","51 TALK ONLINE EDUCATION GRO","COE","51TALK ONLINE EDUCATION GROUP","NYSE_AMERICAN"
"COEP","COEPTIS THERAPEUTICS HOLDING","COEP","COEPTIS THERAPEUTICS, INC. COMMON STOCK","NASDAQ"
"COF","CAPITAL ONE FINANCIAL CORP","COF","CAPITAL ONE FINANCIAL","NYSE"
"COFS","CHOICEONE FINANCIAL SVCS INC","COFS","CHOICEONE FINANCIAL","NASDAQ"
"COGT","COGENT BIOSCIENCES INC","COGT","COGENT BIOSCIENCES INC","NASDAQ"
"COHN","COHEN & CO INC","COHN","COHEN & COMPANY INC","NYSE_AMERICAN"
"COHR","COHERENT CORP","COHR","COHERENT CORP.","NYSE"
"COHU","COHU INC","COHU","COHU","NASDAQ"
"COHX","TRADR 2X LONG COHR DAILY ETF","COHX","","BATS"
"COIA","PROSHARES ULTRA COIN","COIA","PROSHARES ULTRA COIN","NYSE"
"COIG","LEVERAGE SHARES 2X COIN","COIG","LEVERAGE SHARES 2X LONG COIN DAILY ETF","NASDAQ"
"COII","REX COIN GROWTH & INCOME ETF","COII","REX COIN GROWTH & INCOME ETF","BATS"
"COIN","COINBASE GLOBAL INC -CLASS A","COIN","COINBASE GLOBAL, INC. CLASS A","NASDAQ"
"COIO","LVRG SHR 2X CA COIN M ETF","COIO","LEVERAGE SHARES 2x CAPPED ACCELERATED COIN","BATS"
"COIW","ROUNDHILL COIN WEEKLYPAY ETF","COIW","ROUNDHILL ETF TRUST ROUNDHILL COIN WEEKLYPAY ETF","BATS"
"COKE","COCA-COLA CONSOLIDATED INC","COKE","COCA-COLA BOTTLING","NASDAQ"
"COLA","COLUMBUS ACQUISITION CORP","COLA","COLUMBUS ACQUISITION CORP","NASDAQ"
"COLAU","COLUMBUS ACQUISITION CORP","COLAU","COLUMBUS ACQUISITION CORP UNT","NASDAQ"
"COLB","COLUMBIA BANKING SYSTEM INC","COLB","COLUMBIA BANKING SYSTEM","NASDAQ"
"COLD","AMERICOLD REALTY TRUST INC","COLD","AMERICOLD REALTY TRUST","NYSE"
"COLL","COLLEGIUM PHARMACEUTICAL INC","COLL","COLLEGIUM PHARMACEUTICAL, INC.","NASDAQ"
"COLM","COLUMBIA SPORTSWEAR CO","COLM","COLUMBIA SPORTSWEAR","NASDAQ"
"COLO","GLOBAL X MSCI COLOMBIA ETF","COLO","GLOBAL X MSCI COLUMBIA ETF","NYSE"
"COM","DIREXION AUSPICE BRD CMDTY","COM","DIREXION AUSPICE BROAD COMMODITY STRATEGY ETF","NYSE"
"COMB","GRANITESHARES BCOM BROAD STR","COMB","GRANITE SHARES BBERG CMDTY BROAD STGY ETF","NYSE"
"COMD","GLBL X COMODITY STRATEGY ETF","COMD","","BATS"
"COMP","COMPASS INC - CLASS A","COMP","COMPASS INC","NYSE"
"COMT","ISHARES GSCI COMMODITY DYNAM","COMT","ISHARES GSCI COMMODITY DYNAMIC ROLL STRATEGY ETF","NASDAQ"
"CON","CONCENTRA GROUP HOLDINGS PAR","CON","CONCENTRA GROUP HOLDINGS PARENT INC","NYSE"
"CONI","GRANITESHARES 2X SHORT COIN","CONI","GRANITESHARES GRANITESHARES 2X SHORT COIN DAILY","NASDAQ"
"CONL","GRANITESH 2X LNG COIN ETF-US","CONL","GRANITESHARES 1.5X LONG COINBASE DAILY ETF","NASDAQ"
"CONX","DIREXION DA COIN BULL 2X ETF","CONX","DIREXION DAILY COIN BULL 2X ETF","NASDAQ"
"CONY","YIELDMAX COIN OPTION IS ETF","CONY","YIELDMAX COIN OPTION INCOME STRATEGY ETF","NYSE"
"COO","COOPER COS INC-THE","COO","THE COOPER COMPANIES, INC.","NASDAQ"
"COOK","TRAEGER INC","COOK","TRAEGER INC","NYSE"
"COOT","AUSTRALIAN OILSEEDS HOLDINGS","COOT","AUSTRALIAN OILSEEDS HOLDINGS LIMITED","NASDAQ"
"COP","CONOCOPHILLIPS","COP","CONOCOPHILLIPS","NYSE"
"COPA","THEMES COPPER MINERS ETF","COPA","THEMES ETF TRUST THEMES COPPER MINERS ETF","BATS"
"COPJ","SPROTT JR COPPER MINERS ETF","COPJ","SPROTT JUNIOR COPPER MINERS ETF","NASDAQ"
"COPL","COPLEY ACQUISITION CORP-A","COPL","COPLEY ACQUISITION CORP","NYSE"
"COPP","SPROTT COPPER MINERS ETF","COPP","SPROTT COPPER MINERS ETF","NASDAQ"
"COPX","GLOBAL X COPPER MINERS ETF","COPX","GLOBAL X COPPER MINERS ETF","NYSE"
"COPY","TWEEDY BROWNE INSDR+VALU ETF","COPY","TWEEDY BROWNE INSIDER + VALUE ETF","NYSE"
"COPZ","DEFIANCE DAILY TARGET 2X LON","COPZ","DEFIANCE DAILY TARGET 2X LONG COPPER MINERS ETF","NYSE"
"COR","CENCORA INC","COR","CENCORA INC","NYSE"
"CORD","T-REX 2X INV CRWV DA TAR ETF","CORD","ETF OPPTY TRUST T-REX -2X CRWV DAILY TARGET ETF","BATS"
"CORN","TEUCRIUM CORN FUND","CORN","TEUCRIUM CORN","NYSE"
"CORO","ISH INTL CTRY ROT ACT ETF","CORO","ISHARES INTERNATIONAL COUNTRY ROTATION ACTIVE ETF","NASDAQ"
"CORP","PIMCO INV GRADE CORP BD ETF","CORP","PIMCO INVESTMENT GRADE CORP BD","NYSE"
"CORT","CORCEPT THERAPEUTICS INC","CORT","CORCEPT THERAPEUTICS","NASDAQ"
"CORZ","CORE SCIENTIFIC INC","CORZ","CORE SCIENTIFIC, INC.","NASDAQ"
"COSM","COSMOS HEALTH INC","COSM","COSMOS HOLDINGS INC. COMMON STOCK","NASDAQ"
"COSO","COASTAL SOUTH BANCSHARES INC","COSO","COASTALSOUTH BANCSHARES INC CS","NYSE"
"COST","COSTCO WHOLESALE CORP","COST","COSTCO WHOLESALE","NASDAQ"
"COTG","LEVERAGE SHARES 2X COST","COTG","LEVERAGE SHARES 2X LONG COST DAILY ETF","NASDAQ"
"COTY","COTY INC-CL A","COTY","COTY INC","NYSE"
"COUR","COURSERA INC","COUR","COURSERA INC","NYSE"
"COWG","PACER US LRG CAP COWS GR LD","COWG","PACER US LARGE CAP CASH COWS GROWTH LEADERS ETF","NASDAQ"
"COWS","AMPLIFY CSH FLW DVD LDRS ETF","COWS","AMPLIFY CASH FLOW DIVIDEND LEADERS ETF","NASDAQ"
"COWZ","PACER US CASH COWS 100 ETF","COWZ","PACER US CASH COWS 100 ETF","BATS"
"COYA","COYA THERAPEUTICS INC","COYA","COYA THERAPEUTICS, INC.","NASDAQ"
"COYY","GRANITE YIELDBOOST COIN ETF","COYY","GRANITESHARES YIELDBOOST COIN ETF","NASDAQ"
"COZX","TRADR 2X LONG CORZ DAIL ETF","COZX","TRADR 2X LONG CORZ DAILY ETF","BATS"
"CP","CANADIAN PACIFIC KANSAS CITY","CP","CANADIAN PACIFIC RAILWAY","NYSE"
"CPA","COPA HOLDINGS SA-CLASS A","CPA","COPA HOLDINGS SA","NYSE"
"CPAC","CEMENTOS PACASMAYO SAA - ADR","CPAC","CEMENTOS PACASMAYO SAA","NYSE"
"CPAG","F-M COM US AGG BOND ETF","CPAG","F/M COMPOUNDR U.S. AGGREGATE BOND ETF","NASDAQ"
"CPAI","COUNTERPOINT QUAN EQUITY ETF","CPAI","COUNTERPOINT QUANTITATIVE EQUITY ETF","NYSE"
"CPAY","CORPAY INC","CPAY","CORPAY, INC.","NYSE"
"CPB","THE CAMPBELL'S COMPANY","CPB","THE CAMPBELLS COMPANY","NASDAQ"
"CPBI","CENTRAL PLAINS BANCSHARES IN","CPBI","CENTRAL PLAINS BANCSHARES, INC.","NASDAQ"
"CPER","UNITED STATES COPPER INDEX","CPER","UNITED STATES COPPER","NYSE"
"CPF","CENTRAL PACIFIC FINANCIAL CO","CPF","CENTRAL PACIFIC FINANCIAL","NYSE"
"CPHC","CANTERBURY PARK HOLDING CORP","CPHC","CANTERBURY PARK HOLDING","NASDAQ"
"CPHI","CHINA PHARMA HOLDINGS INC","CPHI","CHINA PHARMA HOLDING","NYSE_AMERICAN"
"CPHY","F-M CMPNDR HGH YIELD BND ETF","CPHY","F/M COMPOUNDR HIGH YIELD BOND ETF","NASDAQ"
"CPIX","CUMBERLAND PHARMACEUTICALS","CPIX","CUMBERLAND","NASDAQ"
"CPK","CHESAPEAKE UTILITIES CORP","CPK","CHESAPEAKE UTILITIES","NYSE"
"CPNG","COUPANG INC","CPNG","COUPANG INC","NYSE"
"CPNJ","CALAMOS NSDQ100 ALT ETF","CPNJ","CALAMOS NASDAQ 100 STRUCTURED ALT PROTECTION JUNE","NYSE"
"CPNM","CL ND 100 ST AT PR ETF - MAR","CPNM","CALAMOS NASDAQ 100 STRUCTURED ALT PROT - MAR","NYSE"
"CPNQ","CAL NASDAQ 100 ST ALT PR","CPNQ","CALAMOS NASDAQ-100 STRUCTURED ALT PROT ETF DEC","NYSE"
"CPNS","CALAMOS NSDQ 100 ALT SEPT","CPNS","CALAMOS NASDAQ 100 STRUCT ALT PROT ETF SEPTEMBER","NYSE"
"CPOP","POP CULTURE GROUP CO LTD-A","CPOP","POP CULTURE GROUP CO., LTD CLASS A","NASDAQ"
"CPRI","CAPRI HOLDINGS LTD","CPRI","CAPRI HOLDINGS LTD","NYSE"
"CPRJ","CALS RUS 2000 S A P ETF - JL","CPRJ","CALAMOS RUSSELL 2000 STRUCTURED ALT PROTECTION ETF","NYSE"
"CPRO","CALS RUS 2000 S A P ETF OCT","CPRO","CALAMOS RUSSELL 2000 STRUCTURED ALT PROT ETF - OCT","NYSE"
"CPRT","COPART INC","CPRT","COPART","NASDAQ"
"CPRX","CATALYST PHARMACEUTICALS INC","CPRX","CATALYST PHARMACEUTICAL","NASDAQ"
"CPRY","CLMOS R 2000 S A P ETF - JAN","CPRY","CALAMOS RUSSELL 2000 STRUCTURED ALT PROT ETF JAN","NYSE"
"CPS","COOPER-STANDARD HOLDING","CPS","COOPER STANDARD HOLDINGS","NYSE"
"CPSA","CALAMOS SP500 STRCT ALT-AUG","CPSA","CALAMOS S&P 500 STRUCTURED ALT PROTECTION ETF AUG","NYSE"
"CPSD","CLMS S&P STR ALT DEC","CPSD","CALAMOS S&P 500 STRUCTURED ALT PROT ETF DEC","NYSE"
"CPSF","CALMS S&P 500 S PR ETF - FEB","CPSF","CALAMOS S&P 500 STRUCTURED ALT PROT ETF FEB","NYSE"
"CPSH","CPS TECHNOLOGIES CORP","CPSH","CPS TECHNOLOGIES CORP. COMMON","NASDAQ"
"CPSJ","CALAMOS S&P 500 SAP ETF JULY","CPSJ","CALAMOS S&P 500 STRUCTURED ALT PROTECTION ETF","NYSE"
"CPSL","CALM LAD S&P 500 STR A P ETF","CPSL","CALAMOS LADDERED S&P 500 STRUCTURED ALT PROT","BATS"
"CPSM","CALAMOS SP500 STR ALT PROMAY","CPSM","CALAMOS S&P 500 STRUCTURED ALT PROTECTION ETF MAY","NYSE"
"CPSN","CAL S&P 500 SR AT PR ETF - N","CPSN","CALAMOS S&P 500 STRUCTURED ALT PROT NOVEMBER","NYSE"
"CPSO","CALAMOS S&P 500 ALT PROT OCT","CPSO","CALAMOS S&P 500 STRUCTURED ALT PROT ETF - OCT","NYSE"
"CPSP","CALAMOS S&P 500 STR ALT APR","CPSP","CALAMOS S&P 500 STRUCTURED ALT PROT ETF - APRIL","NYSE"
"CPSR","CAL S&P 500 ST ALT P ETF - M","CPSR","CALAMOS S&P 500 STRUCTURED ALT PROT - MAR","NYSE"
"CPSS","CONSUMER PORTFOLIO SERVICES","CPSS","CONSUMER PORTFOLIO","NASDAQ"
"CPST","CALAMOS S&P 500 ALT SEPT","CPST","CALAMOS S&P 500 STRUCT ALT PROT ETF SEPTEMBER","NYSE"
"CPSY","CALAMOS S&P 500 SAP ETF JAN","CPSY","CALAMOS S&P 500 STRUCTURED ALT PROT ETF JAN","NYSE"
"CPT","CAMDEN PROPERTY TRUST","CPT","CAMDEN PROPERTY TRUST","NYSE"
"CPXR","USCF DLY TGT 2X COPPER INDEX","CPXR","USCF DAILY TARGET 2X COPPER INDEX ETF","NYSE"
"CPZ","CALAMOS LNG-SHRT EQTY & DYN","CPZ","CALAMOS LONG/SHORT EQUITY & DYNAMIC INCOME TRUST","NASDAQ"
"CQP","CHENIERE ENERGY PARTNERS LP","CQP","CHENIERE ENERGY PARTNERS","NYSE"
"CQQQ","INVESCO CHINA TECHNOLOGY ETF","CQQQ","INVESCO CHINA TECHNOLOGY","NYSE"
"CR","CRANE CO","CR","CRANE HOLDINGS CO","NYSE"
"CRAC","CROWN RESERVE ACQUISITI-CL A","CRAC","CROWN RESERVE ACQUISITION CORP. I CLASS A","NASDAQ"
"CRAI","CRA INTERNATIONAL INC","CRAI","CRA INTERNATIONAL","NASDAQ"
"CRAK","VANECK OIL REFINERS ETF","CRAK","VANECK OIL REFINERS ETF","NYSE"
"CRAN","CRANE HARBOR ACQUISITIO-CL A","CRAN","CRANE HARBOR ACQUISITION CORP. II CLASS A","NASDAQ"
"CRANU","CRANE HARBOR ACQUISITION COR","CRANU","CRANE HARBOR ACQUISITION CORP. II UNT","NASDAQ"
"CRAQ","CAL REDWOOD ACQUISIT-CL A","CRAQ","CAL REDWOOD ACQUISITION CORP. CLASS A","NASDAQ"
"CRAQU","CAL REDWOOD ACQUISITION CORP","CRAQU","CAL REDWOOD ACQUISITION CORP. UNT","NASDAQ"
"CRBD","COREBRIDGE FINANCIAL INC","CRBD","COREBRIDGE FINANCIAL INC 6.375% NTS","NYSE"
"CRBG","COREBRIDGE FINANCIAL INC","CRBG","COREBRIDGE FINANCIAL INC","NYSE"
"CRBN","ISH LOW CAR OPT MS AC ETF-US","CRBN","ISHARES MSCI ASWI LOW CARBON T","NYSE"
"CRBP","CORBUS PHARMACEUTICALS HOLDI","CRBP","CORBUS PHARMACEUTICALS HOLDINGS, INC.","NASDAQ"
"CRBU","CARIBOU BIOSCIENCES INC","CRBU","CARIBOU BIOSCIENCES, INC. COMMON STOCK","NASDAQ"
"CRC","CALIFORNIA RESOURCES CORP","CRC","CALIFORNIA RESOURCES CORP","NYSE"
"CRCA","PROSHARES ULTRA CRCL","CRCA","PROSHARES ULTRA CRCL","NYSE"
"CRCD","T-REX 2X INV CRCL DA TAR ETF","CRCD","ETF OPPTY TRUST T-REX -2X CRCL DAILY TARGET ETF","BATS"
"CRCG","LEVERAGE SHARES 2X CRCL","CRCG","LEVERAGE SHARES 2X LONG CRCL DAILY ETF","NASDAQ"
"CRCL","CIRCLE INTERNET GROUP INC","CRCL","CIRCLE INTERNET GROUP INC","NYSE"
"CRCO","YIELDMCRCLOPTIINCOMSTRATEETF","CRCO","YIELDMAX CRCL OPTION INCOME STRATEGY ETF","NYSE"
"CRCT","CRICUT INC - CLASS A","CRCT","CRICUT, INC. CLASS A COMMON STOCK","NASDAQ"
"CRDF","CARDIFF ONCOLOGY INC","CRDF","CARDIFF ONCOLOGY INC","NASDAQ"
"CRDL","CARDIOL THERAPEUTICS INC-A","CRDL","CARDIOL THERAPEUTICS INC. CLASS A","NASDAQ"
"CRDO","CREDO TECHNOLOGY GROUP HOLDI","CRDO","CREDO TECHNOLOGY GROUP HOLDING LTD","NASDAQ"
"CRDT","SIMPLIFY OPPORTUNISTIC INC","CRDT","SIMPLIFY OPPORTUNISTIC INCOME ETF","NYSE"
"CRDU","TRADR 2X LONG CRDO DAILY ETF","CRDU","TRADR 2X LONG CRDO DAILY ETF","BATS"
"CRDX","2X CARDANO ETF","CRDX","","BATS"
"CRE","CRE8 ENTERPRISE LTD-CL A","CRE","CRE8 ENTERPRISE LIMITED CLASS A","NASDAQ"
"CREG","SMART POWERR CORP","CREG","SMART POWER CORP","NASDAQ"
"CRESY","CRESUD S.A.-SPONS ADR","CRESY","CRESUD","NASDAQ"
"CREX","CREATIVE REALITIES INC","CREX","CREATIVE REALITIES INC","NASDAQ"
"CRF","CORNERSTONE TOTAL RETURN","CRF","CORNERSTONE TOTAL RETURN COMMO","NYSE_AMERICAN"
"CRGO","FREIGHTOS LTD","CRGO","FREIGHTOS LIMITED","NASDAQ"
"CRGY","CRESCENT ENERGY INC-A","CRGY","CRESCENT ENERGY COMPANY","NYSE"
"CRH","CRH PLC","CRH","CRH","NYSE"
"CRI","CARTER'S INC","CRI","CARTER'S","NYSE"
"CRIS","CURIS INC","CRIS","CURIS","NASDAQ"
"CRK","COMSTOCK RESOURCES INC","CRK","COMSTOCK RESOURCES","NYSE"
"CRL","CHARLES RIVER LABORATORIES","CRL","CHARLES RIVER","NYSE"
"CRM","SALESFORCE INC","CRM","SALESFORCE INC","NYSE"
"CRMD","CORMEDIX INC","CRMD","CORMEDIX","NASDAQ"
"CRMG","LEVERAGE SHARES 2X CRM","CRMG","LEVERAGE SHARES 2X LONG CRM DAILY ETF","NASDAQ"
"CRML","CRITICAL METALS CORP","CRML","CRITICAL METALS CORP.","NASDAQ"
"CRMT","AMERICA'S CAR-MART INC","CRMT","AMERICA'S CAR-MART","NASDAQ"
"CRMU","LEVERAGE SHARES 2X CRML","CRMU","LEVERAGE SHARES 2X LONG CRML DAILY ETF","NASDAQ"
"CRMX","TRADR 2X LONG CRML DAILY ETF","CRMX","TRADR 2X LONG CRML DAILY ETF","BATS"
"CRNC","CERENCE INC","CRNC","CERENCE INC","NASDAQ"
"CRNT","CERAGON NETWORKS LTD","CRNT","CERAGON NETWORKS","NASDAQ"
"CRNX","CRINETICS PHARMACEUTICALS IN","CRNX","CRINETICS PHARMACEUTICALS, INC.","NASDAQ"
"CRON","CRONOS GROUP INC","CRON","CRONOS GROUP INC. COMMON SHARE","NASDAQ"
"CROX","CROCS INC","CROX","CROCS","NASDAQ"
"CRPT","FT SKYBR CRYPT & DIG ECON","CRPT","FIRST TRUST SKYBRIDGE CRYPTO INDUSTRY AND DIGITAL","NYSE"
"CRS","CARPENTER TECHNOLOGY","CRS","CARPENTER TECHNOLOGY","NYSE"
"CRSH","YIELDMAX SHRT TSLA OPT INC","CRSH","YIELDMAX SHORT TSLA OPTION INCOME STRATEGY ETF","NYSE"
"CRSP","CRISPR THERAPEUTICS AG","CRSP","CRISPR THERAPEUTICS AG COMMON SHARES","NASDAQ"
"CRSR","CORSAIR GAMING INC","CRSR","CORSAIR GAMING, INC. COMMON STOCK","NASDAQ"
"CRT","CROSS TIMBERS ROYALTY TRUST","CRT","CROSS TIMBERS ROYALTY","NYSE"
"CRTC","XTRACKERS US NTL CRITIC TECH","CRTC","XTRACKERS US NATIONAL CRITICAL TECHNOLOGY","NYSE"
"CRTO","CRITEO SA-SPON ADR","CRTO","CRITEO S.A. AMERICAN DEPOSITAR","NASDAQ"
"CRUS","CIRRUS LOGIC INC","CRUS","CIRRUS LOGIC","NASDAQ"
"CRUX","COLUMBIA CORE BOND ETF","CRUX","COLUMBIA CORE BOND ETF","NYSE"
"CRVL","CORVEL CORP","CRVL","CORVEL","NASDAQ"
"CRVO","CERVOMED INC","CRVO","CERVOMED INC.","NASDAQ"
"CRVS","CORVUS PHARMACEUTICALS INC","CRVS","CORVUS PHARMACEUTICALS, INC.","NASDAQ"
"CRWD","CROWDSTRIKE HOLDINGS INC - A","CRWD","CROWDSTRIKE HOLDINGS, INC. CLASS A","NASDAQ"
"CRWG","LEVERAGE SHARES 2X CRWV","CRWG","LEVERAGE SHARES 2X LONG CRWV DAILY ETF","NASDAQ"
"CRWL","GRANITESHARES 2X L CRWD ETF","CRWL","GRANITESHARES 2X LONG CRWD DAILY ETF","NASDAQ"
"CRWS","CROWN CRAFTS INC","CRWS","CROWN CRAFTS","NASDAQ"
"CRWU","T-REX 2X LONG CRWV DA TA ETF","CRWU","OPPTY T-REX 2X LONG CRWV DAILY TARGET","BATS"
"CRWV","COREWEAVE INC-CL A","CRWV","COREWEAVE, INC. CLASS A","NASDAQ"
"CSAI","CLOUDASTRUCTURE INC-A","CSAI","CLOUDASTRUCTURE, INC. CLASS A","NASDAQ"
"CSAN","COSAN SA -ADR","CSAN","COSAN SA","NYSE"
"CSB","VICTORYSHARES US SMALL CAP H","CSB","VICTORYSHARES US SMALL CAP HIGH DIV VLT WTD ETF","NASDAQ"
"CSBR","CHAMPIONS ONCOLOGY INC","CSBR","CHAMPIONS ONCOLOGY, INC. COMMON STOCK","NASDAQ"
"CSCL","DIREXION DY CSCO BULL 2X ETF","CSCL","DIREXION DAILY CSCO BULL 2X ETF","NASDAQ"
"CSCO","CISCO SYSTEMS INC","CSCO","CISCO SYSTEMS","NASDAQ"
"CSCS","DIREXION DY CSCO BEAR 1X ETF","CSCS","DIREXION DAILY CSCO BEAR 1X ETF","NASDAQ"
"CSD","INVESCO S&P SPIN-OFF ETF","CSD","INVESCO SPIN-OFF","NYSE"
"CSEX","TRADR 2X LONG CLS DAILY ETF","CSEX","TRADR 2X LONG CLS DAILY ETF","BATS"
"CSGP","COSTAR GROUP INC","CSGP","COSTAR GROUP","NASDAQ"
"CSGS","CSG SYSTEMS INTL INC","CSGS","CSG SYSTEMS INTERNATIONAL","NASDAQ"
"CSHI","NEOS ENHANCED INCOME 1-3 MON","CSHI","NEOS ENHANCED INCOME 1-3 MO T BILL ETF","NYSE"
"CSHP","ISHARES ENHANCED STBA ETF","CSHP","ISHARES ENHANCED SHORT-TERM BOND ETF","NYSE"
"CSHR","COINSHARES PLC","CSHR","COINSHARES PLC","NASDAQ"
"CSIO","C&S INFRA OPP ACTIVE ETF","CSIO","COHEN & STEERS INFRASTRUCTURE OPPORTUNITIES ACTIVE","NYSE"
"CSIQ","CANADIAN SOLAR INC","CSIQ","CANADIAN SOLAR","NASDAQ"
"CSL","CARLISLE COS INC","CSL","CARLISLE COMPANIES","NYSE"
"CSM","PROSHARES LARGE CAP CORE PLU","CSM","PROSHARES LARGE CAP CORE PLUS ETF","BATS"
"CSMD","CONGRESS SMID GROWTH ETF","CSMD","CONGRESS SMID GROWTH ETF","NYSE"
"CSNR","C&S NAT RESOURCES ACTIVE ETF","CSNR","COHEN & STEERS NATURAL RESOURCES ACTIVE ETF","NYSE"
"CSPI","CSP INC","CSPI","CSP","NASDAQ"
"CSQ","CALAMOS STRAT TTL RTRN FND","CSQ","CALAMOS STRATEGIC TOTAL RETURN","NASDAQ"
"CSR","CENTERSPACE","CSR","CENTERSPACE","NYSE"
"CSRE","C&S REAL ESTATE ACTIVE ETF","CSRE","COHEN & STEERS REAL ESTATE ACTIVE ETF","NYSE"
"CSTE","CAESARSTONE LTD","CSTE","CAESARSTONE LTD","NASDAQ"
"CSTL","CASTLE BIOSCIENCES INC","CSTL","CASTLE BIOSCIENCES, INC. COMMON STOCK","NASDAQ"
"CSTM","CONSTELLIUM SE","CSTM","CONSTELLIUM SE","NYSE"
"CSV","CARRIAGE SERVICES INC","CSV","CARRIAGE SERVICES","NYSE"
"CSW","CSW INDUSTRIALS INC","CSW","CSW INDUSTRIALS INC","NYSE"
"CSWC","CAPITAL SOUTHWEST CORP","CSWC","CAPITAL SOUTHWEST","NASDAQ"
"CSX","CSX CORP","CSX","CSX","NASDAQ"
"CTA","SIMPLIFY MANAGED FUTURES ST","CTA","SIMPLIFY MANAGED FUTURES STRATEGY ETF","NYSE"
"CTAAU","CLEARTHINK 1 ACQUISITION COR","CTAAU","CLEARTHINK 1 ACQUISITION CORP. UNT","NASDAQ"
"CTAP","SIMPLIFY US EQ PLUS MGD FUT","CTAP","SIMPLIFY US EQUITY PLUS MANAGED FUTURES STRATEGY","NYSE"
"CTAS","CINTAS CORP","CTAS","CINTAS","NASDAQ"
"CTBB","QWEST CORP","CTBB","QWEST CORP 6.5% NTS 2056","NYSE"
"CTBI","COMMUNITY TRUST BANCORP INC","CTBI","COMMUNITY TRUST BANCORP","NASDAQ"
"CTDD","CTL 6 3-4 06-15-57 PFD","CTDD","QWEST CORP 6.75% NOTES DUE 2057","NYSE"
"CTEC","GLOBAL X CLIMATETECH ETF","CTEC","GLOBAL X CLIMATETECH ETF","NASDAQ"
"CTEF","CASTELLAN TARGETD EQUITY ETF","CTEF","EA SERIES TRUST CASTELLAN TARGETED EQUITY ETF","BATS"
"CTEV","CLARITEV CORP","CTEV","CLARITEV CORPORATION CLASS A","NYSE"
"CTEX","PROSHARES S&P KENSHO CLEANTC","CTEX","PROSHARES S&P KENSHO CLEANTECH ETF","NYSE"
"CTGO","CONTANGO SILVER & GOLD INC","CTGO","CONTANGO SILVER & GOLD INC","NYSE_AMERICAN"
"CTIF","CASTELLAN TARGET INC ETF","CTIF","EA SERIES TRUST CASTELLAN TARGETED INCOME ETF","BATS"
"CTKB","CYTEK BIOSCIENCES INC","CTKB","CYTEK BIOSCIENCES, INC. COMMON STOCK","NASDAQ"
"CTLP","CANTALOUPE INC","CTLP","CANTALOUPE INC","NASDAQ"
"CTM","CASTELLUM INC","CTM","CASTELLUM INC","NYSE_AMERICAN"
"CTMX","CYTOMX THERAPEUTICS INC","CTMX","CYTOMX THERAPEUTICS, INC. COMMON STOCK","NASDAQ"
"CTNM","CONTINEUM THERAPEUTICS INC-A","CTNM","CONTINEUM THERAPEUTICS, INC. CLASS A","NASDAQ"
"CTNT","CHEETAH NET SUPPLY CHAIN SER","CTNT","CHEETAH NET SUPPLY CHAIN SERVICE INC. CLASS A","NASDAQ"
"CTO","CTO REALTY GROWTH INC","CTO","CTO REALTY GROWTH INC","NYSE"
"CTOR","CITIUS ONCOLOGY INC","CTOR","CITIUS ONCOLOGY, INC.","NASDAQ"
"CTOS","CUSTOM TRUCK ONE SOURCE INC","CTOS","CUSTOM TRUCK ONE SOURCE INC","NYSE"
"CTRA","COTERRA ENERGY INC","CTRA","COTERRA ENERGY INC","NYSE"
"CTRE","CARETRUST REIT INC","CTRE","CARETRUST REIT INC","NYSE"
"CTRI","CENTURI HOLDINGS INC","CTRI","CENTURI HOLDINGS INC","NYSE"
"CTRM","CASTOR MARITIME INC","CTRM","CASTOR MARITIME INC. COMMON STOCK","NASDAQ"
"CTRN","CITI TRENDS INC","CTRN","CITI TRENDS","NASDAQ"
"CTS","CTS CORP","CTS","CTS","NYSE"
"CTSH","COGNIZANT TECH SOLUTIONS-A","CTSH","COGNIZANT TECH SOLUTION","NASDAQ"
"CTSO","CYTOSORBENTS CORP","CTSO","CYTOSORBENTS CORP","NASDAQ"
"CTVA","CORTEVA INC","CTVA","CORTEVA INC","NYSE"
"CTW","CTW CAYMAN-CL A","CTW","CTW CAYMAN CLASS A","NASDAQ"
"CTWO","COTWO PHYSICAL EUA TRUST","CTWO","COTWO ADVISORS PHYSICAL EURO CARBON ALLOW TRUST","NYSE"
"CTXR","CITIUS PHARMACEUTICALS INC","CTXR","CITIUS PHARMACEUTICALS, INC.","NASDAQ"
"CUB","LIONHEART HOLDINGS - CL A","CUB","LIONHEART HOLDINGS CLASS A","NASDAQ"
"CUBB","CUSTOMERS BANCORP INC","CUBB","CUSTOMERS BANCORP INC 5.375% NTS","NYSE"
"CUBE","CUBESMART","CUBE","CUBESMART","NYSE"
"CUBI","CUSTOMERS BANCORP INC","CUBI","CUSTOMERS BANCORP, INC COMMON","NYSE"
"CUBWU","LIONHEART HOLDINGS","CUBWU","LIONHEART HOLDINGS UNT","NASDAQ"
"CUE","CUE BIOPHARMA INC","CUE","CUE BIOPHARMA, INC. COMMON STOCK","NASDAQ"
"CUK","CARNIVAL PLC-ADR","CUK","CARNIVAL PLC ADS ADS","NYSE"
"CULP","CULP INC","CULP","CULP, INC.","NASDAQ"
"CUPR","CUPRINA HOLDINGS CAYMAN-A","CUPR","CUPRINA HOLDINGS (CAYMAN) LIMITED CLASS A","NASDAQ"
"CURB","CURBLINE PROPERTIES CORP","CURB","CURBLINE PROPERTIES CORP","NYSE"
"CURE","DIREX DLY HEA BUL 3X ETF-USD","CURE","DIREXION DAILY HEALTHCARE BULL 3X ETF","NYSE"
"CURI","CURIOSITYSTREAM INC","CURI","CURIOSITYSTREAM INC","NASDAQ"
"CURR","CURRENC GROUP INC","CURR","CURRENC GROUP INC.","NASDAQ"
"CURV","TORRID HOLDINGS INC","CURV","TORRID HOLDINGS INC","NYSE"
"CURX","CURANEX PHARMACEUTICALS INC","CURX","CURANEX PHARMACEUTICALS INC","NASDAQ"
"CUSD","CROSSINGBRIDGE ULTRA-SHORT D","CUSD","CROSSINGBRIDGE PRE-MERGER SPAC ETF","NASDAQ"
"CUT","INVESCO MSCI GLOBAL TIMBER E","CUT","INVESCO TIMBER","NYSE"
"CUZ","COUSINS PROPERTIES INC","CUZ","COUSINS PROPERTIES","NYSE"
"CV","CAPSOVISION INC","CV","CAPSOVISION, INC.","NASDAQ"
"CVBF","CVB FINANCIAL CORP","CVBF","CVB FINANCIAL","NASDAQ"
"CVCO","CAVCO INDUSTRIES INC.","CVCO","CAVCO INDUSTRIES","NASDAQ"
"CVE","CENOVUS ENERGY INC","CVE","CENOVUS ENERGY","NYSE"
"CVEO","CIVEO CORP","CVEO","CIVEO CORP","NYSE"
"CVGI","COMMERCIAL VEHICLE GROUP INC","CVGI","COMMERCIAL VEHICLE GROUP","NASDAQ"
"CVGW","CALAVO GROWERS INC","CVGW","CALAVO GROWERS","NASDAQ"
"CVI","CVR ENERGY INC","CVI","CVR ENERGY","NYSE"
"CVIE","CAL INTL RESPONSIBLE INDEX","CVIE","CALVERT INTL RESPONSIBLE INDEX ETF","NYSE"
"CVKD","CADRENAL THERAPEUTICS INC","CVKD","CADRENAL THERAPEUTICS, INC.","NASDAQ"
"CVLC","CALVERT US L-C CR RESP INDEX","CVLC","CALVERT US LARGE-CAP CORE RESPONSIBLE INDEX ETF","NYSE"
"CVLG","COVENANT LOGISTICS GROUP INC","CVLG","COVENANT LOGISTICS GROUP INC","NYSE"
"CVLT","COMMVAULT SYSTEMS INC","CVLT","COMMVAULT SYSTEMS","NASDAQ"
"CVM","CEL - SCI CORP","CVM","CEL-SCI","NYSE_AMERICAN"
"CVMC","CALVERT US MCAP CORE RESP","CVMC","CALVERT US MID-CAP CORE RESPONSIBLE INDEX ETF","NYSE"
"CVNA","CARVANA CO","CVNA","CARVANA CO","NYSE"
"CVNX","DEFIANCE D T 2X LONG CVN ETF","CVNX","DEFIANCE DAILY TARGET 2X LONG CVNA ETF","NASDAQ"
"CVR","CHICAGO RIVET & MACHINE CO","CVR","CHICAGO RIVET & MACHINE","NYSE_AMERICAN"
"CVRT","CALAMOS CONV EQTY ALT ETF","CVRT","CALAMOS CONVERTIBLE EQUITY ALTERNATIVE ETF","NYSE"
"CVRX","CVRX INC","CVRX","CVRX, INC.","NASDAQ"
"CVS","CVS HEALTH CORP","CVS","CVS HEALTH CORP","NYSE"
"CVSA","COVISTA INC","CVSA","COVISTA INC","NYSE"
"CVSB","CALVERT ULT-SHRT INV GRD ETF","CVSB","CALVERT ULTRA-SHORT INVESTMENT GRADE ETF","NYSE"
"CVU","CPI AEROSTRUCTURES INC","CVU","CPI AEROSTRUCTURES INC","NYSE_AMERICAN"
"CVV","CVD EQUIPMENT CORP","CVV","CVD EQUIPMENT CORPORATION COMM","NASDAQ"
"CVX","CHEVRON CORP","CVX","CHEVRON","NYSE"
"CVY","INVESCO ZACKS MULTI-ASSET IN","CVY","INVESCO MULTI-ASSET INCOME","NYSE"
"CW","CURTISS-WRIGHT CORP","CW","CURTISS-WRIGHT","NYSE"
"CWAN","CLEARWATER ANALYTICS HDS-A","CWAN","CLEARWATER ANALYTICS HOLDINGS INC","NYSE"
"CWB","SS SPDR BB CONV SEC ETF","CWB","STATE ST SPDR BLOOMBERG CONVERTIBLE","NYSE"
"CWBC","COMMUNITY WEST BANCSHARES","CWBC","COMMUNITY WEST BANCSHARES","NASDAQ"
"CWCO","CONSOLIDATED WATER CO-ORD SH","CWCO","CONSOLIDATED WATER","NASDAQ"
"CWD","CALIBERCOS INC-CL A","CWD","CALIBERCOS INC. CLASS A","NASDAQ"
"CWEB","DIRXN DLY CSI CII B2X ETF-UI","CWEB","DIREXION DAILY CSI CHINA INTERNET BULL 2X ETF","NYSE"
"CWEN","CLEARWAY ENERGY INC-C","CWEN","CLEARWAY ENERGY INC CLASS C","NYSE"
"CWH","CAMPING WORLD HOLDINGS INC-A","CWH","CAMPING WORLD HOLDINGS INC","NYSE"
"CWI","STATE STREET SPDR MSCI ACWI","CWI","STATE ST SPDR MSCI ACWI (EX-US)","NYSE"
"CWII","REX CRWV GROWTH & INCOME ETF","CWII","REX CRWV GROWTH & INCOME ETF","BATS"
"CWK","CUSHMAN & WAKEFIELD LTD","CWK","CUSHMAN & WAKEFIELD PLC","NYSE"
"CWS","ADVISORSHARES EQUITY FOCUSED","CWS","ADVISOR SHARES FOCUSED EQUITY ETF","NYSE"
"CWST","CASELLA WASTE SYSTEMS INC-A","CWST","CASELLA WASTE SYSTEMS","NASDAQ"
"CWT","CALIFORNIA WATER SERVICE GRP","CWT","CALIFORNIA WATER","NYSE"
"CWVX","TRADR 2X LONG CRWV DAILY ETF","CWVX","TRADR 2X LONG ASTS DAILY ETF CRWV DAILY ETF","BATS"
"CX","CEMEX SAB-SPONS ADR PART CER","CX","CEMEX","NYSE"
"CXAI","CXAPP INC","CXAI","CXAPP INC. CLASS A","NASDAQ"
"CXDO","CREXENDO INC","CXDO","CREXENDO COMMON STOCK","NASDAQ"
"CXE","MFS HIGH INCOME MUNICIPAL TR","CXE","MFS HIGH INCOME MUNICIPAL COMM","NYSE"
"CXH","MFS INVESTMENT GRADE MUNI","CXH","MFS INVESTMENT GRADE MUNI COMM","NYSE"
"CXM","SPRINKLR INC-A","CXM","SPRINKLR INC","NYSE"
"CXRN","TEUCRIUM 2X DAILY CORN ETF","CXRN","TEUCRIUM 2X DAILY CORN ETF","NYSE"
"CXSE","WISDOMTREE CHINA EX-ST OW","CXSE","WISDOMTREE CHINA DIVIDEND EX-F","NASDAQ"
"CXT","CRANE NXT CO","CXT","CRANE NXT, CO.","NYSE"
"CXW","CORECIVIC INC","CXW","CORECIVIC INC","NYSE"
"CYAB","CYABRA INC","CYAB","CYABRA, INC.","NASDAQ"
"CYCN","CYCLERION THERAPEUTICS INC","CYCN","CYCLERION THERAPEUTICS, INC.","NASDAQ"
"CYCU","CYCURION INC","CYCU","CYCURION, INC.","NASDAQ"
"CYD","CHINA YUCHAI INTL LTD","CYD","CHINA YUCHAI","NYSE"
"CYH","COMMUNITY HEALTH SYSTEMS INC","CYH","COMMUNITY HEALTH SYSTEMS","NYSE"
"CYN","CYNGN INC","CYN","CYNGN INC. COMMON STOCK","NASDAQ"
"CYPH","CYPHERPUNK TECHNOLOGIES INC","CYPH","CYPHERPUNK TECHNOLOGIES INC.","NASDAQ"
"CYRX","CRYOPORT INC","CYRX","CRYOPORT, INC. COMMON STOCK","NASDAQ"
"CYTK","CYTOKINETICS INC","CYTK","CYTOKINETICS, INCORPORATED COM","NASDAQ"
"CZA","INVESCO ZACKS MID-CAP ETF","CZA","INVESCO MID-CAP CORE","NYSE"
"CZFS","CITIZENS FINANCIAL SERVICES","CZFS","CITIZENS FINANCIAL SERVICES, INC.","NASDAQ"
"CZNC","CITIZENS & NORTHERN CORP","CZNC","CITIZENS AND NORTHERN","NASDAQ"
"CZR","CAESARS ENTERTAINMENT INC","CZR","CAESERS ENTERTAINMENT INC","NASDAQ"
"CZWI","CITIZENS COMMUNITY BANCORP I","CZWI","CITIZENS COMMUNITY","NASDAQ"
"D","DOMINION ENERGY INC","D","DOMINION RESOURCES","NYSE"
"DAAQ","DIGITAL ASSET ACQUISITI-CL A","DAAQ","DIGITAL ASSET ACQUISITION CORP. CLASS A","NASDAQ"
"DAAQU","DIGITAL ASSET ACQUISITION CO","DAAQU","DIGITAL ASSET ACQUISITION CORP. UNT","NASDAQ"
"DAC","DANAOS CORP","DAC","DANAOS","NYSE"
"DAIC","CID HOLDCO INC","DAIC","CID HOLDCO, INC.","NASDAQ"
"DAIO","DATA I-O CORP","DAIO","DATA I/O","NASDAQ"
"DAKT","DAKTRONICS INC","DAKT","DAKTRONICS","NASDAQ"
"DAL","DELTA AIR LINES INC.","DAL","DELTA AIR LINES","NYSE"
"DALI","ISHRS MS WR CO DI SA UCI-USD","DALI","FIRST TR DORSEY WRIGHT DALI EQUITY ETF","NASDAQ"
"DAMD","DEFIANCE DT 2X SHT AMD ETF","DAMD","DEFIANCE DAILY TARGET 2X SHORT AMD ETF","NYSE"
"DAN","DANA INC","DAN","DANA INC","NYSE"
"DANA","DANA LIMITED VOLATILITY ETF","DANA","DANA LIMITED VOLATILITY ETF","NYSE"
"DAO","YOUDAO INC - ADR","DAO","YOUDAO INC","NYSE"
"DAPP","VANECK DIGITAL TRANSFORMATIO","DAPP","VANECK DIGITAL TRANSFORMATION ETF","NASDAQ"
"DAPR","FT VEST U.S. EQUITY DEEP BUF","DAPR","FT CBOE VEST U.S. EQUITY DEEP BUFFER ETF APR","BATS"
"DAR","DARLING INGREDIENTS INC","DAR","DARLING INGREDIENTS INC","NYSE"
"DARE","DARE BIOSCIENCE INC","DARE","DARE BIOSCIENCE INC","NASDAQ"
"DARP","GRIZZLE GROWTH ETF","DARP","GRIZZLE GROWTH ETF","NYSE"
"DASH","DOORDASH INC - A","DASH","DOORDASH, INC. CLASS A","NASDAQ"
"DAT","PROSHARES BIG DATA REFINERS","DAT","PROSHARES BIG DATA REFINERS ETF","NYSE"
"DAUG","FT VEST U.S. EQUITY DEEP BUF","DAUG","FT CBOE VEST U.S. EQUITY DEEP BUFFER ETF AUG","BATS"
"DAVA","ENDAVA PLC- SPON ADR","DAVA","ENDAVA PLC","NYSE"
"DAVE","DAVE INC","DAVE","DAVE INC. CLASS A COMMON STOCK","NASDAQ"
"DAWN","DAY ONE BIOPHARMACEUTICALS I","DAWN","DAY ONE BIOPHARMACEUTICALS, INC. COMMON","NASDAQ"
"DAX","GLOBAL X DAX GERMANY ETF","DAX","GLOBAL X DAX GERMANY ETF","NASDAQ"
"DB","DEUTSCHE BANK AG-REGISTERED","DB","DEUTSCHE BANK AG","NYSE"
"DBA","INVESCO DB AGRICULTURE FUND","DBA","INVESCO DB AGRICULTURE","NYSE"
"DBAW","XTRACKERS MSCI ALL WORLD EX","DBAW","XTRACKERS MSCI WORLD H","NYSE"
"DBB","INVESCO DB BASE METALS FUND","DBB","INVESCO DB BASE METALS","NYSE"
"DBC","INVESCO DB COMMODITY INDEX T","DBC","INVESCO DB COMMODITY INDEX","NYSE"
"DBCA","D. BORAL ACQUISITION I-CL A","DBCA","D. BORAL ACQUISITION I CORP. CLASS A","NASDAQ"
"DBCAU","D BORAL ACQUISITION I CORP","DBCAU","D. BORAL ACQUISITION I CORP. UNT","NASDAQ"
"DBD","DIEBOLD NIXDORF INC","DBD","DIEBOLD NIXDORF INC","NYSE"
"DBE","INVESCO DB ENERGY FUND","DBE","INVESCO DB ENERGY","NYSE"
"DBEF","XTRACKERS MSCI EAFE HEDGED E","DBEF","XTRACKERS MSCI EAFE HE","NYSE"
"DBEM","XTRACKERS MSCI EMERGING MARK","DBEM","XTRACKERS MSCI EMG MKT","NYSE"
"DBEU","XTRACKERS MSCI EUROPE HEDGED","DBEU","XTRACKERS MSCI EUROPE","NYSE"
"DBEZ","XTRACKERS MSCI EUROZONE HEDG","DBEZ","XTRACKERS MSCI EUROZONE HEDGED","NYSE"
"DBGI","DIGITAL BRANDS GROUP INC","DBGI","DIGITAL BRANDS GROUP, INC.","NASDAQ"
"DBI","DESIGNER BRANDS INC-CLASS A","DBI","DESIGNER BRANDS INC","NYSE"
"DBJP","XTRACKERS MSCI JAPAN HEDGED","DBJP","XTRACKERS MSCI JAPAN H","NYSE"
"DBL","DOUBLELINE OPPORT CREDIT","DBL","DOUBLELINE OPPORTUNISTIC CRED","NYSE"
"DBMF","IMGP DBI MANAGED FUTURES STR","DBMF","IMGP DBI MANAGED FUTURES STRATEGY","NYSE"
"DBND","DOUBLELINE OPPOR COR BND-USD","DBND","DOUBLELINE OPPORTUNISTIC BOND ETF","NYSE"
"DBO","INVESCO DB OIL FUND","DBO","INVESCO DB OIL","NYSE"
"DBP","INVESCO DB PRECIOUS METALS F","DBP","INVESCO DB PRECIOUS METALS","NYSE"
"DBRG","DIGITALBRIDGE GROUP INC","DBRG","DIGITALBRIDGE GROUP INC","NYSE"
"DBSC","DEEPWATER BEACHFRONT SM CAP","DBSC","DEEPWATER BEACHFRONT SMALL CAP ETF","NASDAQ"
"DBVT","DBV TECHNOLOGIES SA-SPON ADR","DBVT","DBV TECHNOLOGIES S.A. AMERICAN","NASDAQ"
"DBX","DROPBOX INC-CLASS A","DBX","DROPBOX, INC. CLASS A COMMON STOCK","NASDAQ"
"DC","DAKOTA GOLD CORP","DC","DAKOTA GOLD CORP","NYSE_AMERICAN"
"DCBG","DIME COMMUNITY BANCSHARES INC","DCBG","DIME COMMUNITY BANCSHARES INC 9% JUNIOR SB NT","NYSE"
"DCBO","DOCEBO INC","DCBO","DOCEBO INC. COMMON SHARES","NASDAQ"
"DCGO","DOCGO INC","DCGO","DOCGO INC. COMMON STOCK","NASDAQ"
"DCH","DAUCH CORPORATION","DCH","DAUCH CORP","NYSE"
"DCI","DONALDSON CO INC","DCI","DONALDSON","NYSE"
"DCMT","DOUBLELINE COMMODITY ETF","DCMT","DOUBLELINE COMMODITY STRATEGY ETF","NYSE"
"DCO","DUCOMMUN INC","DCO","DUCOMMUN","NYSE"
"DCOM","DIME COMMUNITY BANCSHARES IN","DCOM","DIME COMMUNITY BANCSHARES INC","NYSE"
"DCOR","DIMENSIONAL US CORE EQ 1 ETF","DCOR","DIMENSIONAL US CORE EQUITY 1 ETF","NYSE"
"DCOY","DECOY THERAPEUTICS INC","DCOY","DECOY THERAPEUTICS INC.","NASDAQ"
"DCRE","DBL COMM REAL EST DEBT","DCRE","DOUBLELINE COMMERCIAL REAL ESTATE DEBT ETF","NYSE"
"DCTH","DELCATH SYSTEMS INC","DCTH","DELCATH SYS INC COMMON STOCK","NASDAQ"
"DCX","DIGITAL CURRENCY X TECHNOLOG","DCX","DIGITAL CURRENCY X TECHNOLOGY INC. CLASS A","NASDAQ"
"DD","DUPONT DE NEMOURS INC","DD","DU PONT DE NEMOURS & CO","NYSE"
"DDC","DDC ENTERPRISE LTD-A","DDC","DDC ENTERPRISE LTD","NYSE_AMERICAN"
"DDD","3D SYSTEMS CORP","DDD","3D SYSTEMS","NYSE"
"DDDD","YM US STK TARG DBL DISTR ETF","DDDD","YIELDMAX U.S. STOCKS TARGET DOUBLE DISTRIBUTION","NYSE"
"DDEC","FT VEST U.S. EQUITY DEEP BUF","DDEC","FT CBOE VEST U.S. EQUITY DEEP BUFFER ETF DEC","BATS"
"DDFA","INVTR EQT DD 15 BFR ETF APRL","DDFA","","BATS"
"DDFD","INNO EQT DD 15 BUFF ETF DEC","DDFD","INNOVATOR DUAL DIRECTIONAL 15 BUFFER ETF DEC","BATS"
"DDFF","INNV EQT DD 15 BUF ETF FEB","DDFF","","BATS"
"DDFJ","INNOVATOR ED D15 BUFF JAN","DDFJ","INNOVATOR DUAL DIRECTIONAL 15 BUFFER ETF JAN","BATS"
"DDFL","INVTR EQ D DI 15 B ETF - JUL","DDFL","INNOVATOR EQUITY DUAL DIRECTIONAL 15 BUFFER JUL","BATS"
"DDFM","INNOVATOR EDD 15 BUF ETF-MAR","DDFM","","BATS"
"DDFN","INNOV EQ DD 15 BUF ETF - NOV","DDFN","INNOVATOR EQUITY DUAL DIRECTIONAL 15 BUFFER NOV","BATS"
"DDFO","INNOV EQ DD 15 BUF ETF - OCT","DDFO","INNOVATOR EQUITY DUAL DIRECTIONAL 15 BUFFER OCT","BATS"
"DDFS","INNOVATO EQU DU DI 15 BU ETF","DDFS","INNOVATOR EQUITY DUAL DIRECTIONAL 15 BUFFER SEP","BATS"
"DDI","DOUBLEDOWN INTERACTIVE -ADR","DDI","DOUBLEDOWN INTERACTIVE CO., LTD. ADS","NASDAQ"
"DDIV","FIRST TRUST DORSEY WRIGHT MO","DDIV","FIRST TR DORSEY WRIGHT MOMENTUM & DIVIDEND ETF","NASDAQ"
"DDL","DINGDONG CAYMAN LTD -SPN ADR","DDL","DINGDONG (CAYMAN) LTD","NYSE"
"DDLS","WISDMTRE DY INT SMLCAP EF-US","DDLS","WISDOMTREE DYNAMIC CURR HDGD INTL SM CP EQ","BATS"
"DDM","PROSHARES ULTRA DOW30","DDM","PROSHARES ULTRA DOW30","NYSE"
"DDNQ","INVTR GRT100 DD BFR ETF QRTR","DDNQ","INNOVATOR GROWTH-100 DUAL DIRECTIONAL 5 BUFFER QUA","BATS"
"DDOG","DATADOG INC - CLASS A","DDOG","DATADOG INC.","NASDAQ"
"DDS","DILLARDS INC-CL A","DDS","DILLARDS","NYSE"
"DDT","DILLARDS CAP TST I 7.50%CP SEC","DDT","DILLARD'S CAPITAL TRUST I","NYSE"
"DDTA","INVTR EQT DD 10 BFR ETF APRL","DDTA","","BATS"
"DDTD","INNOVAT EQ DD 10 BUF ETF-DEC","DDTD","INNOVATOR DUAL DIRECTIONAL 10 BUFFER ETF DEC","BATS"
"DDTF","INVTR ED DRNL 10 BFR ETF FEB","DDTF","","BATS"
"DDTJ","INNOVATOR ED D10 BUFF JAN","DDTJ","INNOVATOR DUAL DIRECTIONAL 10 BUFFER ETF JAN","BATS"
"DDTL","INVTR EQ D DI 10 B ETF - JUL","DDTL","INNOVATOR EQUITY DUAL DIRECTIONAL 10 BUFFER JUL","BATS"
"DDTM","INNOVATOR EDD 10 BUF ETF-MAR","DDTM","","BATS"
"DDTN","INVTR EQ DD 10 BUF ETF NOV","DDTN","INNOVATOR EQUITY DUAL DIRECTIONAL 10 BUFFER NOV","BATS"
"DDTO","INNOVATOR EDD 10 BUFF OCT","DDTO","INNOVATOR EQUITY DUAL DIRECTIONAL 10 BUFFER OCT","BATS"
"DDTS","INNV EQTY DD 10 BUF ETF-SEP","DDTS","INNOVATOR EQUITY DUAL DIRECTIONAL 10 BUFFER SEP","BATS"
"DDWM","WISDOMTREE DY INTER EQ FD-US","DDWM","WISDOMTREE DYNAMIC CURR HDGD INTL EQ","BATS"
"DDX","DEFINED DURATION 10 ETF","DDX","DEFINED DURATION 10 ETF","BATS"
"DE","DEERE & CO","DE","DEERE","NYSE"
"DEA","EASTERLY GOVERNMENT PROPERTI","DEA","EASTERLY GOVERNMENT PROPERTIES","NYSE"
"DEC","DIVERSIFIED ENERGY CO","DEC","DIVERSIFIED ENERGY CO PLC","NYSE"
"DECK","DECKERS OUTDOOR CORP","DECK","DECKERS OUTDOOR CORP","NYSE"
"DECM","FT VEST US EQ MAX BUF DEC","DECM","FIRST TR VIII VEST US EQUITY MAX BUFFER DEC","BATS"
"DECO","SA ST GXY DIG AST EC ETF-AUI","DECO","STATE STREET GALAXY DIGITAL ASSET ECOSYSTEM ETF","NASDAQ"
"DECP","PGIM S&P 500 BUFFER 12 ETF -","DECP","SHL TELEMEDICINE PGIM US LARGE-CAP BUFFER 12 DEC","BATS"
"DECT","ALLIANZIM US EQ BFFR10 DC-US","DECT","AIM PRODUCTS ALLIANZIM US LARGE CAP BUFFER10","BATS"
"DECU","ALLIANZIM US BF15 UNCAP DEC","DECU","ALLIANZIM US EQUITY BUFFER15 UNCAPPED DEC","BATS"
"DECW","ALIANZIM US EQ BFR20 DEC-USD","DECW","ALLILANZIM US LARGE CAP BUFFER20 DEC ETF","BATS"
"DECZ","TRUESHARES STRUC OUT DEC ETF","DECZ","TRUESHARES STRUCTURED OUTCOME DEC ETF","BATS"
"DEED","FIRST TRUST SECURITIZED PLUS","DEED","FIRST TRUST TCW SECURITIZED PLUS ETF","NYSE"
"DEEF","XTRACK FTSE DEV EX US MULTI","DEEF","XTRACKERS FTSE DVPD X-US MULTIFACTOR","NYSE"
"DEEP","ACQUIRERS SMALL AND MICRO DE","DEEP","ACQUIRERS SMALL AND MICRO DEEP VALUE ETF","NYSE"
"DEFI","HASHDEX COMMODITIES TRUST","DEFI","HASHDEX BITCOIN ETF","NYSE"
"DEFR","APTUS DEFERRED INCOME ETF","DEFR","APTUS DEFERRED INCOME ETF","BATS"
"DEFT","DEFI TECHNOLOGIES INC","DEFT","DEFI TECHNOLOGIES, INC.","NASDAQ"
"DEHP","DIMENSIONAL EMRG MRK HI PROF","DEHP","DIMENSIONAL EM HIGH PROFITABILITY ETF","NYSE"
"DEI","DOUGLAS EMMETT INC","DEI","DOUGLAS EMMETT","NYSE"
"DELL","DELL TECHNOLOGIES -C","DELL","DELL TECHNOLOGIES INC","NYSE"
"DEM","WISDOMTREE EMERGING MARKETS","DEM","WISDOMTREE EMERGING MARKETS EQ","NYSE"
"DEMZ","DEMOCRATIC LARGE CAP CORE","DEMZ","DEMOCRATIC LARGE CAP CORE ETF","NASDAQ"
"DEO","DIAGEO PLC-SPONSORED ADR","DEO","DIAGEO","NYSE"
"DERM","JOURNEY MEDICAL CORP","DERM","JOURNEY MEDICAL CORPORATION","NASDAQ"
"DES","WISDOMTREE US SMALLCAP DIVID","DES","WISDOMTREE U.S. SMALLCAP DIVIDEND","NYSE"
"DESK","VANECK OFFICE AND COMMERCIAL","DESK","VAN ECK OFFICE AND COMMERCIAL REIT ETF","NYSE"
"DEUS","XTRACKERS RUSSELL US MULTI","DEUS","X-TRACKERS RUSSELL US MULTIFACTOR","NYSE"
"DEVS","DEVVSTREAM CORP","DEVS","DEVVSTREAM CORP.","NASDAQ"
"DEW","WISDOMTREE GLOBAL HIGH DIVID","DEW","WISDOMTREE GLOBAL EQUITY INCOM","NYSE"
"DEXC","DIMENSIONAL EM EX CCE ETF","DEXC","DIMENSIONAL EMERGING MARKETS EX CHINA CORE EQUITY","NYSE"
"DFAC","DIMENSIONAL US CORE EQUITY 2","DFAC","DIMENSIONAL US CORE EQUITY 2 ETF","NYSE"
"DFAE","DIMENSIONAL EMERGING CORE EQ","DFAE","DIMENSIONAL ETF TRUST","NYSE"
"DFAI","DIMENSIONAL INTERNATIONAL CO","DFAI","DIMENSIONAL INTERNATIONAL CORE EQUITY MARKET ETF","NYSE"
"DFAR","DIMENSIONAL US REAL EST ETF","DFAR","DIMENSIONAL US REAL ESTATE ETF","NYSE"
"DFAS","DIMENSIONAL US SMALL CAP ETF","DFAS","DIMENSIONAL US SMALL CAP ETF","NYSE"
"DFAT","DIMENSIONAL US TARGET VALUE","DFAT","DIMENSIONAL US TARGETED VALUE ETF","NYSE"
"DFAU","DIMENSIONAL US CORE EQUITY M","DFAU","DIMENSIONAL US CORE EQUITY MARKET ETF","NYSE"
"DFAW","DIMENSIONAL WORLD EQTY ETF","DFAW","DIMENSIONAL WORLD EQUITY ETF","NYSE"
"DFAX","DIMENSIONAL WORLD EX US CORE","DFAX","DIMENSIONAL WORLD EX U.S. CORE EQUITY 2 ETF","NYSE"
"DFCA","DIMENSIONAL CALFORNIA MB ETF","DFCA","DIMENSIONAL CALIFORNIA MUNICIPAL BOND ETF","NYSE"
"DFCF","DIMENSIONAL CORE FIXED INC","DFCF","DIMENSIONAL CORE FIXED INCOME ETF","NYSE"
"DFDV","DEFI DEVELOPMENT CORP","DFDV","DEFI DEVELOPMENT CORP.","NASDAQ"
"DFE","WISDOMTREE EUR S-C DIVIDEND","DFE","WISDOMTREE EUROPE SMALLCAP DIV","NYSE"
"DFEB","FT VEST U.S. EQUITY DEEP BUF","DFEB","FT CBOE VEST U.S. EQUITY DEEP BUFFER ETF FEB","BATS"
"DFEM","DIMENSIONAL EMRG MRKT CORE","DFEM","DIMENSIONAL EMERGING MARKETS CORE EQUITY 2 ETF","NYSE"
"DFEN","DIREX DLY AEROS & DF BL3X-UI","DFEN","DIREXION DAILY AEROSPACE & DEFENSE BULL 3X ETF","NYSE"
"DFEV","DIMENSIONAL EMRG MRKT VAL","DFEV","DIMENSIONAL EMERGING MARKETS VALUE ETF","NYSE"
"DFGP","DIMENSIONAL GLBL CORE PL FIX","DFGP","DIMENSIONAL GLOBAL CORE PLUS FIXED INCOME ETF","NASDAQ"
"DFGR","DIM GLOBAL REAL ESTATE ETF","DFGR","DIMENSIONAL GLOBAL REAL ESTATE ETF","NYSE"
"DFGX","DIMSNL INTR CF IN ETF-USD IN","DFGX","DIMENSIONAL INTERNATIONAL CORE FIXED INCOME ETF","NASDAQ"
"DFH","DREAM FINDERS HOMES INC - A","DFH","DREAM FINDERS HOMES, INC. CLASS A","NYSE"
"DFIC","DIMENSIONAL INTERNATIONAL CO","DFIC","DIMENSIONAL INTERNATIONAL CORE EQUITY 2 ETF","BATS"
"DFII","FT VEST BTC STRA & TR IN ETF","DFII","FT VEST BITCOIN STRATEGY & TARGET INCOME ETF","NYSE"
"DFIN","DONNELLEY FINANCIAL SOLUTION","DFIN","DONNELLEY FINANCIAL SOLUTIONS INC","NYSE"
"DFIP","DIMENSIONAL INFLATION-PROTEC","DFIP","DIMENSIONAL INFLATION-PROTECTED SECURITIES ETF","NYSE"
"DFIS","DIMENSIONAL INTERNATIONAL SM","DFIS","DIMENSIONAL INTERNATIONAL SMALL CAP ETF","BATS"
"DFIV","DIMENSIONAL INTERNATIONAL VA","DFIV","DIMENSIONAL INTERNATIONAL VALUE ETF","NYSE"
"DFJ","WISDOMTREE JPN S-C DVD FUND","DFJ","WISDOMTREE JAPAN SMALLCAP DIVI","NYSE"
"DFLI","DRAGONFLY ENERGY HOLDINGS CO","DFLI","DRAGONFLY ENERGY HC.","NASDAQ"
"DFLV","DIM US LARGE CAP VALUE ETF","DFLV","DIMENSIONAL US LARGE CAP VALUE ETF","NYSE"
"DFMC","US MICRO CAP PORTFOLIO - ETF","DFMC","U.S. MICRO CAP PORTFOLIO: ETF CLASS","NYSE"
"DFNL","DAVIS SELECT FINANCIAL ETF","DFNL","DAVIS SELECT FINANCIAL ETF","BATS"
"DFNM","DIMENSIONAL NATIONAL MUNI BD","DFNM","DIMENSIONAL NATIONAL MUNICIPAL BOND ETF","NYSE"
"DFNS","T3 DEFENSE INC","DFNS","T3 DEFENSE INC.","NASDAQ"
"DFP","FLAHERTY & CRUMRINE DYN PREF","DFP","FLAHERTY & CRUMRINE DYNAMIC PR","NYSE"
"DFSB","DIM GLB SUSTAIN FIX INC ETF","DFSB","DIMENSIONAL GLOBAL SUSTAINABILITY FIXED INCOME ETF","NYSE"
"DFSC","DEFSEC TECHNOLOGIES INC","DFSC","DEFSEC TECHNOLOGIES INC.","NASDAQ"
"DFSD","DIMENSIONAL SHORT DURATION","DFSD","DIMENSIONAL SHORT-DURATION FIXED INCOME ETF","NYSE"
"DFSE","DIMENSIONAL EM SUS CORE1 ETF","DFSE","DIMENSIONAL EMERGING MKTS SUSTAIN CORE 1 ETF","NYSE"
"DFSI","DIMENSIONAL INT SUS COR1 ETF","DFSI","DIMENSIONAL INTL SUSTAINABILITY CORE 1 ETF","NYSE"
"DFSU","DIMENSIONAL US SUS CORE1 ETF","DFSU","DIMENSIONAL US SUSTAINABILITY CORE 1 ETF","NYSE"
"DFSV","DIMENSIONAL US SMALL CAP VAL","DFSV","DIMENSIONAL US SMALL CAP VALUE ETF","NYSE"
"DFTT","DF TACTICAL 30 ETF","DFTT","DF TACTICAL 30 ETF","NYSE"
"DFTX","DEFINIUM THERAPEUTICS INC","DFTX","DEFINIUM THERAPEUTICS, INC.","NASDAQ"
"DFUS","DIMENSIONAL US EQ MKT ETF","DFUS","DIMENSIONAL US EQUITY ETF","NYSE"
"DFUV","DIMENSIONAL US MARKETWIDE VA","DFUV","DIMENSIONAL US MARKETWIDE VALUE ETF","NYSE"
"DFVE","DOUBLELINE FORTUNE 500 EQUAL","DFVE","DOUBLELINE FORTUNE 500 EQUAL WEIGHT ETF","NYSE"
"DFVX","DIM US LARGE CAP VECTOR ETF","DFVX","DIMENSIONAL US LARGE CAP VECTOR ETF","NYSE"
"DG","DOLLAR GENERAL CORP","DG","DOLLAR GENERAL","NYSE"
"DGCB","DIMENSIONAL GLOBAL CREDIT","DGCB","DIMENSIONAL GLOBAL CREDIT ETF","NASDAQ"
"DGICA","DONEGAL GROUP INC-CL A","DGICA","DONEGAL GROUP","NASDAQ"
"DGICB","DONEGAL GROUP INC-B","DGICB","DONEGAL GROUP, INC. CLASS B","NASDAQ"
"DGII","DIGI INTERNATIONAL INC","DGII","DIGI INTERNATIONAL","NASDAQ"
"DGIN","VANECK DIGITAL INDIA ETF","DGIN","VANECK DIGITAL INDIA ETF","NYSE"
"DGJA","FT VST US EQT BFR DR ETF JAN","DGJA","FT VEST U.S. BUFFER & DIGITAL RETURN ETF JAN","BATS"
"DGNX","DIGINEX LTD","DGNX","DIGINEX LIMITED","NASDAQ"
"DGOC","FT VEST US EB & DR ETF - OCT","DGOC","FT VEST US EQUITY BUFFER & DIGITAL RETURN OCT","BATS"
"DGP","DB GOLD DOUBLE LONG ETN","DGP","POWERSHARES DB GOLD DOUBLE LON","NYSE"
"DGRE","WISDOMTREE EMERGING MARKETS","DGRE","WISDOMTREE EMERGING MARKETS DI","NASDAQ"
"DGRO","ISHARES CORE DIVIDEND GROWTH","DGRO","ISHARS CORE DIVIDEND GROWTH","NYSE"
"DGRS","WISDOMTREE U.S. SMALLCAP QUA","DGRS","WISDOMTREE US SMALLCAP DIVIDEN","NASDAQ"
"DGRW","WISDOMTREE U.S. QUALITY DIVI","DGRW","WISDOMTREE US DIVIDEND GROWTH","NASDAQ"
"DGS","WISDOMTREE EM SMALL CAP","DGS","WISDOMTREE EMERGING MKTS SMALL","NYSE"
"DGT","SS SPDR GLOBAL DOW ETF","DGT","STATE ST SPDR GLOBAL DOW ETF","NYSE"
"DGX","QUEST DIAGNOSTICS INC","DGX","QUEST DIAGNOSTICS","NYSE"
"DGXX","DIGI POWER X INC","DGXX","DIGI POWER X INC.","NASDAQ"
"DGZ","DB GOLD SHORT ETN","DGZ","POWERSHARES DB GOLD SHORT ETN","NYSE"
"DH","DEFINITIVE HEALTHCARE CORP","DH","DEFINITIVE HEALTHCARE CORP. CLASS A","NASDAQ"
"DHC","DIVERSIFIED HEALTHCARE TRUST","DHC","DIVERSIFIED HEALTHCARE TRUST","NASDAQ"
"DHCNI","DIVERSIFIED HEALTHCARE TRUST","DHCNI","DIVERSIFIED HEALTHCARE TRUST 5.625% SRNT 2042","NASDAQ"
"DHCNL","DIVERSIFIED HEALTHCARE TRUST","DHCNL","DIVERSIFIED HEALTHCARE TRUST 6.25% SRNT 2046","NASDAQ"
"DHDG","FT US EQTY Q 2.5-15 BUFF ETF","DHDG","FIRST TR VIII VEST US EQUITY QTR 2.5 TO 15 BUFFER","BATS"
"DHF","BNYM HIGH YIELD STRATEGIES","DHF","BNY MELLON HIGH YIELD STRATEGIES","NYSE"
"DHI","DR HORTON INC","DHI","DR HORTON","NYSE"
"DHIL","DIAMOND HILL INVESTMENT GRP","DHIL","DIAMOND HILL INVESTMENT","NASDAQ"
"DHLX","DIAMOND HILL LC CONCEN ETF","DHLX","DIAMOND HILL LARGE CAP CONCENTRATED ETF","NYSE"
"DHR","DANAHER CORP","DHR","DANAHER","NYSE"
"DHS","WISDOMTREE US HIGH DIVIDEND","DHS","WISDOMTREE U.S. EQUITY INCOME","NYSE"
"DHT","DHT HOLDINGS INC","DHT","DHT HOLDINGS","NYSE"
"DHX","DHI GROUP INC","DHX","DHI GROUP INC","NYSE"
"DHY","CREDIT SUISSE HIGH YIELD CRE","DHY","CREDIT SUISSE HIGH YIELD BOND","NYSE_AMERICAN"
"DIA","SS SPDR DOW JONES INDUS AVG","DIA","STATE ST SPDR DOW JONES INDUSTRIAL AVER","NYSE"
"DIAL","COLUMBIA DIVERS FIX INC ETF","DIAL","COLUMBIA DIVERSIFIED FIXED INCOME ALLOCATION ETF","NYSE"
"DIBS","1STDIBS.COM INC","DIBS","1STDIBS.COM, INC.","NASDAQ"
"DIEM","FRANKLIN EMERGING MARKET COR","DIEM","FRANKLIN EMERGING MKT CORE DIV TILT","NYSE"
"DIG","PROSHARES ULTRA ENERGY","DIG","PROSHARES ULTRA ENERGY TRADING","NYSE"
"DIHP","DIMENSIONAL INTERNATIONAL HI","DIHP","DIMENSIONAL INTERNATIONAL HIGH PROFITABILITY ETF","BATS"
"DIM","WISDOMTREE INTL M-C DVD FUND","DIM","WISDOMTREE INTERNATIONAL MIDCA","NYSE"
"DIME","COINSHARES ALTCOINS ETF","DIME","COINSHARES ALTCOINS ETF","NASDAQ"
"DIN","DINE BRANDS GLOBAL INC","DIN","DINE BRANDS GLOBAL INC","NYSE"
"DINO","HF SINCLAIR CORP","DINO","HF SINCLAIR CORP","NYSE"
"DINT","DAVIS SELECT INTERNATIONAL","DINT","DAVIS SELECT INTERNATIONAL ETF","BATS"
"DIOD","DIODES INC","DIOD","DIODES","NASDAQ"
"DIPS","YIELDMAX SHORT NVDA OIS ETF","DIPS","YIELDMAX SHORT NVDA OPTION INCOME STRATEGY ETF","NYSE"
"DIS","WALT DISNEY CO-THE","DIS","WALT DISNEY","NYSE"
"DISO","YIELDMAX DIS OI STRATEGY ETF","DISO","YIELDMAX DIS OPTION INCOME STRATEGY ETF","NYSE"
"DISV","DIMENSIONAL INTERNATIONAL SM","DISV","DIMENSIONAL INTERNATIONAL SMALL CAP VALUE ETF","BATS"
"DIT","AMCON DISTRIBUTING CO","DIT","AMCON DISTRIBUTING","NYSE_AMERICAN"
"DIV","GLOBAL X SUPERDIVIDEND USE","DIV","GLOBAL X SUPERDIVIDEND US ETF","NYSE"
"DIVB","ISHARES CORE DIVIDEND ETF","DIVB","ISHARES GLOBAL 100 ETF OPTION CHAIN","BATS"
"DIVE","DANACONCENTRATEDDIVIDENDETF","DIVE","DANA CONCENTRATED DIVIDEND ETF","NYSE"
"DIVG","INVESCO S&P500 HIGHDIVGROWER","DIVG","INVESCO S&P 500 HIGH DIVIDEND GROWERS ETF","NYSE"
"DIVI","FRANKLIN INTERNATIONAL CORE","DIVI","FRANKLIN INTL CORE DIVIDEND TILT INDEX","NYSE"
"DIVN","HORIZON DIVIDEND INCOME ETF","DIVN","HORIZON FUNDS HORIZON DIVIDEND INCOME ETF","BATS"
"DIVO","AMPLIFY CWP ENHAN DIVID ETF","DIVO","AMPLIFY CWP ENHANCED DIVIDEND INCOME ETF","NYSE"
"DIVP","CULLEN ENHANCED EQT INCM ETF","DIVP","CULLEN ENHANCED EQUITY INCOME ETF","NYSE"
"DIVS","GUINNESS ATKINSON DVD BL-USD","DIVS","GUINNESS ATKINSON DIVIDEND BUILDER ETF","NYSE"
"DIVY","SOUND EQUITY DIVIDEND INCOME","DIVY","SOUND EQUITY DIVIDEND INCOME FUND","NYSE"
"DIVZ","ELEVATION SERIES TRUST - POL","DIVZ","OPAL DIVIDEND INCOME ETF","NYSE"
"DJAN","FT VEST U.S. EQUITY DEEP BUF","DJAN","FT CBOE VEST U.S. EQUITY DEEP BUFFER ETF JAN","BATS"
"DJCO","DAILY JOURNAL CORP","DJCO","DAILY JOURNAL","NASDAQ"
"DJD","INVESCO DOW JONES INDUSTRIAL","DJD","INVESCO DJIA DIVIDEND ETF","NYSE"
"DJIA","GLOBAL X DOW 30 COV CALL ETF","DJIA","GLOBAL X DOW 30 COVERED CALL ETF","NYSE"
"DJP","IPATH BLOOMBERG COMMODITY IN","DJP","IPATH BLOOMBERG COMMODITY INDE","NYSE"
"DJT","TRUMP MEDIA & TECHNOLOGY GRO","DJT","TRUMP MEDIA & TECHNOLOGY GROUP CORP.","NASDAQ"
"DJTU","T-REX 2X LNG DJT DLY TRG ETF","DJTU","ETF OPPTY TRUST T-REX 2X LONG DJT DAILY TARGET ETF","BATS"
"DJUL","FT VEST US EQUITY DEEP BUFFE","DJUL","FT CBOE VEST U.S. EQUITY DEEP BUFFER ETF JUL","BATS"
"DJUN","FT VEST US EQUITY DEEP BUFFE","DJUN","FT CBOE VEST U.S. EQUITY DEEP BUFFER ETF JUN","BATS"
"DK","DELEK US HOLDINGS INC","DK","DELEK US HOLDINGS","NYSE"
"DKI","DARKIRIS INC-CL A","DKI","DARKIRIS INC. CLASS A","NASDAQ"
"DKL","DELEK LOGISTICS PARTNERS LP","DKL","DELEK LOGISTICS PARTNERS","NYSE"
"DKNG","DRAFTKINGS INC-CL A","DKNG","DRAFTKINGS INC. CLASS A COMMON STOCK","NASDAQ"
"DKNX","DEFIANC D TRGT 2X L DKNG ETF","DKNX","DEFIANCE DAILY TARGET 2X LONG DKNG ETF","NASDAQ"
"DKS","DICK'S SPORTING GOODS INC","DKS","DICK'S SPORTING GOODS","NYSE"
"DLAG","FT VEST US EQT DD BUFF AUG","DLAG","FT VEST US EQUITY DUAL DIRECTIONAL BUFFER AUG","BATS"
"DLB","DOLBY LABORATORIES INC-CL A","DLB","DOLBY LABORATORIES","NYSE"
"DLFE","FT VEST US EQUITY DB ETF-FEB","DLFE","","BATS"
"DLHC","DLH HOLDINGS CORP","DLHC","DLH HOLDINGS","NASDAQ"
"DLLL","GRANITE 2X LONG DELL ETF","DLLL","GRANITESHARES 2X LONG DELL DAILY ETF","NASDAQ"
"DLN","WISDOMTREE US LARGECAP DIVID","DLN","WISDOMTREE U.S. LARGECAP DIVIDEND","NYSE"
"DLNG","DYNAGAS LNG PARTNERS LP","DLNG","DYNAGAS LNG PARTNERS LP COMMON","NYSE"
"DLNV","FT US EQ DL DT BFF ETF NOV","DLNV","FT VEST U.S. DUAL DIRECTIONAL BUFFER ETF NOV","BATS"
"DLO","DLOCAL LTD","DLO","DLOCAL LIMITED CLASS A COMMON SHARES","NASDAQ"
"DLPN","DOLPHIN ENTERTAINMENT INC","DLPN","DOLPHIN ENTERTAINMENT, INC.","NASDAQ"
"DLR","DIGITAL REALTY TRUST INC.","DLR","DIGITAL REALTY TRUST","NYSE"
"DLS","WISDOMTREE INTL S-C DVD FUND","DLS","WISDOMTREE INTERNATIONAL SMALL","NYSE"
"DLTH","DULUTH HOLDINGS INC - CL B","DLTH","DULUTH HOLDINGS INC. CLASS B","NASDAQ"
"DLTR","DOLLAR TREE INC","DLTR","DOLLAR TREE STORES","NASDAQ"
"DLX","DELUXE CORP","DLX","DELUXE","NYSE"
"DLXY","DELIXY HOLDINGS LTD-A","DLXY","DELIXY HOLDINGS LIMITED CLASS A","NASDAQ"
"DLY","DOUBLELINE YIELD OPPORT","DLY","DOUBLELINE YIELD OPPORTUNITIES FUND","NYSE"
"DMA","DESTRA MULTI-ALTERNATIVE","DMA","DESTRA MULTI-ALTERNATIVE FUND","NYSE"
"DMAA","DRUGS MADE IN AMERICA ACQUIS","DMAA","DRUGS MADE IN AMERICA ACQUISITION CORP.","NASDAQ"
"DMAAU","DRUGS MADE IN AMERICA ACQUIS","DMAAU","DRUGS MADE IN AMERICA ACQUISITION CORP. UNT","NASDAQ"
"DMAC","DIAMEDICA THERAPEUTICS INC","DMAC","DIAMEDICA THERAPEUTICS INC","NASDAQ"
"DMAR","FT VEST US EQUITY DEEP BUFFE","DMAR","FT CBOE VEST U.S. EQUITY DEEP BUFFER ETF MAR","BATS"
"DMAX","ISHARES LG CAP MAX BUFF DEC","DMAX","ISHARES LARGE CAP MAX BUFFER DEC ETF","BATS"
"DMAY","FT VEST US EQUITY DEEP BUFFE","DMAY","FT CBOE VEST U.S. EQUITY DEEP BUFFER ETF MAY","BATS"
"DMB","BNY MELLON MUNI BND INFRA","DMB","BNY MELLON MUNICIPAL BOND INFRASTR","NYSE"
"DMBS","DOUBLELINE MORTGAGE ETF","DMBS","DOUBLELINE MORTGAGE ETF","NYSE"
"DMII","DRUGS MADE IN AMERICA ACQUIS","DMII","DRUGS MADE IN AMERICA ACQUISITION II CORP.","NASDAQ"
"DMIIU","DRUGS MADE IN AMERICA ACQUIS","DMIIU","DRUGS MADE IN AMERICA ACQUISITION II CORP. UNT","NASDAQ"
"DMLP","DORCHESTER MINERALS LP","DMLP","DORCHESTER MINERALS","NASDAQ"
"DMO","WESTERN ASSET MORT DEF OPP","DMO","WESTERN ASSET MORTGAGE DEF OPP","NYSE"
"DMRA","DAMORA THERAPEUTICS INC","DMRA","DAMORA THERAPEUTICS, INC.","NASDAQ"
"DMRC","DIGIMARC CORP","DMRC","DIGIMARC","NASDAQ"
"DMX","DOUBLELINE MULTI-SEC INC ETF","DMX","DOUBLELINE MULTI-SECTOR INCOME ETF","NYSE"
"DMXF","ISHARES ESG ADVANC MSCI EAFE","DMXF","ISHARES ESG ADVANCED MSCI EAFE","NASDAQ"
"DNA","GINKGO BIOWORKS HOLDINGS INC","DNA","GINKGO BIOWORKS HOLDINGS INC","NYSE"
"DNL","WISDMTREE GB EX-US QL GR-USD","DNL","WISDOMTREE GLOBAL EX-US QUALITY GROWTH","NYSE"
"DNLI","DENALI THERAPEUTICS INC","DNLI","DENALI THERAPEUTICS INC. COMMON STOCK","NASDAQ"
"DNMX","DYNAMIX CORP III-CL A","DNMX","DYNAMIX CORPORATION III CLASS A","NASDAQ"
"DNMXU","DYNAMIX CORP III","DNMXU","DYNAMIX CORPORATION III UNT","NASDAQ"
"DNN","DENISON MINES CORP","DNN","DENISON MINES","NYSE_AMERICAN"
"DNOV","FT VEST US EQUITY DEEP BUFFE","DNOV","FT CBOE VEST U.S. EQUITY DEEP BUFFER ETF NOV","BATS"
"DNOW","DNOW INC","DNOW","NOW INC","NYSE"
"DNP","DNP SELECT INCOME FUND INC","DNP","DNP SELECT INCOME COMMON","NYSE"
"DNTH","DIANTHUS THERAPEUTICS INC","DNTH","DIANTHUS THERAPEUTICS, INC.","NASDAQ"
"DNUT","KRISPY KREME INC","DNUT","KRISPY KREME, INC. COMMON STOCK","NASDAQ"
"DOC","HEALTHPEAK PROPERTIES INC","DOC","HEALTHPEAK PROPERTIES INC","NYSE"
"DOCN","DIGITALOCEAN HOLDINGS INC","DOCN","DIGITAL OCEAN HOLDINGS INC","NYSE"
"DOCS","DOXIMITY INC-CLASS A","DOCS","DOXIMITY INC","NYSE"
"DOCT","FT VEST U.S. EQUITY DEEP BUF","DOCT","FT CBOE VEST U.S. EQUITY DEEP BUFFER ETF OCT","BATS"
"DOCU","DOCUSIGN INC","DOCU","DOCUSIGN, INC. COMMON STOCK","NASDAQ"
"DOG","PROSHARES SHORT DOW30","DOG","PROSHARES SHORT DOW30","NYSE"
"DOGD","TRADR 2X LONG DDOG DAILY ETF","DOGD","TRADR 2X LONG QBTS DAILY ETF DDOG DAILY ETF","BATS"
"DOGG","FT VEST DJIA DOGS 10 TARGET","DOGG","FIRST TR IV CBOE VEST DJIA DOGS 10 TARGET INCOME","BATS"
"DOGZ","DOGNESS INTERNATIONAL CORP-A","DOGZ","DOGNESS (INTERNATIONAL) CORPORATION CLASS A","NASDAQ"
"DOJE","REX-OSPREY DOGE ETF","DOJE","ETF OPPORTUNITIES TRUST REX-OSPREY DOGE ETF","BATS"
"DOL","WISDOMTREE TR DVLP INTNL-USD","DOL","WISDOMTREE TRUE DEVELOPED INTERNATIONAL","NYSE"
"DOLE","DOLE PLC","DOLE","DOLE PLC","NYSE"
"DOMH","DOMINARI HOLDINGS INC","DOMH","DOMINARI HOLDINGS INC.","NASDAQ"
"DOMO","DOMO INC - CLASS B","DOMO","DOMO, INC. CLASS B COMMON STOCK","NASDAQ"
"DON","WISDOMTREE US MIDCAP DIVIDEN","DON","WISDOMTREE U.S. MIDCAP DIVIDEND","NYSE"
"DOO","BRP INC-CA- SUB VOTING","DOO","BRP INC. COMMON","NASDAQ"
"DORM","DORMAN PRODUCTS INC","DORM","DORMAN PRODUCTS","NASDAQ"
"DOUG","DOUGLAS ELLIMAN INC","DOUG","DOUGLAS ELLIMAN INC","NYSE"
"DOV","DOVER CORP","DOV","DOVER CORP","NYSE"
"DOW","DOW INC","DOW","DOW INC","NYSE"
"DOX","AMDOCS LTD","DOX","AMDOCS LIMITED ORDINARY SHARES","NASDAQ"
"DOYU","DOUYU INTERNATIONAL HOLD-ADR","DOYU","DOUYU INTERNATIONAL HOLDINGS ADR","NASDAQ"
"DPG","DUFF & PHELPS UTILITY & INC","DPG","DUFF & PHELPS UTILITY AND INFRASTRUCTURE FUND INC","NYSE"
"DPRO","DRAGANFLY INC","DPRO","DRAGANFLY INC. COMMON SHARES","NASDAQ"
"DPST","DIRX DLY RGNL BNK B3X ETF-UI","DPST","DIREXION DAILY REGIONAL BANKS BULL 3X ETF","NYSE"
"DPZ","DOMINO'S PIZZA INC","DPZ","DOMINOS PIZZA INC","NASDAQ"
"DQ","DAQO NEW ENERGY CORP-ADR","DQ","DAQO NEW ENERGY","NYSE"
"DRAI","DRACO EVOLUTION AI ETF","DRAI","DRACO EVOLUTION AI ETF","NYSE"
"DRAM","ROUNDHILL MEMORY ETF","DRAM","","BATS"
"DRAY","YIELDMAX DKNG OPT IN STY ETF","DRAY","YIELDMAX DKNG OPTION INCOME STRATEGY ETF","NYSE"
"DRD","DRDGOLD LTD-SPONSORED ADR","DRD","DRDGOLD","NYSE"
"DRDB","ROMAN DBDR ACQUISITION CORP","DRDB","ROMAN DBDR ACQUISITION CORP. II","NASDAQ"
"DRDBU","ROMAN DBDR ACQUISITION CORP","DRDBU","ROMAN DBDR ACQUISITION CORP. II UNT","NASDAQ"
"DRES","GMO DOMESTIC RESILIENCE ETF","DRES","GMO DOMESTIC RESILIENCE ETF","NYSE"
"DRGN","THEMES CHINA GEN AI ETF","DRGN","THEMES CHINA GENERATIVE ARTIFICIAL INTELLIGENCE","BATS"
"DRH","DIAMONDROCK HOSPITALITY CO","DRH","DIAMONDROCK HOSPITALITY COMPANY","NASDAQ"
"DRI","DARDEN RESTAURANTS INC","DRI","DARDEN RESTAURANTS","NYSE"
"DRIO","DARIOHEALTH CORP","DRIO","DARIOHEALTH CORP","NASDAQ"
"DRIP","DIREXION DAILY S&P OIL & GAS","DRIP","DIREXION DAILY S&P OIL GAS EXPL BEAR 2X","NYSE"
"DRIV","GLOBAL X AUTONOMOUS&ELEC-ETF","DRIV","GLOBAL X AUTONOMOUS & ELECTRIC VEHICLES ETF","NASDAQ"
"DRKY","VISTSHR TR 15 DRUKMC DIS ETF","DRKY","VISTASHARES TARGET 15 DRUKMACRO DISTRIBUTION ETF","NYSE"
"DRLL","STRIVE US ENERGY ETF","DRLL","STRIVE US ENERGY ETF","NYSE"
"DRMA","DERMATA THERAPEUTICS INC","DRMA","DERMATA THERAPEUTICS, INC. COMMON STOCK","NASDAQ"
"DRN","DIR DLY RE ES BUL 3X ETF-USD","DRN","DIREXION DAILY REAL ESTATE BULL 3X ETF","NYSE"
"DRNZ","REX DRONE ETF","DRNZ","REX DRONE ETF","NASDAQ"
"DRS","LEONARDO DRS INC","DRS","LEONARDO DRS, INC.","NASDAQ"
"DRSK","APTUS DEFINED RISK ETF","DRSK","APTUS DEFINED RISK ETF","BATS"
"DRTS","ALPHA TAU MEDICAL LTD","DRTS","ALPHA TAU MEDICAL LTD.","NASDAQ"
"DRUG","BRIGHT MINDS BIOSCIENCES INC","DRUG","BRIGHT MINDS BIOSCIENCES INC.","NASDAQ"
"DRUP","GRANITESHARES NASDAQ SELECT","DRUP","GRANITESHARES NASDAQ SELECT DISRUPTORS","NYSE"
"DRV","DIR DAI REAL EST BE 3X ETF-U","DRV","DIREXION DAILY REAL ESTATE BEAR 3X ETF","NYSE"
"DRVN","DRIVEN BRANDS HOLDINGS INC","DRVN","DRIVEN BRANDS HOLDINGS INC.","NASDAQ"
"DSAC","DAEDALUS SPECIAL ACQUIS-CL A","DSAC","DAEDALUS SPECIAL ACQUISITION CORP. CLASS A","NASDAQ"
"DSACU","DAEDALUS SPECIAL ACQUISITION","DSACU","DAEDALUS SPECIAL ACQUISITION CORP. UNT","NASDAQ"
"DSCO","DOUBLELINE SEC CREDIT ETF","DSCO","DOUBLELINE SECURITIZED CREDIT ETF","NYSE"
"DSEP","FT VEST U.S. EQUITY DEEP BUF","DSEP","FT CBOE VEST U.S. EQUITY DEEP BUFFER ETF SEP","BATS"
"DSGN","DESIGN THERAPEUTICS INC","DSGN","DESIGN THERAPEUTICS, INC. COMMON STOCK","NASDAQ"
"DSGR","DISTRIBUTION SOLUTIONS GROUP","DSGR","DISTRIBUTION SOLUTIONS GROUP, INC.","NASDAQ"
"DSGX","DESCARTES SYSTEMS GRP-THE","DSGX","DESCARTES SYSTEMS GROUP","NASDAQ"
"DSI","ISHARES ESG MSCI KLD 400 ETF","DSI","ISHARES ESG MSCI KLD 400","NYSE"
"DSL","DOUBLELINE INCOME SOLUTIONS","DSL","DOUBLELINE INCOME SOLUTIONS FU","NYSE"
"DSM","BNYM STRAT MUNI BND","DSM","BNY MELLON STRATEGIC MUNI BOND FUND","NYSE"
"DSMC","DISTILLATE S-M CASH FLOW ETF","DSMC","DISTILLATE SMALL/MID CASH FLOW ETF","NYSE"
"DSP","VIANT TECHNOLOGY INC-A","DSP","VIANT TECHNOLOGY INC. CLASS A","NASDAQ"
"DSPY","TEMA S&P 500 HIST WEIGHT ETF","DSPY","TEMA S&P 00 HISTORICAL WEIGHT ETF STRATEGY","NYSE"
"DSS","DSS INC","DSS","DSS INC","NYSE_AMERICAN"
"DSTL","DISTILLATE US FUNDAMENTAL ST","DSTL","DISTILLATE U.S. FUNDAMENTAL STABILITY & VALUE ETF","NYSE"
"DSTX","DISTILLATE INTERNATIONAL FUN","DSTX","DISTILLATE INTL FUNDAMENTAL STABILITY & VALUE ETF","NYSE"
"DSU","BLACKROCK DEBT STRATEGIES","DSU","BLACKROCK DEBT STRATEGIES FUND","NYSE"
"DSWL","DESWELL INDUSTRIES INC","DSWL","DESWELL INDUSTRIES","NASDAQ"
"DSX","DIANA SHIPPING INC","DSX","DIANA SHIPPING","NYSE"
"DSY","BIG TREE CLOUD HOLDINGS LT-A","DSY","BIG TREE CLOUD HOLDINGS LIMITED CLASS A","NASDAQ"
"DT","DYNATRACE INC","DT","DYNATRACE INC","NYSE"
"DTAN","SPARKLINE INTL INT VALUE ETF","DTAN","SPARKLINE INTERNATIONAL INTANGIBLE VALUE","NYSE"
"DTB","DTE ENERGY CO","DTB","DTE ENERGY CORP SER G 4.375% DEBS","NYSE"
"DTCR","GLOBAL X DATA CENTER & DIGIT","DTCR","GLOBAL X DATA CENTER & DIGITAL INFRASTRUCTURE ETF","NASDAQ"
"DTCX","DATACENTREX INC","DTCX","DATACENTREX, INC.","NASDAQ"
"DTD","WISDOMTREE US TOTAL DIVIDEND","DTD","WISDOMTREE U.S. TOTAL DIVIDEND","NYSE"
"DTE","DTE ENERGY COMPANY","DTE","DTE ENERGY HOLDING","NYSE"
"DTEC","ALPS DISRUPTIVE TECHNOLOGIES","DTEC","ALPS DISRUPTIVE TECHNOLOGIES ETF","NYSE"
"DTF","DTF TAX-FREE INCOME 2028 TER","DTF","DTF TAX-FREE INCOME 2028 TERM FUND INC","NYSE"
"DTG","DTE ENERGY CO JR SUB NT SER E","DTG","145138","NYSE"
"DTH","WISDOMTREE INTERNATIONAL HIG","DTH","WISDOMTREE DEFA EQUITY INCOME","NYSE"
"DTI","DRILLING TOOLS INTERNATIONAL","DTI","DRILLING TOOLS INTERNATIONAL CORP.","NASDAQ"
"DTIL","PRECISION BIOSCIENCES INC","DTIL","PRECISION BIOSCIENCES, INC.","NASDAQ"
"DTK","DTE ENERGY CO","DTK","DTE ENERGY CO 6.25% NTS","NYSE"
"DTM","DT MIDSTREAM INC","DTM","DT MIDSTREAM INC","NYSE"
"DTRE","FIRST TRUST ALERIAN DISRUPTI","DTRE","FIRST TRUST ALERIAN DISRUPTIVE TECH REAL EST ETF","NYSE"
"DTSQ","DT CLOUD STAR ACQUISITION CO","DTSQ","DT CLOUD STAR ACQUISITION CORPORATION","NASDAQ"
"DTSQU","DT CLOUD STAR ACQUISITION CO","DTSQU","DT CLOUD STAR ACQUISITION CORPORATION UNT","NASDAQ"
"DTSS","DATASEA INC","DTSS","DATASEA INTELLIGENT TECHNOLOGY LTD. CLASS A","NASDAQ"
"DTST","DATA STORAGE CORP","DTST","DATA STORAGE CORPORATION COMMON STOCK","NASDAQ"
"DTW","DTE 5 1-4 12-01-77 PFD","DTW","DTE ENERGY CO","NYSE"
"DUBS","APTUS LRG CAP ENH YLD ETF","DUBS","APTUS LARGE CAP ENHANCED YIELD ETF","BATS"
"DUG","PROSHARES ULTRASHORT ENERGY","DUG","PROSHARES ULTRASHORT ENERGY TRADING","NYSE"
"DUHP","DIMENSIONAL US HIGH PROFI ET","DUHP","DIMENSIONAL US HIGH PROFITABILITY ETF","NYSE"
"DUK","DUKE ENERGY CORP","DUK","DUKE ENERGY","NYSE"
"DUKB","DUKE ENERGY CORP","DUKB","DUKE ENERGY CORP 5.625% DEBS","NYSE"
"DUKH","OCEAN PARK HIGH INCOME ETF","DUKH","OCEAN PARK HIGH INCOME ETF","NASDAQ"
"DUKQ","OCEAN PARK DOMESTIC ETF","DUKQ","OCEAN PARK DOMESTIC ETF","NYSE"
"DUKX","OCEAN PARK INTERNATIONL ETF","DUKX","OCEAN PARK INTERNATIONAL ETF","NASDAQ"
"DUKZ","OCEAN PA DIVERSIFIED IN ETF","DUKZ","OCEAN PARK DIVERSIFIED INCOME ETF","NYSE"
"DULL","MICROSECTORS GOLD -3X INV","DULL","MICRO SECTORS GOLD -3X INVERSE LEVERAGED ETNS","NYSE"
"DUNK","DANA UNCONSTRAINED EQ ETF","DUNK","DANA UNCONSTRAINED EQUITY ETF","NYSE"
"DUO","FANGDD NETWORK GROUP LTD-A","DUO","FANGDD NETWORK GROUP LTD. ADS","NASDAQ"
"DUOG","LEVERAGE SHARES 2X DUOL","DUOG","LEVERAGE SHARES 2X LONG DUOL DAILY ETF","NASDAQ"
"DUOL","DUOLINGO","DUOL","DUOLINGO, INC. CLASS A COMMON STOCK","NASDAQ"
"DUOT","DUOS TECHNOLOGIES GROUP INC","DUOT","DUOS TECHNOLOGIES GROUP, INC.","NASDAQ"
"DURA","VANECK DURABLE HIGH DIVIDEND","DURA","VANECK MORNINGSTAR DURABLE DIVIDEND ETF","BATS"
"DUSA","DAVIS SELECT US EQUITY ETF","DUSA","DAVIS SELECT U.S. EQUITY ETF","BATS"
"DUSB","DIMENSION ULTRASHORT FI ETF","DUSB","DIMENSIONAL ULTRASHORT FIXED INCOME ETF","NYSE"
"DUSL","DIREXI DLY IND BL 3X ETF-USI","DUSL","DIREXION DAILY INDUSTRIALS BULL 3X ETF","NYSE"
"DUST","DIR DLY GOL MN IDX BR 2X ETF","DUST","DIREXION DAILY GOLD MINERS INDEX BEAR 2X ETF","NYSE"
"DV","DOUBLEVERIFY HOLDINGS INC","DV","DOUBLE VERIFY HOLDINGS INC.","NYSE"
"DVA","DAVITA INC","DVA","DAVITA INC","NYSE"
"DVDN","KINGSBARN DVD OPPORTUNTY ETF","DVDN","KINGSBARN DIVIDEND OPPORTUNITY ETF","NYSE"
"DVLT","DATAVAULT AI INC","DVLT","DATAVAULT AI INC.","NASDAQ"
"DVN","DEVON ENERGY CORP","DVN","DEVON ENERGY","NYSE"
"DVND","TOUCHSTONE DIVIDEND SELECT","DVND","TOUCHSTONE DIVIDEND SELECT ETF","NYSE"
"DVQQ","WEBS QQQ DEFINED VOLATIL-USD","DVQQ","WEBS ETF TRUST WEBS QQQ DEFINED VOLATILITY ETF","NASDAQ"
"DVXE","WEBS ENRG XLE DFND VOL ETF-$","DVXE","WEBS ETF TRUST WEBS ENERGY XLE DEFINED VLT ETF","NASDAQ"
"DVXY","WEBS CON DISC XLY DV ETF-USD","DVXY","WEBS WEBS CONSUMER DISCRETIONARY XLY DEFINED VLT","NASDAQ"
"DVY","ISHARES SELECT DIVIDEND ETF","DVY","ISHARES DOW JONES SELECT DIVID","NASDAQ"
"DVYA","ISHARES ASIA-PACIFIC DIVIDEN","DVYA","ISHARES ASIA/PACIFIC DIVIDEND","NYSE"
"DVYE","ISHARES EMERGING MARKETS DIV","DVYE","ISHARES EMERGING MARKETS DIVID","NYSE"
"DWAW","ADVISORSHARES D-W FSM CAP","DWAW","ADVISORSHARES DORSEY WRIGHT FSM","NASDAQ"
"DWLD","DAVIS SELECT WORLDWIDE ETF","DWLD","DAVIS SELECT WORLDWIDE ETF","BATS"
"DWM","WISDOMTREE INTERNATIONAL EQU","DWM","WISDOMTREE DEFA","NYSE"
"DWMF","WISDOMTREE INTERNATIONAL MUL","DWMF","WISDOMTREE INTERNATIONAL MULTIFACTOR FUND","NYSE"
"DWSH","ADVISORSHARES DORSEY WS ETF","DWSH","ADVISORSHARES DORSEY WRIGHT SHORT ETF","NASDAQ"
"DWSN","DAWSON GEOPHYSICAL CO","DWSN","DAWSON GEOPHYSICAL CO","NASDAQ"
"DWTX","DOGWOOD THERAPEUTICS INC","DWTX","DOGWOOD THERAPEUTICS, INC.","NASDAQ"
"DWUS","ADVISORSHARES D-W FSM CORE","DWUS","ADVISORSHARES DORSEY WRIGHT FSM US CORE ETF","NASDAQ"
"DWX","STATE STREET SPDR S&P INTERN","DWX","STATE ST SPDR S&P INTERNATIONAL DIVIDEN","NYSE"
"DX","DYNEX CAPITAL INC","DX","DYNEX CAPITAL","NYSE"
"DXC","DXC TECHNOLOGY CO","DXC","DXC TECHNOLOGY CO","NYSE"
"DXCM","DEXCOM INC","DXCM","DEXCOM","NASDAQ"
"DXD","PROSHARES ULTRASHORT DOW30","DXD","PROSHARES ULTRASHORT DOW30","NYSE"
"DXF","EASON TECHNOLOGY LIMITED","DXF","EASON TECHNOLOGY LTD","NYSE_AMERICAN"
"DXIV","DIMENSIONAL INTR VTOR E ETF","DXIV","DIMENSIONAL INTERNATIONAL VECTOR EQUITY ETF","NYSE"
"DXJ","WISDOMTREE JAPAN HEDGED EQ","DXJ","WISDOMTREE JAPAN HEDGED EQUITY","NYSE"
"DXLG","DESTINATION XL GROUP INC","DXLG","DESTINATION XL GROUP, INC. COMMON STOCK","NASDAQ"
"DXPE","DXP ENTERPRISES INC","DXPE","DXP ENTERPRISES","NASDAQ"
"DXR","DAXOR CORP","DXR","DAXOR CORPORATION COMMON STOCK","NASDAQ"
"DXST","DECENT HOLDING INC-A","DXST","DECENT HOLDING INC CLASS A","NASDAQ"
"DXUV","DIMENSIONAL US VTOR EQTY ETF","DXUV","DIMENSIONAL US VECTOR EQUITY ETF","NYSE"
"DXYZ","DESTINY TECH100 INC","DXYZ","DESTINY TECH100 INC","NYSE"
"DY","DYCOM INDUSTRIES INC","DY","DYCOM INDUSTRIES","NYSE"
"DYAI","DYADIC INTERNATIONAL INC","DYAI","DYADIC INTERNATIONAL","NASDAQ"
"DYFI","IDX DYNAMIC FIXED INCOME ETF","DYFI","IDX DYNAMIC FIXED INCOME ETF","NASDAQ"
"DYLD","LEADERSHARES DYNAMIC YIELD E","DYLD","LEADERSHARES DYNAMIC YIELD ETF","NYSE"
"DYLG","GLOBAL X DOW 30 CC & GR","DYLG","GLOBAL X DOW 30 COVERED CALL & GROWTH ETF","NYSE"
"DYN","DYNE THERAPEUTICS INC","DYN","DYNE THERAPEUTICS, INC.","NASDAQ"
"DYNB","HARTFORD DYNAMIC BOND ETF","DYNB","HARTFORD DYNAMIC BOND ETF","NASDAQ"
"DYNF","ISHRS US E F R A ETF-USD INC","DYNF","ISHARES US EQUITY FACTOR ROTATION ETF","NYSE"
"DYOR","INSIGHT DIGITAL PARTNERS I-A","DYOR","INSIGHT DIGITAL PARTNERS II CLASS A","NASDAQ"
"DYORU","INSIGHT DIGITAL PARTNERS II","DYORU","INSIGHT DIGITAL PARTNERS II UNT","NASDAQ"
"DYTA","SGI DYNAMIC TACTICAL ETF","DYTA","SGI DYNAMIC TACTICAL ETF","NASDAQ"
"DZZ","DB GOLD DOUBLE SHORT ETN","DZZ","POWERSHARES DB GOLD DOUBLE SHO","NYSE"
"E","ENI SPA-SPONSORED ADR","E","ENI","NYSE"
"EA","ELECTRONIC ARTS INC","EA","ELECTRONIC ARTS","NASDAQ"
"EAD","ALLSPRING INCOME OPPORT","EAD","ALLSPRING INCOME OPPORTUNITIES FUND","NYSE_AMERICAN"
"EAF","GRAFTECH INTERNATIONAL LTD","EAF","GRAFTECH INTERNATIONAL LTD","NYSE"
"EAFG","PACER DVP MRKS CSH CW G LETF","EAFG","PACER DEVELOPED MARKETS CASH COWS GROWTH LEADERS","NYSE"
"EAGG","ISHARES ESG AWARE US AGGREGA","EAGG","ISHARES ESG AWARE US AGGREGATE BOND ETF","NYSE"
"EAGL","EAGLE CAPITAL SELECT EQTY","EAGL","EAGLE CAPITAL SELECT EQUITY ETF","NYSE"
"EAI","ENTERGY ARKANSAS INC","EAI","ENERGY ARKANSAS FIRST MTGE BONDS 2066","NYSE"
"EALT","INNOVATOR US EQTY 5TO15 BUFF","EALT","INNOVATOR U.S. EQUITY 5 TO 15 BUFFER ETF QUARTERLY","BATS"
"EAOA","ISHARES ESG AWARE 80-20 AGGR","EAOA","ISHARES ESG AWARE AGGRESSIVE ALLOCATION ETF","BATS"
"EAOR","ISHARES ESG AWARE 60-40 BALA","EAOR","ISHARES ESG AWARE GROWTH ALLOCATION ETF","BATS"
"EAPR","INNOVATOR EMERGING MARKETS P","EAPR","INNOVATOR EMERGING MARKETS POWER BUFFER ETF APR","NYSE"
"EARN","ELLINGTON CREDIT CO","EARN","ELLINGTON CREDIT CO","NYSE"
"EART","GX RARE EARTH CRIT MATERIALS","EART","GLOBAL X RARE EARTH & CRITICAL MATERIALS ETF","NASDAQ"
"EASG","XTRACKR MSCI EAFE SEL EQ ETF","EASG","XTRACKERS MSCI EAFE ESG LEADERS EQUITY ETF","NYSE"
"EASY","LIBERTY ONE DEF DIV GROWTH","EASY","LIBERTY ONE DEFENSIVE DIVIDEND GROWTH ETF","NASDAQ"
"EAT","BRINKER INTL INC","EAT","BRINKER INTERNATIONAL","NYSE"
"EBAY","EBAY INC","EBAY","EBAY","NASDAQ"
"EBC","EASTERN BANKSHARES INC","EBC","EASTERN BANKSHARES, INC. COMMON STOCK","NASDAQ"
"EBF","ENNIS INC","EBF","ENNIS","NYSE"
"EBI","LONGVIEW ADVANTAGE ETF","EBI","THE RBB FUND TRUST LONGVIEW ADVANTAGE ETF","NASDAQ"
"EBIT","HARBOR ALPHAEDGE SM CAP EARN","EBIT","HARBOR ALPHAEDGE SMALL CAP EARNERS ETF","NYSE"
"EBIZ","GLOBAL X E-COMMERCE ETF","EBIZ","GLOBAL X E-COMMERCE ETF","NASDAQ"
"EBMT","EAGLE BANCORP MONTANA INC","EBMT","EAGLE BANCORP MONTANA","NASDAQ"
"EBND","SPDR BLOOMBERG EM BOND","EBND","SPDR BLOOMBERG CAPITAL EM LOCAL","NYSE"
"EBON","EBANG INTERNATIONAL HLDGS-A","EBON","EBANG INTERNATIONAL HOLDINGS IN","NASDAQ"
"EBS","EMERGENT BIOSOLUTIONS INC","EBS","EMERGENT BIOSOLUTIONS","NYSE"
"EBUF","INNOVATOR EM 10 B ETF QUART","EBUF","INNOVATOR EMERGING MARKETS 10 BUFFER ETF","NYSE"
"EC","ECOPETROL SA-SPONSORED ADR","EC","ECOPETROL","NYSE"
"ECAT","BLACKROCK ESG CAP ALL TRM TR","ECAT","BLACKROCK ESG CAPITAL ALLOCATION TRUST","NYSE"
"ECBK","ECB BANCORP INC","ECBK","ECB BANCORP, INC.","NASDAQ"
"ECC","EAGLE POINT CREDIT CO INC","ECC","EAGLE POINT CREDIT CO","NYSE"
"ECCC","EAGLE POINT CREDIT CO","ECCC","EAGLE POINT CREDIT 6.50% SERIES C TERM PF 2031","NYSE"
"ECCU","EAGLE POINT CREDIT CO","ECCU","EAGLE POINT CREDIT CO INC 7.75 NTS","NYSE"
"ECCV","EAGLE POINT CREDIT CO","ECCV","EAGLE POINT CREDIT CO INC 5.375% NTS","NYSE"
"ECCW","EAGLE POINT CREDIT CO","ECCW","EAGLE POINT CREDIT CO INC 6.75% NTS","NYSE"
"ECCX","EAGLE POINT CREDIT CO INC","ECCX","EAGLE POINT CREDIT COMPANY INC. 6.6875% NT 2028","NYSE"
"ECF","ELLSWORTH GROWTH AND INCOME","ECF","ELLSWORTH GROWTH INCOME FUND","NYSE_AMERICAN"
"ECG","EVERUS CONSTRUCTION GROUP","ECG","EVERUS CONSTRUCTION GROUP INC","NYSE"
"ECH","ISHARES MSCI CHILE ETF","ECH","ISHARES MSCI CHILE CAPPED ETF","BATS"
"ECL","ECOLAB INC","ECL","ECOLAB","NYSE"
"ECML","EUCLDEAN FUNDMNTL VAL ETF EC","ECML","EUCLIDEAN FUNDAMENTAL VALUE ETF","NYSE"
"ECNS","ISHARES MSCI CHINA SMALL-CAP","ECNS","ISHARES MSCI CHINA SMALL CAP I","NYSE"
"ECO","OKEANIS ECO TANKERS CORP","ECO","OKEANIS ECO TANKERS CORP","NYSE"
"ECON","COLUMBIA RESEAR ENH EM ECON","ECON","COLUMBIA RESEARCH ENHANCED EMERGING ECON MKTS","NYSE"
"ECOR","ELECTROCORE INC","ECOR","ELECTROCORE, INC. COMMON STOCK","NASDAQ"
"ECOW","PACER EMERGING MARKETS CASH","ECOW","PACER FUNDS PACER EM CASH COWS 100 ETF","NASDAQ"
"ECPG","ENCORE CAPITAL GROUP INC","ECPG","ENCORE CAPITAL GROUP","NASDAQ"
"ECVT","ECOVYST INC","ECVT","ECOVYST INC","NYSE"
"ECX","ECARX HOLDINGS INC-CL A","ECX","ECARX HOLDINGS INC. CLASS A","NASDAQ"
"ED","CONSOLIDATED EDISON INC","ED","CONSOLIDATED EDISON","NYSE"
"EDAP","EDAP TMS SA -ADR","EDAP","EDAP TMS SA","NASDAQ"
"EDBL","EDIBLE GARDEN AG INC","EDBL","EDIBLE GARDEN AG INCORPORATED","NASDAQ"
"EDC","DIR DA MS EM MA BUL 3X ETF-U","EDC","DIREXION DAILY MSCI EMERGING MARKETS BULL 3X ETF","NYSE"
"EDD","MORGAN STANLEY EMRG MRK DOM","EDD","MORGAN STANLEY EMRGNG MKTS DOM","NYSE"
"EDEN","ISHARES MSCI DENMARK ETF","EDEN","ISHARES DENMARK CAPPED INVESTA","BATS"
"EDF","VSH EMERGING MARKETS INCOME","EDF","VIRTUS STONE HARBOR EMERGING MKTS FI","NYSE"
"EDGE","MRBL ENHANCED EQUITY ETF","EDGE","EA SERIES TRUST MRBL ENHANCED EQUITY ETF","BATS"
"EDGF","3EDGE DYNAMIC FIXED INCM ETF","EDGF","3EDGE DYNAMIC FIXED INCOME ETF","NYSE"
"EDGH","3EDGE DYNAMIC HARD ASSET ETF","EDGH","3EDGE DYNAMIC HARD ASSETS ETF","NYSE"
"EDGI","3EDGE DYNA I NATIONAL EQ ETF","EDGI","3EDGE DYNAMIC INTERNATIONAL EQUITY ETF","NYSE"
"EDGQ","GLBL X NSDQ-100 INC EDG ETF","EDGQ","GLOBAL X NASDAQ-100 INCOME EDGE ETF","NYSE"
"EDGU","3EDGE US EQUITY","EDGU","3EDGE DYNAMIC US EQUITY ETF","NYSE"
"EDGX","GLBL X US 500 INC EDG ETF","EDGX","GLOBAL X US 500 INCOME EDGE ETF","NYSE"
"EDHL","EVERBRIGHT DIGITAL HOLDING L","EDHL","EVERBRIGHT DIGITAL HOLDING LIMITED","NASDAQ"
"EDIT","EDITAS MEDICINE INC","EDIT","EDITAS MEDICINE, INC. COMMON STOCK","NASDAQ"
"EDIV","STATE STREET SPDR S&P EMERGI","EDIV","STATE ST SPDR S&P EMERGING MARKETS DIV","NYSE"
"EDN","EMP DISTRIB Y COMERC NOR-ADR","EDN","EMPRESA DISTRIBUIDORA","NYSE"
"EDOG","ALPS EMERGING SECTOR DIVIDEN","EDOG","ALPS EMERGING SECTOR DIV DOGS","NYSE"
"EDOW","FIRST TRUST DOW 30 EQL WGHT","EDOW","FIRST TRUST DOW 30 EQUAL WEIGHT ETF","NYSE"
"EDRY","EURODRY LTD","EDRY","EURODRY LTD. COMMON SHARES","NASDAQ"
"EDSA","EDESA BIOTECH INC","EDSA","EDESA BIOTECH INC","NASDAQ"
"EDTK","SKILLFUL CRAFTSMAN EDUCATION","EDTK","SKILLFUL CRAFTSMAN EDUCATION TECHNOLOGY","NASDAQ"
"EDU","NEW ORIENTAL EDUCATIO-SP ADR","EDU","NEW ORIENTAL","NYSE"
"EDUC","EDUCATIONAL DEVELOPMENT CORP","EDUC","EDUCATIONAL DEVELOPMENT","NASDAQ"
"EDV","VANGUARD EXTENDED DUR TREAS","EDV","VANGUARD EXTENDED DUR TRS IDX","NYSE"
"EDZ","DIREXION DAILY MSCI EMERGING","EDZ","DIREXION DAILY MSCI EMERGING MARKETS BEAR 3X ETF","NYSE"
"EE","EXCELERATE ENERGY INC-A","EE","EXCELERATE ENERGY INC","NYSE"
"EEA","EUROPEAN EQUITY FUND INC-THE","EEA","EUROPEAN EQUITY FUND COMMON","NYSE"
"EEFT","EURONET WORLDWIDE INC","EEFT","EURONET WORLDWIDE","NASDAQ"
"EEIQ","EPICQUEST EDUCATION GROUP IN","EEIQ","EPICQUEST EDUCATION GROUP INTL LTD","NASDAQ"
"EELV","INVESCO S&P EMERGING MARKETS","EELV","INVESCO S&P EMERGING MARKE","NYSE"
"EEM","ISHARES MSCI EMERGING MARKET","EEM","ISHARES MSCI EMERGING MARKETS","NYSE"
"EEMA","ISHARES MSCI EMERG MRKT ASIA","EEMA","ISHARES MSCI EMERGING MARKETS ASIA ETF","NASDAQ"
"EEMO","INVESCO S&P EMERGING MARKETS","EEMO","INVESCO S&P EMERGING MKT MOMENTUM","NYSE"
"EEMS","ISHARES MSCI EMERGING MKT SM","EEMS","ISHARES MSCI EMG MKTS SMALL CA","NYSE"
"EEMV","ISHARES MSCI EMG MKT MIN VOL","EEMV","ISHARES MSCI EMERGING MARKETS MIN VOL FACTOR ETF","BATS"
"EEMX","STATE STREET SPDR MSCI EMERG","EEMX","STATE ST SPDR EMG MKTS FOSSIL FUEL RSVS FREE","NYSE"
"EES","WISDOMTREE US SMALLCAP FUND","EES","WISDOMTREE U.S. SMALLCAP FUND","NYSE"
"EET","PROSHARES ULT MSCI EMER MKTS","EET","PROSHARES ULTRA MSCI EMERGING","NYSE"
"EETH","PROSHARES ETHER ETF-USD INC","EETH","PROSHARES ETHER STRATEGY ETF","NYSE"
"EEV","PROSHARES ULTSHRT MSCI EM","EEV","PROSHARES ULTRASHORT MSCI EMER","NYSE"
"EEX","EMERALD HOLDING INC","EEX","EMERALD HOLDING INC","NYSE"
"EFA","ISHARES MSCI EAFE ETF","EFA","ISHARES MSCI EAFE INDEX","NYSE"
"EFAA","INVESCO MSCI EAFE INCOME ADV","EFAA","INVESCO MSCI EAFE INCOME ADVANTAGE ETF","NYSE"
"EFAD","PROSHARES EAFE DVD GROWERS","EFAD","PROSHARES MSCI EAFE DIVD GROWERS","BATS"
"EFAS","GLOBAL X MSCI SUPERDIVIDEND","EFAS","GLOBAL X MSCI SUPERDIVIDEND EAFE ETF","NASDAQ"
"EFAV","ISHARES MSCI EAFE MIN VOL FA","EFAV","ISHARES EDGE MSCI MIN VOL EAFE ETF","BATS"
"EFAX","STATE STREET SPDR MSCI EAFE","EFAX","STATE ST SPDR INDEX SHS FDS MSCI EAFE FOSSIL","NYSE"
"EFC","ELLINGTON FINANCIAL INC","EFC","ELLINGTON FINANCIAL","NYSE"
"EFG","ISHARES MSCI EAFE GROWTH ETF","EFG","ISHARES MSCI EAFE GROWTH ETF","BATS"
"EFIV","SS SPDR S&P 500 ESG ETF","EFIV","STATE ST SPDR S&P 500 ESG ETF","NYSE"
"EFNL","ISHARES MSCI FINLAND ETF","EFNL","ISHARES MSCI FINLAND CAPPED","BATS"
"EFO","PROSHARES ULTRA MSCI EAFE","EFO","PROSHARES ULTRA MSCI EAFE","NYSE"
"EFOI","ENERGY FOCUS INC","EFOI","ENERGY FOCUS INC","NASDAQ"
"EFR","EATON VANCE SR FLTG RATE TR","EFR","EV SENIOR FLOATING RATE COMMON","NYSE"
"EFRA","ISHARES ENV INFR AND INDUST","EFRA","ISHARES ENVIRONMENTAL INFRASTRUCTURE AND INDUS","NASDAQ"
"EFSC","ENTERPRISE FINANCIAL SERVICE","EFSC","ENTERPRISE FINANCIAL SVCS","NASDAQ"
"EFSCP","ENTERPRISE FINANCIAL SER","EFSCP","ENTERPRISE FIN SRV CORP DS (1/40 5% PF SERIES A)","NASDAQ"
"EFSI","EAGLE FINANCIAL SERVICES INC","EFSI","EAGLE FINANCIAL SERVICES INC","NASDAQ"
"EFT","EATON VANCE FLTNG RT INC TR","EFT","EV FLOATING RATE INCOME COMMON","NYSE"
"EFTY","ETOILES CAPITAL GROUP CO LTD","EFTY","ETOILES CAPITAL GROUP CO., LTD. CLASS A","NASDAQ"
"EFU","PROSHARES ULTSHRT MSCI EAFE","EFU","PROSHARES ULTRASHORT MSCI EAFE","NYSE"
"EFV","ISHARES MSCI EAFE VALUE ETF","EFV","ISHARES MSCI EAFE VALUE ETF","BATS"
"EFX","EQUIFAX INC","EFX","EQUIFAX","NYSE"
"EFXT","ENERFLEX LTD","EFXT","ENERFLEX LTD","NYSE"
"EFZ","PROSHARES SHORT MSCI EAFE","EFZ","PROSHARES SHORT MSCI EAFE","NYSE"
"EG","EVEREST GROUP LTD","EG","EVEREST GROUP INC","NYSE"
"EGAN","EGAIN CORP","EGAN","EGAIN CORPORATION COMMON STOCK","NASDAQ"
"EGBN","EAGLE BANCORP INC","EGBN","EAGLE BANCORP","NASDAQ"
"EGG","ENIGMATIG LTD - CLASS A","EGG","ENIGMATIC LIMITED","NYSE_AMERICAN"
"EGGQ","NESTYIELD VISIONARY ETF","EGGQ","NESTYIELD VISIONARY ETF","NASDAQ"
"EGGS","NESTYIELD TTL RTRN GUARD ETF","EGGS","NESTYIELD TOTAL RETURN GUARD ETF","NYSE"
"EGGY","NESTYELD DYN INC ETF USD INC","EGGY","NESTYIELD DYNAMIC INCOME ETF","NYSE"
"EGHA","EGH ACQUISITION CO-A","EGHA","EGH ACQUISITION CORP. CLASS A","NASDAQ"
"EGHT","8X8 INC","EGHT","8X8 INC","NASDAQ"
"EGLE","GLOBAL X S&P 500 US REV LDS","EGLE","GLOBAL X S&P 500 US REVENUE LEADERS ETF","NYSE"
"EGO","ELDORADO GOLD CORP","EGO","ELDORADO GOLD","NYSE"
"EGP","EASTGROUP PROPERTIES INC","EGP","EASTGROUP PROPERTIES","NYSE"
"EGY","VAALCO ENERGY INC","EGY","VAALCO ENERGY","NYSE"
"EH","EHANG HOLDINGS LTD-SPS ADR","EH","EHANG HOLDINGS LTD. ADR OVERVIEW","NASDAQ"
"EHAB","ENHABIT INC","EHAB","ENHABIT INC","NYSE"
"EHC","ENCOMPASS HEALTH CORP","EHC","ENCOMPASS HEALTH CORP","NYSE"
"EHGO","ESHALLGO INC","EHGO","ESHALLGO INC. CLASS A","NASDAQ"
"EHI","WESTERN ASSET GLOBAL HIGH IN","EHI","WESTERN ASSET GLOBAL HIGH INC","NYSE"
"EHLD","EURO-HOLDINGS LTD","EHLD","EUROHOLDINGS LTD.","NASDAQ"
"EHLS","EVEN HERD LONG SHORT ETF","EHLS","EVEN HERD LONG SHORT ETF","NASDAQ"
"EHTH","EHEALTH INC","EHTH","EHEALTH","NASDAQ"
"EHY","AMPLIFY ETHEREUM MAX INC CVR","EHY","AMPLIFY ETHEREUM MAX INCOME COVERED CALL ETF","BATS"
"EIC","EAGLE POINT INCOME CO INC","EIC","EAGLE POINT INCOME CO INC","NYSE"
"EICA","EAGLE PT INCOME CO INC","EICA","EAGLE POINT INCOME CO INC SER A PFD","NYSE"
"EIDO","ISHARES MSCI INDONESIA ETF","EIDO","ISHARES MSCI INDONESIA INVSTBL","NYSE"
"EIG","EMPLOYERS HOLDINGS INC","EIG","EMPLOYERS HOLDINGS","NYSE"
"EIIA","EAPIIF NEW YORK PFD","EIIA","EAGLE POINT INSTITUTIONAL INCOME FUND 8.125% PFD","NYSE"
"EIKN","EIKON THERAPEUTICS INC","EIKN","EIKON THERAPEUTICS, INC.","NASDAQ"
"EIM","EATON VANCE MUNICIPAL BOND","EIM","EV MUNICIPAL BOND COMMON","NYSE_AMERICAN"
"EIPI","FT ENERGY INCOME ETF","EIPI","FT ENERGY INCOME PARTNERS ENHANCED INCOME ETF","NYSE"
"EIPX","FT ENERGY INC PARTNERS STRAT","EIPX","FT ENERGY INCOME PARTNERS STRATEGY ETF","NYSE"
"EIRL","ISHARES MSCI IRELAND ETF","EIRL","ISHARES MSCI IRELAND ETF","NYSE"
"EIS","ISHARES MSCI ISRAEL ETF","EIS","ISHARES MSCI ISRAEL ETF","NYSE"
"EIX","EDISON INTL","EIX","EDISON INTERNATIONAL","NYSE"
"EJAN","INNOVATOR EMERGING MARKETS P","EJAN","INNOVATOR EMERGING MARKETS POWER BUFFER ETF JAN","NYSE"
"EJH","E-HOME HOUSEHOLD SERVICE","EJH","E-HOME HOUSEHOLD SERVICE HOLDINGS LIMITED","NASDAQ"
"EJUL","INNOVATOR EMERGING MARKETS P","EJUL","INNOVATOR EMERGING MARKETS POWER BUFFER ETF JUL","NYSE"
"EKG","FIRST TRUST NASDAQ LUX DIGIT","EKG","FIRST TR NASDAQ LUX DIGITAL HEALTH SOLUTIONS ETF","NASDAQ"
"EKSO","EKSO BIONICS HOLDINGS INC","EKSO","EKSO BIONICS HOLDINGS, INC.","NASDAQ"
"EL","ESTEE LAUDER COMPANIES-CL A","EL","ESTEE LAUDER COS","NYSE"
"ELA","ENVELA CORP","ELA","ENVELA CORP","NYSE_AMERICAN"
"ELAB","PMGC HOLDINGS INC","ELAB","PMGC HOLDINGS INC.","NASDAQ"
"ELAN","ELANCO ANIMAL HEALTH INC","ELAN","ELANCO ANIMAL HEALTH INC","NYSE"
"ELBM","ELECTRA BATTERY MATERIALS CO","ELBM","ELECTRA BATTERY MATERIALS CORPORATION","NASDAQ"
"ELC","ENTERGY LOUISIANA LLC","ELC","ENTERGY LOUISIANA LLC 4.875% BONDS 2066","NYSE"
"ELCV","EVENTIDE HIGH DIVIDEND ETF","ELCV","EVENTIDE HIGH DIVIDEND ETF","NYSE"
"ELD","WISDOMTREE EMRG MKTS DEBT","ELD","WISDOMTREE EMERGING MARKETS LO","NYSE"
"ELDN","ELEDON PHARMACEUTICALS INC","ELDN","ELEDON PHARMACEUTICALS, INC.","NASDAQ"
"ELE","ELEMENTAL ROYALTY CORP","ELE","ELEMENTAL ROYALTY CORPORATION","NASDAQ"
"ELF","ELF BEAUTY INC","ELF","E.L.F. BEAUTY INC","NYSE"
"ELFY","ALPS ELECTRIFIC INFRAST ETF","ELFY","ALPS ELECTRIFICATION INFRASTRUCTURE ETF","NASDAQ"
"ELIL","DIREXION DAILY LLY BULL 2X E","ELIL","DIREXION DAILY LLY BULL 2X ETF","NASDAQ"
"ELLO","ELLOMAY CAPITAL LTD","ELLO","ELLOMAY CAPITAL","NYSE_AMERICAN"
"ELM","ELM MARKET NAVIGATOR ETF","ELM","ELM MARKET NAVIGATOR ETF","NYSE"
"ELMD","ELECTROMED INC","ELMD","ELECTROMED","NYSE_AMERICAN"
"ELME","ELME COMMUNITIES","ELME","ELME COMMUNITIES TRADING","NYSE"
"ELOG","EASTERN INTERNATIONAL LTD -","ELOG","EASTERN INTERNATIONAL LTD.","NASDAQ"
"ELPC","CIA PARANAENSE DE ENER-ADR","ELPC","COMPANHIA PARANAENSE DE ENERGIA - COPEL","NYSE"
"ELPW","ELONG POWER HOLDING-A","ELPW","ELONG POWER HOLDING LIMITED CLASS A","NASDAQ"
"ELS","EQUITY LIFESTYLE PROPERTIES","ELS","EQUITY LIFESTYLE","NYSE"
"ELSE","ELECTRO-SENSORS INC","ELSE","ELECTRO-SENSORS","NASDAQ"
"ELTK","ELTEK LTD","ELTK","ELTEK","NASDAQ"
"ELTX","ELICIO THERAPEUTICS INC","ELTX","ELICIO THERAPEUTICS, INC.","NASDAQ"
"ELUT","ELUTIA INC","ELUT","ELUTIA INC. CLASS A","NASDAQ"
"ELV","ELEVANCE HEALTH INC","ELV","ELEVANCE HEALTH INC","NYSE"
"ELVA","ELECTROVAYA INC","ELVA","ELECTROVAYA INC.","NASDAQ"
"ELVN","ENLIVEN THERAPEUTICS INC","ELVN","ENLIVEN THERAPEUTICS, INC.","NASDAQ"
"ELVR","ELEVRA LITHIUM LTD","ELVR","ELEVRA LITHIUM LIMITED ADS","NASDAQ"
"ELWT","ELAUWIT CONNECTION INC","ELWT","ELAUWIT CONNECTION, INC.","NASDAQ"
"EM","SMART SHARE GLOBAL LTD - ADR","EM","SMART SHARE GLOBAL LIMITED ADS","NASDAQ"
"EMA","EMERA INC","EMA","EMERA INC","NYSE"
"EMAT","EVOLUTION METALS & TECHNOLOG","EMAT","EVOLUTION METALS & TECHNOLOGIES CORP.","NASDAQ"
"EMB","ISHARES J.P. MORGAN USD EMERGI","EMB","ISHARES JPMORGAN USD EMERG MAR","NASDAQ"
"EMBC","EMBECTA CORP","EMBC","EMBECTA CORP. COMMON STOCK","NASDAQ"
"EMBD","GLOBAL X EMERGING MARKETS BD","EMBD","GLOBAL X EMERGING MARKETS BOND ETF","NYSE"
"EMBJ","EMBRAER SA-SPON ADR","EMBJ","EMBRAER SA","NYSE"
"EMBX","VANECK EM BOND ETF","EMBX","VAN ECK EMERGING MARKETS BOND ETF","NYSE"
"EMC","GLB X EMRG MRKT GRT CNSUMR","EMC","GLOBAL X EMERGING MARKETS GREAT CONSUMER ETF","NYSE"
"EMCB","WISDOMTREE EM CORP BOND","EMCB","WISDOMTREE EMER MKTS CORPORATE","NASDAQ"
"EMCR","XTRACKERS EMERG MARK CARB RE","EMCR","XTRACKERS EMERGING MARKETS CARBON REDUCTION AND CL","NYSE"
"EMCS","XTRACKERS MSCI EMERGING MARK","EMCS","XTRACKERS MSCI EMERGING MKTS CLIMATE SELECTION ETF","NYSE"
"EMD","WESTERN ASSET EMRG MRKT DBT","EMD","WESTERN ASSET EMERG MKTS DEBT","NYSE"
"EMDM","FIRST TRUST BBG EMER MKT DEM","EMDM","FIRST TRUST BLOOMBERG EMER MKT DEMOCRACIES","NYSE"
"EMDV","PROSHARES MSCI EMERGING MARK","EMDV","PROSHARES MSCI EMERG MKES DIV GROWERS","BATS"
"EME","EMCOR GROUP INC","EME","EMCOR GROUP","NYSE"
"EMEQ","NOMURA FOCUSED EMERGING MARK","EMEQ","NOMURA ETF TRUST NOMURA FOCUSED EM EQUITY ETF","NASDAQ"
"EMET","VANECK COPPER AND GREEN META","EMET","VANECK COPPER AND GREEN METALS ETF","NYSE"
"EMF","TEMPLETON EMERGING MARKETS","EMF","TEMPLETON EMERGING MARKETS COM","NYSE"
"EMGF","ISHARES EMERGING MARKETS EQU","EMGF","ISHARES FACTOR SELECT MSCI EMERGING ETF","BATS"
"EMHC","SS SPDR BB EM USD BOND ETF","EMHC","STATE ST SPDR BLOOMBERG EMER MKTS USD BOND","NYSE"
"EMHY","ISHARES J.P. MORGAN EM HIGH","EMHY","ISHARES EMERGING MARKETS HIGH","BATS"
"EMIF","ISHARES EMERGING MARKETS INF","EMIF","ISHARES EMERGING MARKETS INFRA","NASDAQ"
"EMIS","EMMIS ACQUISITION CORP-CL A","EMIS","EMMIS ACQUISITION CORP. CLASS A","NASDAQ"
"EMKT","LAZARD EM OPPORTUNITIES ETF","EMKT","LAZARD EMERGING MARKETS OPPORTUNITIES ETF","NYSE"
"EML","EASTERN CO-THE","EML","EASTERN","NASDAQ"
"EMLC","VANECK JPM EM LOCAL CURR BND","EMLC","VANECK JPMORGAN EM LOC CURR BOND ETF","NYSE"
"EMLP","FIRST TRUST NORTH AMERICAN E","EMLP","FIRST TRUST NORTH AMERICAN ENE","NYSE"
"EMM","GBL X EG MT EX-C ETF-USD INC","EMM","GLOBAL X EMERGING MARKETS EX-CHINA ETF","NYSE"
"EMMF","WISDOMTREE EMERGING MARKETS","EMMF","WISDOMTREE EMERGING MARKETS MULTIFACTOR FUND","NYSE"
"EMN","EASTMAN CHEMICAL CO","EMN","EASTMAN CHEMICAL","NYSE"
"EMNT","PIMCO ENHCD ST M-ACTIVE ESG","EMNT","PIMCO ENHANCED SHORT MATURITY ACTIVE ESG ETF","NYSE"
"EMO","CLEARBRIDGE ENERGY MIDSTREAM","EMO","CLEARBRIDGE ENERGY MIDSTREAM OPPY FUND","NYSE"
"EMP","ENTERGY MISSISSIPPI INC","EMP","ENTERGY MISSISSIPPI INC","NYSE"
"EMPB","EFF MKT PORT PLUS ETF","EMPB","EFFICIENT MARKET PORTFOLIO PLUS ETF","NYSE"
"EMPD","EMPERY DIGITAL INC","EMPD","EMPERY DIGITAL INC.","NASDAQ"
"EMPG","EMPRO GROUP INC","EMPG","EMPRO GROUP INC.","NASDAQ"
"EMQQ","EMG MKT INTERNET ETF-USA INC","EMQQ","EMQQ THE EMERGING MKTS INTERNET ETF","NYSE"
"EMR","EMERSON ELECTRIC CO","EMR","EMERSON ELECTRIC","NYSE"
"EMTY","PROSHARES DECLINE OF THE RET","EMTY","PROSHARES DECLINE OF THE RETAIL STORE ETF","NYSE"
"EMXC","ISHARES MSCI EMR MRK EX CHNA","EMXC","ISHARES MSCI EMERGING MARKETS EX CHINA ETF","NASDAQ"
"EMXF","ISHARES ESG ADV MSCI EM ETF","EMXF","ISHARES ESG ADVANCED MSCI EM ETF","NASDAQ"
"ENB","ENBRIDGE INC","ENB","ENBRIDGE","NYSE"
"ENDW","CAMBRIA ENDOWMENT STYLE ETF","ENDW","CAMBRIA ENDOWMENT STYLE ETF","NASDAQ"
"ENFR","ALERIAN ENERGY INFRASTRUCTUR","ENFR","ALERIAN ENERGY INFRASTRUCTURE","NYSE"
"ENGN","ENGENE THERAPEUTICS INC","ENGN","ENGENE THERAPEUTICS INC.","NASDAQ"
"ENGS","ENERGYS GROUP LTD","ENGS","ENERGYS GROUP LIMITED","NASDAQ"
"ENHU","ISHR ENHNCE L CAP CORE A ETF","ENHU","ISHARES ENHANCED LARGE CAP CORE ACTIVE ETF","NASDAQ"
"ENIC","ENEL CHILE SA-ADR","ENIC","ENEL CHILE SA","NYSE"
"ENJ","ENTERGY NEW ORLEANS INC","ENJ","ENTERGY NEW ORLEANS INC","NYSE"
"ENLT","ENLIGHT RENEWABLE ENERGY LTD","ENLT","ENLIGHT RENEWABLE ENERGY LTD.","NASDAQ"
"ENLV","ENLIVEX LTD","ENLV","ENLIVEX LTD.","NASDAQ"
"ENO","ETR 5 1-2 04-01-66 PFD","ENO","ENTERGY NEW ORLEANS LLC FIRST MORTGAGE BONDS 5.5%","NYSE"
"ENOR","ISHARES MSCI NORWAY ETF","ENOR","ISHARES MSCI NORWAY CAPPED INV","BATS"
"ENOV","ENOVIS CORP","ENOV","ENOVIS CORP","NYSE"
"ENPH","ENPHASE ENERGY INC","ENPH","ENPHASE ENERGY","NASDAQ"
"ENPX","TRADR 2X LONG ENPH DAILY ETF","ENPX","TRADR 2X LONG ENPH DAILY ETF","BATS"
"ENR","ENERGIZER HOLDINGS INC","ENR","ENERGIZER HOLDINGS INC","NYSE"
"ENS","ENERSYS","ENS","ENERSYS","NYSE"
"ENSC","ENSYSCE BIOSCIENCES INC","ENSC","ENSYSCE BIOSCIENCES, INC. COMMON STOCK","NASDAQ"
"ENSG","ENSIGN GROUP INC-THE","ENSG","ENSIGN GROUP","NASDAQ"
"ENTA","ENANTA PHARMACEUTICALS INC","ENTA","ENANTA PHARMACEUTICALS, INC. C","NASDAQ"
"ENTG","ENTEGRIS INC","ENTG","ENTEGRIS","NASDAQ"
"ENTX","ENTERA BIO LTD","ENTX","ENTERA BIO LTD. ORDINARY SHARES","NASDAQ"
"ENVA","ENOVA INTERNATIONAL INC","ENVA","ENOVA INTERNATIONAL INC","NYSE"
"ENVB","ENVERIC BIOSCIENCES INC","ENVB","ENVERIC BIOSCIENCES INC","NASDAQ"
"ENVX","ENOVIX CORP","ENVX","ENOVIX CORP","NASDAQ"
"ENZL","ISHARES MSCI NEW ZEALAND ETF","ENZL","ISHARES MSCI NEW ZEALAND CAPPE","NASDAQ"
"EOCT","INNOVATOR EMER MKT PWR BUFF","EOCT","INNOVATOR EMERGING MARKETS POWER BUFFER ETF OCT","NYSE"
"EOD","ALLSPRING GLOBAL DIVIDEND OP","EOD","ALLSPRING GLOBAL DIVIDEND OPPORTUNITY FUND","NYSE"
"EOG","EOG RESOURCES INC","EOG","EOG RESOURCES","NYSE"
"EOI","EATON VANCE ENHANCED EQ INCM","EOI","EV ENHANCED EQUITY INCOME COMM","NYSE"
"EOLS","EVOLUS INC","EOLS","EVOLUS, INC. COMMON STOCK","NASDAQ"
"EONR","EON RESOURCES INC","EONR","EON RESOURCES INC","NYSE_AMERICAN"
"EOS","EATON VANCE ENH EQT INC II","EOS","EV ENHANCED EQUITY INCOME II C","NYSE"
"EOSE","EOS ENERGY ENTERPRISES INC","EOSE","EOS ENERGY ENTERPRISES INC","NASDAQ"
"EOSU","T-REX 2X LG EOSE DT ETF","EOSU","T-REX 2X LONG EOSE DAILY TARGET ETF","BATS"
"EOT","EATON VANCE NATIONAL MUNICIP","EOT","EV NATIONAL MUNI OPPS TRUST CO","NYSE"
"EP","EMPIRE PETROLEUM CORP","EP","EMPIRE PETROLEUM CORP","NYSE_AMERICAN"
"EPAC","ENERPAC TOOL GROUP CORP","EPAC","ENERPAC TOOL GROUP","NYSE"
"EPAM","EPAM SYSTEMS INC","EPAM","EPAM SYSTEMS","NYSE"
"EPC","EDGEWELL PERSONAL CARE CO","EPC","EDGEWELL PERSONAL CARE CO","NYSE"
"EPD","ENTERPRISE PRODUCTS PARTNERS","EPD","ENTERPRISE PRODUCTS","NYSE"
"EPHE","ISHARES MSCI PHILIPPINES ETF","EPHE","ISHARES MSCI PHILIPPINES INVST","NYSE"
"EPI","WISDOMTREE INDIA EARNINGS","EPI","WISDOMTREE INDIA EARNINGS","NYSE"
"EPM","EVOLUTION PETROLEUM CORP","EPM","EVOLUTION PETROLEUM","NYSE_AMERICAN"
"EPOL","ISHARES MSCI POLAND ETF","EPOL","ISHARES MSCI POLAND ETF","NYSE"
"EPOW","E-POWER INC","EPOW","E-POWER INC. CLASS A","NASDAQ"
"EPP","ISHARES MSCI PACIFIC EX JAPA","EPP","ISHARES MSCI PACIFIC EX-JAPAN","NYSE"
"EPR","EPR PROPERTIES","EPR","EPR PROPERTIES","NYSE"
"EPRF","INNOVAT S&P INVEST GRD PREF","EPRF","ELKHORN S&P HQ PFD ETF","BATS"
"EPRT","ESSENTIAL PROPERTIES REALTY","EPRT","ESSENTIAL PROPERTIES REALTY TRUST INC","NYSE"
"EPRX","EUPRAXIA PHARMACEUTICALS INC","EPRX","EUPRAXIA PHARMACEUTICALS INC.","NASDAQ"
"EPS","WISDOMTREE US LARGECAP FUND","EPS","WISDOMTREE U.S. LARGE CAP FUND","NYSE"
"EPSM","EPSIUM ENTERPRISE LTD-A","EPSM","EPSIUM ENTERPRISE LIMITED CLASS A","NASDAQ"
"EPSN","EPSILON ENERGY LTD","EPSN","EPSILON ENERGY LTD","NASDAQ"
"EPU","ISHARES MSCI PERU AND GLOBAL","EPU","ISHARES MSCI PERU AND GLOBAL EXPOSURE ETF","NYSE"
"EPV","PROSHARES ULTRASHORT FTSE EU","EPV","PROSHARES ULTRASHORT FTSE EUR","NYSE"
"EQ","EQUILLIUM INC","EQ","EQUILLIUM INC","NASDAQ"
"EQAL","INVESCO RUSSELL 1000 EQUAL W","EQAL","INVESCO RUSSELL 1000 EQUAL","NYSE"
"EQBK","EQUITY BANCSHARES INC - CL A","EQBK","EQUITY BANCSHARES, INC. CLASS A","NYSE"
"EQH","EQUITABLE HOLDINGS INC","EQH","EQUITABLE HOLDINGS INC","NYSE"
"EQIN","COLUMBIA US EQTY INC ETF","EQIN","COLUMBIA US EQUITY INCOME ETF","NYSE"
"EQIX","EQUINIX INC","EQIX","EQUINIX, INC. COMMON STOCK REI","NASDAQ"
"EQL","ALPS EQUAL SECTOR WEIGHT ETF","EQL","ALPS EQUAL SECTOR WEIGHT ETF","NYSE"
"EQLT","ISHR MSCI EMM QULTY FCTR","EQLT","ISHARES MSCI EMERGING MARKETS QUALITY FACTOR ETF","BATS"
"EQNR","EQUINOR ASA-SPON ADR","EQNR","EQUINOR ASA","NYSE"
"EQPT","EQUIPMENTSHARE.COM INC-A","EQPT","EQUIPMENTSHARE.COM INC CLASS A","NASDAQ"
"EQR","EQUITY RESIDENTIAL","EQR","EQUITY RESIDENTIAL","NYSE"
"EQRR","PROSHRS EQTY RISING RATE ETF","EQRR","PROSHARES EQUITIES FOR RISING RATES ETF","NASDAQ"
"EQS","EQUUS TOTAL RETURN INC","EQS","EQUUS TOTAL RETURN","NYSE"
"EQT","EQT CORP","EQT","EQT","NYSE"
"EQTY","KOVITZ CORE EQUITY ETF","EQTY","KOVITZ CORE EQUITY ETF","NYSE"
"EQWL","INVESCO S&P 100 EQUAL WEIGHT","EQWL","INVESCO S&P 100 EQUAL WEIGHT ETF","NYSE"
"EQX","EQUINOX GOLD CORP","EQX","EQUINOX GOLD CORP","NYSE_AMERICAN"
"ERAS","ERASCA INC","ERAS","ERASCA, INC.","NASDAQ"
"ERC","ALLSPRING MULTI-SECTOR INC","ERC","ALLSPRING MULTISECTOR INCOME FUND","NYSE_AMERICAN"
"ERET","ISHARES ENV AWARE RE ESTATE","ERET","ISHARES ENVIRONMENTALLY AWARE REAL ESTATE ETF","NASDAQ"
"ERH","ALLSPRING UTILITIES AND HIGH","ERH","ALLSPRING UTILITIES AND HIGH INCOME FUND","NYSE_AMERICAN"
"ERIC","ERICSSON (LM) TEL-SP ADR","ERIC","ERICSSON TELEPHONE","NASDAQ"
"ERIE","ERIE INDEMNITY COMPANY-CL A","ERIE","ERIE INDEMNITY","NASDAQ"
"ERII","ENERGY RECOVERY INC","ERII","ENERGY RECOVERY","NASDAQ"
"ERNA","ERNEXA THERAPEUTICS INC","ERNA","ERNEXA THERAPEUTICS INC.","NASDAQ"
"ERO","ERO COPPER CORP","ERO","ERO COPPER CORP","NYSE"
"ERTH","INVESCO MSCI SUSTAINABLE FUT","ERTH","INVESCO MSCI SUSTAINABLE FUTURE ETF","NYSE"
"ERX","DIREXION DAILY ENRGY BL2X-UI","ERX","DIREXION DAILY ENERGY BULL 2X ETF","NYSE"
"ERY","DIREXION DLY ENGY BR 2X-US I","ERY","DIREXION DAILY ENERGY BEAR 2X ETF","NYSE"
"ES","EVERSOURCE ENERGY","ES","EVERSOURCE ENERGY","NYSE"
"ESAB","ESAB CORP","ESAB","ESAB CORP","NYSE"
"ESBA","EMPIRE STATE REALTY OP LP-ES","ESBA","EMPIRE STATE REALTY OP LP SERI","NYSE"
"ESCA","ESCALADE INC","ESCA","ESCALADE","NASDAQ"
"ESE","ESCO TECHNOLOGIES INC","ESE","ESCO TECHNOLOGIES","NYSE"
"ESEA","EUROSEAS LTD","ESEA","EUROSEAS","NASDAQ"
"ESG","FLEXSHARES STOXX US ESG SELE","ESG","FLEXSHARES STOXX US ESG IMPACT","BATS"
"ESGD","ISHARES TRUST ISHARES ESG AW","ESGD","ISHARES ESG AWARE MSCI EAFE ETF","NASDAQ"
"ESGE","ISHARES INC ISHARES ESG AWAR","ESGE","ISHARES ESG AWARE MSCI EM ETF","NASDAQ"
"ESGG","FLEXSHARES STOXX GLOBAL ESG","ESGG","FLEXSHARES STOXX GLOBAL ESG SELECT FUND","BATS"
"ESGU","ISHARES ESG AWARE MSCI USA","ESGU","ISHARES ESG AWARE MSCI USA ETF","NASDAQ"
"ESGV","VANGUARD ESG US STOCK ETF","ESGV","VANGUARD ESG US STOCK ETF","BATS"
"ESHA","ESH ACQUISITION CORP-A","ESHA","ESH ACQUISITION CORP. CLASS A","NASDAQ"
"ESI","ELEMENT SOLUTIONS INC","ESI","ELEMENT SOLUTIONS INC","NYSE"
"ESIM","EVENTIDE INTERNATIONAL ETF","ESIM","EVENTIDE INTERNATIONAL ETF","NYSE"
"ESIX","SS SPDR S&P 600 SC ESG ETF","ESIX","STATE ST SPDR S&P SMALLCAP 600 ESG ETF","NYSE"
"ESK","REX-OSPREY ETH + STAKING ETF","ESK","ETF OPPTY TRUST REX-OSPREY ETH + STAKING ETF","BATS"
"ESLA","ESTRELLA IMMUNOPHARMA INC","ESLA","ESTRELLA IMMUNOPHARMA, INC.","NASDAQ"
"ESLG","EVENTIDE LARG CAP GROWTH ETF","ESLG","EVENTIDE LARGE CAP GROWTH ETF","NYSE"
"ESLT","ELBIT SYSTEMS LTD","ESLT","ELBIT SYSTEMS","NASDAQ"
"ESLV","EVENTIDE LARGE CAP VALUE ETF","ESLV","EVENTIDE LARGE CAP VALUE ETF","NYSE"
"ESML","ISHARES ESG AWARE MSCI USA S","ESML","ISHARES ESG AWARE MSCI USA SMALL-CAP ETF","BATS"
"ESMV","ISHARES ESG OPTIMIZED MSCI U","ESMV","ISHARES ESG OPTIMIZED MSCI USA MIN VOL FACTOR ETF","NASDAQ"
"ESN","ESSENTIAL 40 STOCK ETF","ESN","ESSENTIAL 40 STOCK ETF","NASDAQ"
"ESNT","ESSENT GROUP LTD","ESNT","ESSENT GROUP LTD","NYSE"
"ESOA","ENERGY SERVICES OF AMERICA","ESOA","ENERGY SERVICES OF AMERICA CORPORATION","NASDAQ"
"ESP","ESPEY MFG & ELECTRONICS CORP","ESP","ESPEY MFG & ELECTRONICS","NYSE_AMERICAN"
"ESPO","VANECK VIDEOGAMING ESPORTS","ESPO","VANECK VIDEO GAMING AND ESPORTS ETF","NASDAQ"
"ESPR","ESPERION THERAPEUTICS INC","ESPR","ESPERION THERAPEUTICS, INC. CO","NASDAQ"
"ESQ","ESQUIRE FINANCIAL HOLDINGS I","ESQ","ESQUIRE FINANCIAL HOLDINGS, INC.","NASDAQ"
"ESRT","EMPIRE STATE REALTY TRUST-A","ESRT","EMPIRE STATE REALTY TRUST INC","NYSE"
"ESS","ESSEX PROPERTY TRUST INC","ESS","ESSEX PROPERTY","NYSE"
"ESSC","EVENTIDE SMALL CAP ETF","ESSC","EVENTIDE SMALL CAP ETF","NYSE"
"ESTA","ESTABLISHMENT LABS HOLDINGS","ESTA","ESTABLISHMENT LABS HOLDINGS INC.","NASDAQ"
"ESTC","ELASTIC NV","ESTC","ELASTIC NV","NYSE"
"ESUM","EVENTIDE US MARKET ETF","ESUM","EVENTIDE US MARKET ETF","NYSE"
"ET","ENERGY TRANSFER LP","ET","ENERGY TRANSFER LP","NYSE"
"ETB","EATON VANCE T-M BUY-WRT INC","ETB","EV TAX-MANAGED BUY-WRITE INC C","NYSE"
"ETCO","GRAYSCALE ETHER COV CALL ETF","ETCO","GRAYSCALE ETHEREUM COVERED CALL ETF","NYSE"
"ETD","ETHAN ALLEN INTERIORS INC","ETD","ETHAN ALLEN INTERIORS","NYSE"
"ETEC","ISHARES BRKTHR ENVIR SOL ETF","ETEC","ISHARES BREAKTHROUGH ENVIRONMENTAL SOLUTIONS ETF","NASDAQ"
"ETFT","FUNDSMITH EQUITY ETF","ETFT","FUNDSMITH EQUITY ETF","NYSE"
"ETG","EATON VANCE T-A GL DVD INCM","ETG","EV TAX ADV GLOBAL DIVIDEND INC","NYSE"
"ETH","GRAYSCALE ETHEREUM STAKING M","ETH","GRAYSCALE ETHEREUM STAKING MINI ETF","NYSE"
"ETHA","ISHARES ETHEREUM TRUST ETF","ETHA","ISHARES ETHEREUM TRUST ETF","NASDAQ"
"ETHB","ISHR STAKED ETHER TRST ETF","ETHB","ISHARES STAKED ETHEREUM TRUST SHARES OF FRACTIONAL","NASDAQ"
"ETHD","PRSHRS ULTRSRT ETHR ETF","ETHD","PROSHARES ULTRASHORT ETHER ETF","NYSE"
"ETHE","GRAYSCALE ETHEREUM STAKING E","ETHE","GRAYSCALE ETHEREUM STAKING ETF","NYSE"
"ETHM","DYNAMIX CORP","ETHM","DYNAMIX CORPORATION CLASS A","NASDAQ"
"ETHMU","DYNAMIX CORP","ETHMU","DYNAMIX CORPORATION UNT","NASDAQ"
"ETHO","AMPLIFY ETHO CLIMATE LEADERS","ETHO","AMPLIFY CLIMATE LEADERSHIP US","NYSE"
"ETHT","PROSHARES ULTRA ETHER ETF","ETHT","PROSHARES ULTRA ETHER ETF","NYSE"
"ETHU","2X ETHER ETF","ETHU","VOLATILITY SHARES TRUST 2X ETHER ETF","BATS"
"ETHV","VANECK ETHEREUM ETF","ETHV","VANECK ETHEREUM ETF","BATS"
"ETHW","BITWISE ETHEREUM ETF","ETHW","BITWISE ETHEREUM ETF","NYSE"
"ETJ","EATON VANCE RSK-MGD DIVERS","ETJ","EV RISK-MGD DIVERS EQUITY INC","NYSE"
"ETN","EATON CORP PLC","ETN","EATON PUBLIC","NYSE"
"ETO","EATON VANCE T-A GLBL DVD OPP","ETO","EV TAX ADV GLOBAL DIV OPPS COM","NYSE"
"ETON","ETON PHARMACEUTICALS INC","ETON","ETON PHARMACEUTCIALS, INC. COMMON STOCK","NASDAQ"
"ETOR","ETORO GROUP LTD-A","ETOR","ETORO GROUP LTD. CLASS A","NASDAQ"
"ETR","ENTERGY CORP","ETR","ENTERGY","NYSE"
"ETRL","GRANITE 2X LONG ETOR ETF","ETRL","GRANITESHARES 2X LONG ETOR DAILY ETF","NASDAQ"
"ETS","ELITE EXPRESS HOLDING INC","ETS","ELITE EXPRESS HOLDING INC. CLASS A","NASDAQ"
"ETSY","ETSY INC","ETSY","ETSY, INC. COMMON STOCK","NYSE"
"ETTY","AMPLIFY ETHEREUM 3% MNTH OPT","ETTY","AMPLIFY ETHEREUM 3% MONTHLY OPTION INCOME ETF","BATS"
"ETU","T-REX 2X LONG ETHER D TA ETF","ETU","T-REX 2X LONG ETHER DAILY TARGET ETF","BATS"
"ETV","EATON VANCE T-M BUY-WRIT OPP","ETV","EV TAX-MANAGED BUY-WRITE OPPS","NYSE"
"ETW","EATON VANCE T-M GLBL BUY-WR","ETW","EV TAX-MANAGED GLB B-W OPPS CO","NYSE"
"ETX","EATON VANCE MUNI INC 2028 TM","ETX","EATON VANCE MUNI INCOME 2028 T","NYSE"
"ETY","EATON VANCE TAX-MGD DIV EQTY","ETY","EV TAX-MANAGED DIV EQUITY INC","NYSE"
"EU","ENCORE ENERGY CORP","EU","ENCORE ENERGY CORP.","NASDAQ"
"EUAD","SELECT STOXX EUR AER DE ETF","EUAD","SELECT STOXX EUROPE AEROSPACE & DEFENSE ETF","BATS"
"EUDA","EUDA HEALTH HOLDINGS LTD","EUDA","EUDA HEALTH HOLDINGS LIMITED","NASDAQ"
"EUDG","WISDOMTREE EUROPE QUALITY DI","EUDG","WISDOM TREE EUROPE DIV GROWTH","NYSE"
"EUFN","ISHARES MSCI EUROPE FINANCIA","EUFN","ISHARES MSCI EUROPE FINANCIALS","NASDAQ"
"EUHY","ISHARES EURO HIGH YIELD CORP","EUHY","ISHARES EURO HIGH YIELD CRP BND USD HEDGED ETF","BATS"
"EUM","PROSHARES SHORT MSCI EMR MKT","EUM","PROSHARES SHORT MSCI EMERGING","NYSE"
"EUO","PROSHARES ULTRASHORT EURO","EUO","PROSHARES ULTRASHORT EURO","NYSE"
"EURK","EUREKA ACQUISITION CORP","EURK","EUREKA ACQUISITION CORP CLASS A","NASDAQ"
"EURKU","EUREKA ACQUISITION CORP","EURKU","EUREKA ACQUISITION CORP UNT","NASDAQ"
"EURL","DIR DA FTS EUR BU 3X ETF-USD","EURL","DIREXION DAILY FTSE EUROPE BULL 3X ETF","NYSE"
"EUSA","ISHARES MSCI USA EQUAL WEIGH","EUSA","ISHARES MSCI USA EQ WT ETF","NYSE"
"EUSB","ISHR ESG ADVN UNIVERSAL BD-$","EUSB","ISHARES ESG ADVANCED TOTAL USD BOND MARKET ETF","NYSE"
"EVAC","EQV VENTURES ACQUISITION C-A","EVAC","EQV VENTURES ACQUISITION CORP II","NYSE"
"EVAX","EVAXION A-S","EVAX","EVAXION A/S ADS","NASDAQ"
"EVC","ENTRAVISION COMMUNICATIONS-A","EVC","ENTRAVISION COMMUNICATION","NYSE"
"EVCM","EVERCOMMERCE INC","EVCM","EVERCOMMERCE INC.","NASDAQ"
"EVER","EVERQUOTE INC - CLASS A","EVER","EVERQUOTE, INC. CLASS A COMMON STOCK","NASDAQ"
"EVEX","EVE HOLDING INC","EVEX","EVE HOLDING INC","NYSE"
"EVF","EATON VANCE SENIOR INCOME TR","EVF","EV SENIOR INCOME TRUST COMMON","NYSE"
"EVG","EATON VANCE SHORT DUR DIV IN","EVG","EV SHORT DURATION DIVERSIFIED","NYSE"
"EVGN","EVOGENE LTD","EVGN","EVOGENE LTD","NASDAQ"
"EVGO","EVGO INC","EVGO","EVGO INC","NASDAQ"
"EVH","EVOLENT HEALTH INC - A","EVH","EVOLENT HEALTH INC","NYSE"
"EVHY","EATON VANCE HIGH YIELD ETF","EVHY","EATON VANCE HIGH YIELD ETF","NYSE"
"EVI","EVI INDUSTRIES INC","EVI","EVI INDUSTRIES INC","NYSE_AMERICAN"
"EVIM","EATON VANCE INT MUNI INCOME","EVIM","EATON VANCE INTERMEDIATE MUNICIPAL INCOME ETF","NYSE"
"EVLN","EATON VANCE FLOATING-RATE","EVLN","EATON VANCE FLOATING-RATE ETF","NYSE"
"EVLU","ISHR MSCI EMM VAL FTR","EVLU","ISHARES MSCI EMERGING MARKETS VALUE FACTOR ETF","BATS"
"EVLV","EVOLV TECHNOLOGIES HOLDINGS","EVLV","EVOLV TECHNOLOGIES HOLDINGS INC","NASDAQ"
"EVMN","EVOMMUNE INC","EVMN","EVOMMUNE INC","NYSE"
"EVMO","EATON VANCE MORTGAGE OPP ETF","EVMO","EATON VANCE MORTGAGE OPPORTUNITIES ETF","NYSE"
"EVMT","INVESCO ELECT VEH MET COM ST","EVMT","INVESCO EV METALS COMMODITY STRATEGY NO K-1 ETF","NASDAQ"
"EVN","EATON VANCE MUNI INC TR","EVN","EV MUNICIPAL INCOME COMMON","NYSE"
"EVNT","ALTSHARES EVENT-DRIVEN ETF","EVNT","ALTSHARES EVENT DRIVEN ETF","NYSE"
"EVO","EVOTEC SE - SPON ADR","EVO","EVOTEC SE AMERICAN DEPOSITARY SHARES","NASDAQ"
"EVOX","EVOLUTION GLOBAL ACQUIS-CL A","EVOX","EVOLUTION GLOBAL ACQUISITION CORP CLASS A","NASDAQ"
"EVOXU","EVOLUTION GLOBAL ACQUISITION","EVOXU","EVOLUTION GLOBAL ACQUISITION CORP UNT","NASDAQ"
"EVR","EVERCORE INC - A","EVR","EVERCORE INC","NYSE"
"EVRG","EVERGY INC","EVRG","EVERGY, INC.","NASDAQ"
"EVSB","EATON VANCE ULT-SHRT INCOME","EVSB","EATON VANCE ULTRA-SHORT INCOME ETF","NYSE"
"EVSD","EATON VANCE SHRT DUR INC","EVSD","EATON VANCE SHORT DURATION INCOME ETF","NASDAQ"
"EVSM","EATON VANCE SHRT DUR MUNI","EVSM","EATON VANCE SHORT DURATION MUNICIPAL INCOME ETF","NYSE"
"EVT","EATON VANCE TAX-ADV DVD INC","EVT","EV TAX ADVANTAGED DIVIDEND INC","NYSE"
"EVTC","EVERTEC INC","EVTC","EVERTEC INC","NYSE"
"EVTL","VERTICAL AEROSPACE LTD","EVTL","VERTICAL AEROSPACE LTD","NYSE"
"EVTR","EATON VANCE TOTAL RETURN","EVTR","EATON VANCE TOTAL RETURN BOND ETF","NYSE"
"EVTV","ENVIROTECH VEHICLES INC","EVTV","ENVIROTECH VEHICLES, INC.","NASDAQ"
"EVUS","ISHARES ESG AW MSCI US VALUE","EVUS","ISHARES ESG AWARE MSCI USA VALUE ETF","BATS"
"EVV","EATON VANCE LTD DURAT INC","EVV","EV LIMITED DURATION INCOME COM","NYSE_AMERICAN"
"EVX","VANECK ENVIRONMENTAL SERVICE","EVX","VANECK ENVIRONMENTAL SERVICES ETF","NYSE"
"EVYM","EATON VANCE HIGH INCOME MUNI","EVYM","EATON VANCE HIGH INCOME MUNICIPAL ETF","NASDAQ"
"EW","EDWARDS LIFESCIENCES CORP","EW","EDWARDS LIFESCIENCES","NYSE"
"EWA","ISHARES MSCI AUSTRALIA ETF","EWA","ISHARES MSCI AUSTRALIA INDEX","NYSE"
"EWBC","EAST WEST BANCORP INC","EWBC","EAST WEST BANCORP","NASDAQ"
"EWC","ISHARES MSCI CANADA ETF","EWC","ISHARES MSCI CANADA INDEX","NYSE"
"EWCZ","EUROPEAN WAX CENTER INC-A","EWCZ","EUROPEAN WAX CENTER, INC. CLASS A","NASDAQ"
"EWD","ISHARES MSCI SWEDEN ETF","EWD","ISHARES MSCI SWEDEN ETF","NYSE"
"EWH","ISHARES MSCI HONG KONG ETF","EWH","ISHARES MSCI HONG KONG INDEX","NYSE"
"EWI","ISHARES MSCI ITALY ETF","EWI","ISHARES MSCI ITALY ETF","NYSE"
"EWJ","ISHARES MSCI JAPAN ETF","EWJ","ISHARES MSCI JAPAN INDEX","NYSE"
"EWJV","ISHARES MSCI JAPAN VALUE ETF","EWJV","ISHARES MSCI JAPAN VALUE ETF","NASDAQ"
"EWK","ISHARES MSCI BELGIUM ETF","EWK","ISHARES MSCI BELGIUM ETF","NYSE"
"EWL","ISHARES MSCI SWITZERLAND ETF","EWL","ISHARES MSCI SWITZERLAND ETF","NYSE"
"EWM","ISHARES MSCI MALAYSIA ETF","EWM","ISHARES MSCI MALAYSIA INDEX","NYSE"
"EWO","ISHARES MSCI AUSTRIA ETF","EWO","ISHARES MSCI AUSTRIA ETF","NYSE"
"EWP","ISHARES MSCI SPAIN ETF","EWP","ISHARES MSCI SPAIN ETF","NYSE"
"EWQ","ISHARES MSCI FRANCE ETF","EWQ","ISHARES MSCI FRANCE INDEX","NYSE"
"EWS","ISHARES MSCI SINGAPORE ETF","EWS","ISHARES MSCI SINGAPORE INDEX","NYSE"
"EWT","ISHARES MSCI TAIWAN ETF","EWT","ISHARES MSCI TAIWAN INDEX","NYSE"
"EWTX","EDGEWISE THERAPEUTICS INC","EWTX","EDGEWISE THERAPEUTICS, INC.","NASDAQ"
"EWU","ISHARES MSCI UNITED KINGDOM","EWU","ISHARES MSCI UNITED KINGDOM ET","NYSE"
"EWUS","ISHARES MSCI UNITED KINGDOM","EWUS","ISHARES MSCI UNITED KINGDOM SM","BATS"
"EWV","PROSHARES ULTSHRT MSCI JAPAN","EWV","PROSHARES ULTRASHORT MSCI JAPA","NYSE"
"EWW","ISHARES MSCI MEXICO ETF","EWW","ISHARES MSCI MEXICO ETF","NYSE"
"EWX","STATE STREET SPDR S&P EMERGI","EWX","STATE ST SPDR S&P EMERGING MARKETS SMALL","NYSE"
"EWY","ISHARES MSCI SOUTH KOREA ETF","EWY","ISHARES MSCI SOUTH KOREA ETF","NYSE"
"EWZ","ISHARES MSCI BRAZIL ETF","EWZ","ISHARES MSCI BRAZIL ETF","NYSE"
"EWZS","ISHARES MSCI BRAZIL SMALL-CA","EWZS","ISHARES MSCI BRAZIL SMALL CAP","NASDAQ"
"EXC","EXELON CORP","EXC","EXELON","NASDAQ"
"EXE","EXPAND ENERGY CORP","EXE","EXPAND ENERGY CORPORATION","NASDAQ"
"EXEL","EXELIXIS INC","EXEL","EXELIXIS","NASDAQ"
"EXFY","EXPENSIFY INC - A","EXFY","EXPENSIFY, INC. CLASS A COMMON STOCK","NASDAQ"
"EXG","EATON VANCE TAX-MANAGED GLOB","EXG","EV TAX-MANAGED GLOBAL FUND COM","NYSE"
"EXI","ISHARES GLOBAL INDUSTRIALS E","EXI","ISHARES S&P GLOBAL INDUSTRIALS","NYSE"
"EXK","ENDEAVOUR SILVER CORP","EXK","ENDEAVOUR SILVER","NYSE"
"EXLS","EXLSERVICE HOLDINGS INC","EXLS","EXLSERVICE HOLDINGS","NASDAQ"
"EXOD","EXODUS MOVEMENT INC - A","EXOD","EXODUS MOVEMENT INC","NYSE_AMERICAN"
"EXOZ","EXOZYMES INC","EXOZ","EXOZYMES INC.","NASDAQ"
"EXP","EAGLE MATERIALS INC","EXP","EAGLE MATERIALS","NYSE"
"EXPD","EXPEDITORS INTL WASH INC","EXPD","EXPEDITORS INTERNATIONAL","NYSE"
"EXPE","EXPEDIA GROUP INC","EXPE","EXPEDIA","NASDAQ"
"EXPI","EXP WORLD HOLDINGS INC","EXPI","EXP WORLD HOLDINGS, INC. COMMON STOCK","NASDAQ"
"EXPO","EXPONENT INC","EXPO","EXPONENT","NASDAQ"
"EXR","EXTRA SPACE STORAGE INC","EXR","EXTRA SPACE STORAGE","NYSE"
"EXTR","EXTREME NETWORKS INC","EXTR","EXTREME NETWORKS","NASDAQ"
"EYE","NATIONAL VISION HOLDINGS INC","EYE","NATIONAL VISION HOLDINGS, INC.","NASDAQ"
"EYLD","CAMBRIA EMERG SHRHLDR YIELD","EYLD","CAMBRIA EMERGING SHAREHOLDER YIELD ETF","BATS"
"EYPT","EYEPOINT INC","EYPT","EYEPOINT, INC.","NASDAQ"
"EZA","ISHARES MSCI SOUTH AFRICA ET","EZA","ISHARES MSCI SOUTH AFRICA INDE","NYSE"
"EZBC","FRANKLIN BITCOIN ETF","EZBC","FRANKLIN BITCOIN ETF","BATS"
"EZET","FRANKLIN ETHEREUM ETF","EZET","FRANKLIN ETHEREUM ETF","BATS"
"EZGO","EZGO TECHNOLOGIES LTD","EZGO","EZGO TECHNOLOGIES LTD. ORDINARY SHARES","NASDAQ"
"EZJ","PROSHARES ULTRA MSCI JAPAN","EZJ","PROSHARES ULTRA MSCI JAPAN","NYSE"
"EZM","WISDOMTREE US MIDCAP FUND","EZM","WISDOMTREE U.S. MIDCAP FUND","NYSE"
"EZMO","ALPHADROID B MARK MOM ETF","EZMO","ALPHADROID BROAD MARKETS MOMENTUM ETF","NASDAQ"
"EZPW","EZCORP INC-CL A","EZPW","EZCORP","NASDAQ"
"EZPZ","FRANKLIN CRYPTO INDEX ETF","EZPZ","FRANKLIN CRYPTO ETF INDEX ETF","BATS"
"EZRA","RELIANCE GLOBAL GROUP INC","EZRA","RELIANCE GLOBAL GROUP, INC.","NASDAQ"
"EZRO","ALPHADRD DFNCVE SCTR RTN ETF","EZRO","ALPHADROID DEFENSIVE SECTOR ROTATION ETF","NASDAQ"
"EZU","ISHARES MSCI EUROZONE ETF","EZU","ISHARES MSCI EUROZONE ETF","BATS"
"F","FORD MOTOR CO","F","FORD MOTOR","NYSE"
"FA","FIRST ADVANTAGE CORP","FA","FIRST ADVANTAGE CORPORATION","NASDAQ"
"FAAR","FIRST TRUST ALT ABS RET ETF","FAAR","FIRST TR ALTERNATIVE ABSOLUTE RETURN STRATEGY ETF","NASDAQ"
"FACT","FACT II ACQUISITION CORP","FACT","FACT II ACQUISITION CORP. CLASS A","NASDAQ"
"FACTU","FACT II ACQUISITION CORP","FACTU","FACT II ACQUISITION CORP. UNT","NASDAQ"
"FAD","FIRST TRUST MULTI CAP GROWTH","FAD","FIRST TRUST MULTI CAP GROWTH A","NASDAQ"
"FAF","FIRST AMERICAN FINANCIAL","FAF","FIRST AMERICAN FINANCIAL","NYSE"
"FAI","FT BLOOMBERG AI ETF","FAI","FIRST TRUST BLOOMBERG AI ETF","NYSE"
"FALN","ISHARES FALLEN ANGELS ETF","FALN","ISHARE FALLEN ANGELS USD BOND","NASDAQ"
"FAMI","FARMMI INC-A","FAMI","FARMMI, INC. CLASS A","NASDAQ"
"FAN","FIRST TRUST GLOBAL WIND ENER","FAN","FIRST TRUST GLOBAL WIND ENERGY","NYSE"
"FANG","DIAMONDBACK ENERGY INC","FANG","DIAMONDBACK ENERGY INC","NASDAQ"
"FAPR","FT VEST U.S. EQUITY BUFFER E","FAPR","FT CBOE VEST US EQUITY BUFFER ETF APR","BATS"
"FARM","FARMER BROS CO","FARM","FARMER BROS","NASDAQ"
"FARX","FRONTIER ASST ABSOLUTE R ETF","FARX","FRONTIER ASSET ABSOLUTE RETURN ETF","NYSE"
"FAS","DIRX DLY FINACIAL B3X ETF-UI","FAS","DIREXION DAILY FINANCIAL BULL 3X ETF","NYSE"
"FAST","FASTENAL CO","FAST","FASTENAL","NASDAQ"
"FATE","FATE THERAPEUTICS INC","FATE","FATE THERAPEUTICS, INC. COMMON","NASDAQ"
"FATN","FATPIPE INC-UT","FATN","FATPIPE, INC.","NASDAQ"
"FAUG","FT VEST U.S. EQUITY BUFFER E","FAUG","FT CBOE VEST US EQUITY BUFFER ETF - AUG","BATS"
"FAX","ABRDN ASIA-PACIFIC INCOME","FAX","ABERDEEN ASIA-PACIFIC INCOME FUND INC","NYSE_AMERICAN"
"FAZ","DIREX DLY FIN BEA 3X ETF-USD","FAZ","DIREXION DAILY FINANCIAL BEAR 3X ETF","NYSE"
"FBCG","FIDELITY BLUE CHIP GROW ETF","FBCG","FIDELITY BLUE CHIP GROWTH ETF","BATS"
"FBCV","FIDELITY BLUE CHIP VALUE ETF","FBCV","FIDELITY BLUE CHIP VALUE ETF","BATS"
"FBDC","FT CONF BDC ETF","FBDC","FT CONFLUENCE BDC & SPECIALTY FINANCE INCOME ETF","NYSE"
"FBGL","FBS GLOBAL LTD","FBGL","FBS GLOBAL LIMITED","NASDAQ"
"FBIN","FORTUNE BRANDS INNOVATIONS I","FBIN","FORTUNE BRANDS INNOVATIONS INC","NYSE"
"FBIO","FORTRESS BIOTECH INC","FBIO","FORTRESS BIOTECH, INC. COMMON STOCK","NASDAQ"
"FBIOP","FORTRESS BIOTECH INC","FBIOP","FORTRESS BIOTECH, INC. 9.375% SERIES A PF","NASDAQ"
"FBIZ","FIRST BUSINESS FINANCIAL SER","FBIZ","FIRST BUSINESS FINANCIAL","NASDAQ"
"FBK","FB FINANCIAL CORP","FBK","FB FINANCIAL CORP","NYSE"
"FBL","GRANITESH 2XLNG META ETF-USD","FBL","GRANITESHARES 1.5X LONG META DAILY ETF","NASDAQ"
"FBLA","FB BANCORP INC","FBLA","FB BANCORP, INC.","NASDAQ"
"FBLG","FIBROBIOLOGICS INC","FBLG","FIBROBIOLOGICS, INC.","NASDAQ"
"FBNC","FIRST BANCORP-NC","FBNC","FIRST BANCORP","NASDAQ"
"FBND","FIDELITY TOTAL BOND ETF","FBND","FIDELITY MERRIMACK STREET CORP","NYSE"
"FBOT","FIDELITY DISRUPT AUTOMAT ETF","FBOT","FIDELITY DISRUPTIVE AUTOMATION ETF","NASDAQ"
"FBP","FIRST BANCORP PUERTO RICO","FBP","FIRST BANCORP. NEW","NYSE"
"FBRT","FRANKLIN BSP REALTY TRUST IN","FBRT","FRANKLIN BSP REALTY TRUST INC","NYSE"
"FBRX","FORTE BIOSCIENCES INC","FBRX","FORTE BIOSCIENCES INC","NASDAQ"
"FBT","FIRST TRUST NYSE ARCA BIOTEC","FBT","FIRST TRUST NYSE ARCA BIOTECH","NYSE"
"FBTC","FIDELITY WISE ORIGIN BITCOIN","FBTC","FIDELITY WISE ORIGIN BITCOIN FUND","BATS"
"FBUF","FIDELITY DYN BUFF EQTY ETF","FBUF","FIDELITY DYNAMIC BUFFERED EQUITY ETF","BATS"
"FBY","YIELDMAX META OPTION YIELD","FBY","YIELDMAX META OPTION INCOME STRATEGY ETF","NYSE"
"FBYD","FALCON'S BEYOND GLOBAL INC-A","FBYD","FALCONS BEYOND GLOBAL, INC. CLASS A","NASDAQ"
"FBYY","GRANITE YBST META ETF","FBYY","GRANITESHARES YIELDBOOST META ETF","NASDAQ"
"FC","FRANKLIN COVEY CO","FC","FRANKLIN COVEY","NYSE"
"FCA","FIRST TRUST CHINA","FCA","FIRST TRUST CHINA ALPHADEX FUND","NASDAQ"
"FCAL","FIRST TRUST CALIFORNIA MUNIC","FCAL","FIRST TR CALIFORNIA MUNICIPAL HIGH INCOME ETF","NASDAQ"
"FCAP","FIRST CAPITAL INC","FCAP","FIRST CAPITAL","NASDAQ"
"FCBC","FIRST COMMUNITY BANKSHARES","FCBC","FIRST COMMUNITY","NASDAQ"
"FCCO","FIRST COMMUNITY CORP","FCCO","FIRST COMMUNITY CORPORTAION","NASDAQ"
"FCEF","FIRST TRUST EXCHANGE-TRADED","FCEF","FIRST TRUST CEF INCOME OPPTYS","NASDAQ"
"FCEL","FUELCELL ENERGY INC","FCEL","FUELCELL ENERGY","NASDAQ"
"FCF","FIRST COMMONWEALTH FINL CORP","FCF","FIRST COMMONWEALTH","NYSE"
"FCFS","FIRSTCASH HOLDINGS INC","FCFS","FIRST CASH HOLDINGS INC","NASDAQ"
"FCG","FIRST TRUST NATURAL GAS ETF","FCG","FIRST TRUST NATURAL GAS ETF","NYSE"
"FCHL","FITNESS CHAMPS HOLDINGS LTD","FCHL","FITNESS CHAMPS HOLDINGS LIMITED","NASDAQ"
"FCLD","FIDELITY CLOUD COMPUTING ETF","FCLD","FIDELITY CLOUD COMPUTING ETF","BATS"
"FCN","FTI CONSULTING INC","FCN","FTI CONSULTING","NYSE"
"FCNCA","FIRST CITIZENS BCSHS -CL A","FCNCA","FIRST CITIZENS BANCSHARES","NASDAQ"
"FCNCN","FIRST CTZNS BANCSHARES INC-DEL DEP","FCNCN","FIRST CITIZENS BANCSHARES (1/40 6.625% PF SER E)","NASDAQ"
"FCNCO","PFD FIRST CTZNS BANCS *<","FCNCO","FIRST CITIZENS BANCSHARES, INC. 5.625% PF SERIES C","NASDAQ"
"FCNCP","FIRST CITIZENS BANCSHARE","FCNCP","FIRST CITIZENS BANCSHARES, INC. DS","NASDAQ"
"FCO","ABRDN GLOBAL INCOME FUND INC","FCO","ABRDN GLOBAL INCOME FUND INC","NYSE_AMERICAN"
"FCOM","FIDELITY MSCI COMM SERV INDX","FCOM","FIDELITY MSCI TELECOMMUNICATIO","NYSE"
"FCOR","FIDELITY CORPORATE BOND ETF","FCOR","FIDELITY CORPORATE BOND ETF","NYSE"
"FCPI","FIDELITY STOCKS FOR INFL ETF","FCPI","FIDELITY STOCKS FOR INFLATION ETF","BATS"
"FCPT","FOUR CORNERS PROPERTY TRUST","FCPT","FOUR CORNERS PROPERTY TRUST INC","NYSE"
"FCRS","FUTURECREST ACQUISITION-CL A","FCRS","FUTURECREST ACQUISITION CORP","NYSE"
"FCRX","CRESCENT CAPITAL BDC INC","FCRX","CRESCENT CAPITAL BDC INC 5% NTS 2026","NYSE"
"FCSH","FED HERMES SHORT DUR CORP","FCSH","FEDERATED HERMES ETF TRUST SHORT DURATION CORP ETF","NYSE"
"FCT","FIRST TRUST SNR FL RT INC II","FCT","FIRST TRUST SENIOR FR INC II C","NYSE"
"FCTE","SMI 3FOURTEEN FULL-CYCL TRND","FCTE","SMI 3FOURTEEN FULL-CYCLE TREND ETF","NASDAQ"
"FCTR","FIRST TRUST LUNT US FACTOR","FCTR","FIRST TRUST LUNT US FACTOR ROTATION ETF","BATS"
"FCUS","PINNACLE FOCUSED OPPORT ETF","FCUS","PINNACLE FOCUSED OPPORTUNITIES ETF","NYSE"
"FCUV","FOCUS UNIVERSAL INC","FCUV","FOCUS UNIVERSAL INC. COMMON STOCK","NASDAQ"
"FCVT","FIRST TRUST SSI STRATEGI ETF","FCVT","FIRST TR SSI STRATEGIC CONVERTIBLE SECURITIES ETF","NASDAQ"
"FCX","FREEPORT-MCMORAN INC","FCX","FREEPORT-MCMORAN INC","NYSE"
"FCXG","LEVERAGE SHARES 2X FCX","FCXG","LEVERAGE SHARES 2X LONG FCX DAILY ETF","NASDAQ"
"FDBC","FIDELITY D&D BANCORP INC","FDBC","FIDELITY D & D BANCORP, INC.","NASDAQ"
"FDCF","FIDELITY DISRUPTIVE COMM ETF","FDCF","FIDELITY DISRUPTIVE COMMUNICATIONS ETF","NASDAQ"
"FDD","FIRST TRUST STOXX EUROPE","FDD","FIRST TRUST STOXX EURO SELECT","NYSE"
"FDEC","FT VEST U.S. EQUITY BUFFER E","FDEC","FT CBOE VEST US EQUITY BUFFER ETF DEC","BATS"
"FDEM","FIDELITY EMRG MRKT MULTIFACT","FDEM","FIDELITY TARGETED EMERGING MARKETS FACTOR ETF","BATS"
"FDEV","FIDELITY INTL MULTIFACT ETF","FDEV","FIDELITY TARGETED INTERNATIONAL FACTOR ETF","BATS"
"FDFF","FIDELITY DISRUPT FINAN ETF","FDFF","FIDELITY DISRUPTIVE FINANCE ETF","NASDAQ"
"FDG","AMERICAN CENTURY FOCUSED DYN","FDG","AMERICAN CENTURY FOCUSED DYNAMIC GROWTH ETF","NYSE"
"FDHY","FIDELITY ENH HI YLD ETF","FDHY","FIDELITY ENHANCED HIGH YIELD ETF","NYSE"
"FDIF","FIDELITY DISRUPTORS ETF","FDIF","FIDELITY DISRUPTORS ETF","NASDAQ"
"FDIG","FIDELITY CRYPTO INDU & DGTL","FDIG","FIDELITY CRYPTO INDUSTRY AND DIGITAL PAYMENTS ETF","NASDAQ"
"FDIQ","INV BLB FIN DATA PRV ETF-USI","FDIQ","INVESCO BLOOMBERG FINANCIAL DATA PROVIDERS ETF","NASDAQ"
"FDIS","FIDELITY MSCI CONS DISCR IND","FDIS","FIDELITY MSCI CONSUMER DISCRET","NYSE"
"FDIV","MARKETDSK FOCUSED US DVD ETF","FDIV","MARKETDESK FOCUSED U.S. DIVIDEND ETF","NASDAQ"
"FDL","FIRST TRUST MORN DVD LEAD IN","FDL","FIRST TRUST MORNINGSTAR DIV LE","NYSE"
"FDLO","FIDELITY LOW VOLAT FACT ETF","FDLO","FIDELITY LOW VTLTY FACTOR","NYSE"
"FDLS","INSPIRE FIDELIS MULTI FACTOR","FDLS","INSPIRE FIDELIS MULTI FACTOR ETF","NYSE"
"FDM","FIRST TRUST DOW J SELECT MIC","FDM","FIRST TRUST DOW JONES SELECT M","NYSE"
"FDMO","FIDELITY MOMENTUM FACTOR ETF","FDMO","FIDELITY MOMENTUM FACTOR","NYSE"
"FDMT","4D MOLECULAR THERAPEUTICS IN","FDMT","4D MOLECULAR THERAPEUTICS, INC.","NASDAQ"
"FDN","FIRST TRUST DJ INTERNET IND","FDN","FIRST TRUST DOW JONES INTERNET","NYSE"
"FDND","FTVESTDJINTRNT & TARGINC ETF","FDND","FT VEST DOW JONES INTERNET & TARGET INCOME ETF","BATS"
"FDNI","FIRST TRUST DOW JONES INTL","FDNI","FIRST TR DOW JONES INTERNATIONAL INTERNET ETF","NASDAQ"
"FDP","FRESH DEL MONTE PRODUCE INC","FDP","FRESH DEL MONTE PRODUCE","NYSE"
"FDRR","FIDELITY DIV ETF RISE RATES","FDRR","FIDELITY DVDND RAISING RATES","NYSE"
"FDRS","FOUNDER-LED ETF","FDRS","FOUNDER-LED ETF","NASDAQ"
"FDRV","FIDELITY ELECTR VEH & FUT TR","FDRV","FIDELITY EV AND FUTURE TRANSPORTATION ETF","BATS"
"FDS","FACTSET RESEARCH SYSTEMS INC","FDS","FACTSET RESEARCH SYSTEMS","NYSE"
"FDSB","FIFTH DISTRICT BANCORP INC","FDSB","FIFTH DISTRICT BANCORP, INC.","NASDAQ"
"FDT","FIRST TRUST DEVELP MKT EX-US","FDT","FIRST TRUST DEV MARKETS EX-US","NASDAQ"
"FDTS","FIRST TRUST DEVELOPED MARKET","FDTS","FIRST TRUST DEV MKTS EX-US SC","NASDAQ"
"FDTX","FIDELITY DISRUPT TECH ETF","FDTX","FIDELITY DISRUPTIVE TECHNOLOGY ETF","NASDAQ"
"FDUS","FIDUS INVESTMENT CORP","FDUS","FIDUS INVESTMENT","NASDAQ"
"FDV","FED HERMES US STRAT DIV ETF","FDV","FEDERATED HERMES ETF TRUST US STRATEGIC DIV ETF","NYSE"
"FDVV","FIDELITY HIGH DIVIDEND ETF","FDVV","FIDELITY HIGH TRUST ETF","NYSE"
"FDX","FEDEX CORPORATION","FDX","FEDEX","NYSE"
"FE","FIRSTENERGY CORP","FE","FIRSTENERGY","NYSE"
"FEAC","FIDELITY ENH US ALL CAP EQ","FEAC","FIDELITY ENHANCED US ALL-CAP EQUITY ETF","NYSE"
"FEAM","5E ADVANCED MATERIALS INC","FEAM","5E ADVANCED MATERIALS, INC.","NASDAQ"
"FEAT","YIELDMAX DWF 5 INCOME ETF","FEAT","YIELDMAX DORSEY WRIGHT FEATURED 5 INCOME ETF","NASDAQ"
"FEBM","FT VEST US EQ MAX BUF FEB","FEBM","FIRST TR VIII VEST US EQUITY MAX BUFFER FEB","BATS"
"FEBO","FENBO HOLDINGS LTD-CLASS A","FEBO","FENBO HOLDINGS LIMITED CLASS A","NASDAQ"
"FEBP","PGIM S&P 500 BUFFER 12 ETF -","FEBP","PGIM US LARGE-CAP BUFFER 12 ETF JAN FEB","BATS"
"FEBT","ALLIANZIM US EQ BFFR10 FB-US","FEBT","AIM PDT TR ALLIANZIM US LARGE CAP BUFFER10","BATS"
"FEBU","ALLIANZIM US BF15 UNCAP FEB","FEBU","ALLIANZIM U.S. EQUITY BUFFER15 UNCAPPED FEB ETF","BATS"
"FEBW","ALIANZIM US EQ BFR20 FEB-USD","FEBW","AIM PDT TR ALLIANZIM US LARGE CAP BUFFER20","BATS"
"FEBZ","TRUESHARES STRUCT OUTCOM FEB","FEBZ","TRUESHARES STRUCTURED OUTCOME (FEB) ETF","BATS"
"FEDM","FLEXSHARES ESG & CLIMATE US","FEDM","FLEXSHARES ESG & CLIMATE DEVELOPED MARKETS EX-US C","NYSE"
"FEDU","FOUR SEASONS EDUCATION CAYMA","FEDU","FOUR SEASONS EDUCATION INC","NYSE"
"FEED","ENVUE MEDICAL INC","FEED","ENVUE MEDICAL, INC.","NASDAQ"
"FEGE","FIRST EAGLE GL EQUITY ETF","FEGE","FIRST EAGLE GLOBAL EQUITY ETF","NYSE"
"FEIM","FREQUENCY ELECTRONICS INC","FEIM","FREQUENCY ELECTRONICS","NASDAQ"
"FELC","FIDELITY ENH LRG CAP COR ETF","FELC","FIDELITY ENHANCED LARGE CAP CORE ETF","NYSE"
"FELE","FRANKLIN ELECTRIC CO INC","FELE","FRANKLIN ELECTRIC","NASDAQ"
"FELG","FIDELITY ENH LRG CAP GWTH","FELG","FIDELITY ENHANCED LARGE CAP GROWTH ETF","NYSE"
"FELV","FIDELITY ENH LRG CAP VAL ETF","FELV","FIDELITY ENHANCED LARGE CAP VALUE ETF","NYSE"
"FEM","FIRST TRUST EMERGING MARKETS","FEM","FIRST TRUST EMERGING MARKETS A","NASDAQ"
"FEMB","FIRST TRUST EMERGING MARKETS","FEMB","FIRST TRUST EMG MKTS LOCAL CUR","NASDAQ"
"FEMR","FIDELITY ENH EMR MRKT ETF","FEMR","FIDELITY ENHANCED EMERGING MARKETS ETF","NYSE"
"FEMS","FIRST TRUST EMERGING MARKETS","FEMS","FIRST TRUST EMERGING MARKETS S","NASDAQ"
"FEMY","FEMASYS INC","FEMY","FEMASYS INC. COMMON STOCK","NASDAQ"
"FENC","FENNEC PHARMACEUTICALS INC","FENC","FENNEC PHARMACEUTICALS INC.","NASDAQ"
"FENG","PHOENIX NEW MEDIA LTD -ADR","FENG","PHOENIX NEW MEDIA","NYSE"
"FENI","FIDELITY ENHANCED INTL ETF","FENI","FIDELITY ENHANCED INTERNATIONAL ETF","NYSE"
"FENY","FIDELITY MSCI ENERGY INDEX","FENY","FIDELITY MSCI ENERGY IND","NYSE"
"FEOE","FIRST EAGLE OVERSEAS EQ ETF","FEOE","FIRST EAGLE OVERSEAS EQUITY ETF","NYSE"
"FEP","FIRST TRUST EUROPE","FEP","FIRST TRUST EUROPE ALPHADEX","NASDAQ"
"FEPI","REX FANG INNOV PREM INC ETF","FEPI","REX FANG & INNOVATION EQUITY PREMIUM INCOME ETF","NASDAQ"
"FER","FERROVIAL SE","FER","FERROVIAL SE","NASDAQ"
"FERA","FIFTH ERA ACQUISITION CORP-A","FERA","FIFTH ERA ACQUISITION CORP I CLASS A","NASDAQ"
"FERAU","FIFTH ERA ACQUISITION CORP I","FERAU","FIFTH ERA ACQUISITION CORP I UNT","NASDAQ"
"FERG","FERGUSON ENTERPRISES INC","FERG","FERGUSON PLC","NYSE"
"FESM","FIDELITY ENH SM CAP ETF","FESM","FIDELITY ENHANCED SMALL CAP ETF","NYSE"
"FET","FORUM ENERGY TECHNOLOGIES IN","FET","FORUM ENERGY TECHNOLOGIES","NYSE"
"FETH","FIDELITY ETHEREUM FUND","FETH","FIDELITY ETHEREUM FUND","BATS"
"FEUS","FLEXSHARES ESG & CLIMATE US","FEUS","FLEXSHARES ESG & CLIMATE US LARGE CAP CORE FUND","NYSE"
"FEUZ","FIRST TRUST EUROZONE ALPHADE","FEUZ","FIRST TRUST EUROZONE ALPHADEX","NASDAQ"
"FEX","FIRST TRUST LARGE CAP CORE A","FEX","FIRST TRUST LARGE CAP CORE ALP","NASDAQ"
"FEZ","STATE STREET SPDR EURO STOXX","FEZ","STATE ST SPDR EURO STOXX 50","NYSE"
"FF","FUTUREFUEL CORP","FF","FUTUREFUEL","NYSE"
"FFA","FIRST TRUST ENHAN EQTY INC","FFA","FIRST TRUST ENHANCED EQUITY IN","NYSE"
"FFAI","FARADAY FUTURE INTELLIGENT E","FFAI","FARADAY FUTURE INTELLIGENT ELECTRIC INC. CLASS A","NASDAQ"
"FFBC","FIRST FINANCIAL BANCORP","FFBC","FIRST FINANCIAL BANCORP","NASDAQ"
"FFC","FLAHERTY & CRUMRINE PREF INC","FFC","FLAHERTY & CRUMRINE PF AND INCOME SECURITIES FUND","NYSE"
"FFDI","FIDELITY FNDMNT DEV INTL ETF","FFDI","FIDELITY FUNDAMENTAL DEVELOPED INTERNATIONAL ETF","BATS"
"FFEB","FT VEST US EQUITY BUFFER ETF","FFEB","FT CBOE VEST US EQUITY BUFFER ETF - FEB","BATS"
"FFEM","FIDELITY FNDMNTL EM MRK ETF","FFEM","FIDELITY FUNDAMENTAL EMERGING MARKETS ETF","BATS"
"FFF","FOUNDERS 100 ETF","FFF","FOUNDERS 100 ETF","BATS"
"FFGX","FIDELITY FNDMNTL GLBL EX-US","FFGX","FIDELITY FUNDAMENTAL GLOBAL EX-U.S. ETF","BATS"
"FFIC","FLUSHING FINANCIAL CORP","FFIC","FLUSHING FINANCIAL","NASDAQ"
"FFIN","FIRST FINL BANKSHARES INC","FFIN","FIRST FINANCIAL BANKSHS","NASDAQ"
"FFIU","UVA UNCONSTRAINED MEDIUM-TER","FFIU","UVA UNCONSTRAINED MEDIUM-TERM FIXED INCOME ETF","NYSE"
"FFIV","F5 INC","FFIV","F5 INC","NASDAQ"
"FFLC","FIDELITY FNDMNTL L-C COR ETF","FFLC","FIDELITY FUNDAMENTAL LARGE CAP CORE ETF","BATS"
"FFLG","FIDELITY FNDMNTL L-C GRW ETF","FFLG","FIDELITY FUNDAMENTAL LARGE CAP GROWTH ETF","BATS"
"FFLS","FUTURE FUND LONG-SHORT ETF","FFLS","FUTURE FUND LONG/SHORT ETF","NYSE"
"FFND","ONE GLOBAL ETF","FFND","ONE GLOBAL ETF","NYSE"
"FFOG","FRANKLIN FOCUSED GROWTH","FFOG","FRANKLIN TEMPLETON TRUST FRANKLIN FOCUSED GROWTH","BATS"
"FFOX","FUNDX FUTURE FUND OPP ETF","FFOX","FUNDX FUTURE FUND OPPORTUNITIES ETF","NYSE"
"FFSM","FIDELITY FNDM SM MID CAP ETF","FFSM","FIDELITY FUNDAMENTAL SMALL-MID CAP ETF","BATS"
"FFTY","INNOVATOR IBD 50 ETF","FFTY","ACADEMY FUNDS INNOVATOR IBD 50","NYSE"
"FG","F&G ANNUITIES & LIFE INC","FG","F&G ANNUITIES & LIFE, INC.","NYSE"
"FGBI","FIRST GUARANTY BANCSHARES IN","FGBI","FIRST GUARANTY BANCSHARES, INC.","NASDAQ"
"FGBIP","FIRST GUARANTY BACSHRS","FGBIP","FIRST GUARANTY BANCSHARES, INC. 6.75% SERIES A PF","NASDAQ"
"FGD","FIRST TRUST DJ GL SEL DVD","FGD","FIRST TRUST DJ GLOBAL SELECT D","NYSE"
"FGDL","FRANKLIN RESP SOURCED GOLD","FGDL","FRANKLIN RESPONSIBLY SOURCED GOLD ETF","NYSE"
"FGI","FGI INDUSTRIES LTD","FGI","FGI INDUSTRIES LTD.","NASDAQ"
"FGII","FG IMPERII ACQUISITION-CL A","FGII","FG IMPERII ACQUISITION CORP. CLASS A","NASDAQ"
"FGIIU","FG IMPERII ACQUISITION CORP","FGIIU","FG IMPERII ACQUISITION CORP. UNT","NASDAQ"
"FGL","FOUNDER GROUP LTD-A","FGL","FOUNDER GROUP LIMITED CLASS A","NASDAQ"
"FGM","FIRST TRUST GERMANY","FGM","FIRST TRUST GERMANY ALPHADEX FUND","NASDAQ"
"FGMC","FG MERGER II CORP","FGMC","FG MERGER II CORP.","NASDAQ"
"FGMCU","FG MERGER II CORP","FGMCU","FG MERGER II CORP. UNT","NASDAQ"
"FGN","F&G ANNUITIES & LIFE INC","FGN","F&G ANNUITIES & LIFE INC 7.95% NTS","NYSE"
"FGNX","FG NEXUS INC","FGNX","FG NEXUS INC.","NASDAQ"
"FGNXP","FG FINANCIAL GROUP INC","FGNXP","FG NEXUS INC. 8.00% PF","NASDAQ"
"FGRU","T-REX 2X LONG FIGR DA TA ETF","FGRU","","BATS"
"FGSM","FRONTIER GLOBAL SMAL CAP ETF","FGSM","FRONTIER ASSET GLOBAL SMALL CAP EQUITY ETF","NYSE"
"FGSN","F&G ANNUITIES & LIFE INC","FGSN","F&G ANNUITIES & LIFE INC 7.3% NTS","NYSE"
"FHB","FIRST HAWAIIAN INC","FHB","FIRST HAWAIIAN, INC. COMMON STOCK","NASDAQ"
"FHDG","FTEQUITY QRTRLY DYN BUFF ETF","FHDG","FT VEST US EQUITY QUARTERLY DYNAMIC BUFFER ETF","BATS"
"FHEQ","FIDELITY HEDGED EQUITY ETF","FHEQ","FIDELITY HEDGED EQUITY ETF","BATS"
"FHI","FEDERATED HERMES INC","FHI","FEDERATED HERMES","NYSE"
"FHLC","FIDELITY MSCI HEALTH CARE","FHLC","FIDELITY MSCI HEALTH CARE IND","NYSE"
"FHN","FIRST HORIZON CORP","FHN","FIRST HORIZON CORP","NYSE"
"FHTX","FOGHORN THERAPEUTICS INC","FHTX","FOGHORN THERAPEUTICS INC. COMMON STOCK","NASDAQ"
"FHYS","FED HERMES SHRT DUR HI YIELD","FHYS","FEDERATED HERMES TRUST SHORT DURATION HI YLD","NYSE"
"FIAT","YLDMX SHRT COIN OPT INC STR","FIAT","YIELDMAX SHORT COIN OPTION INCOME STRATEGY ETF","NYSE"
"FIBK","FIRST INTERSTATE BANCSYS-A","FIBK","FIRST INTERSTATE BANC","NASDAQ"
"FICO","FAIR ISAAC CORP","FICO","FAIR ISAAC","NYSE"
"FICS","FT INTERNATIONAL DEV CAP STR","FICS","FIRST TR INTL DEVELOPED CAPITAL STRENGTH ETF","NASDAQ"
"FID","FIRST TRUST S&P INTERNATIONA","FID","FIRST TR S&P INTL DIV ARISTOCRATS ETF","NASDAQ"
"FIDI","FIDELITY INTL HI DIV ETF","FIDI","FIDELITY INT'L HIGH DIVIDEND ETF","NYSE"
"FIDU","FIDELITY MSCI INDUST INDX","FIDU","FIDELITY MSCI INDUSTRIALS IND","NYSE"
"FIEE","FIEE INC","FIEE","FIEE, INC","NASDAQ"
"FIG","FIGMA INC-CL A","FIG","FIGMA INC","NYSE"
"FIGB","FIDELITY INVEST GRD BND ETF","FIGB","FIDELITY INVESTMENT GRADE BOND ETF","NYSE"
"FIGG","LEVERAGE SHARES 2X FIG ETF","FIGG","LEVERAGE SHARES 2X LONG FIG DAILY ETF","NASDAQ"
"FIGR","FIGURE TECHNOLOGY SOLUT-CL A","FIGR","FIGURE TECHNOLOGY SOLUTIONS, INC. CLASS A","NASDAQ"
"FIGS","FIGS INC-CLASS A","FIGS","FIGS INC","NYSE"
"FIGX","FIGX CAPITAL ACQUISITION C-A","FIGX","FIGX CAPITAL ACQUISITION CORP. CLASS A","NASDAQ"
"FIGXU","FIGX CAPITAL ACQUISITION COR","FIGXU","FIGX CAPITAL ACQUISITION CORP. UNT","NASDAQ"
"FIHL","FIDELIS INSURANCE HOLDINGS L","FIHL","FIDELIS INSURANCE HOLDINGS LIMITED","NYSE"
"FIIG","FT INTERMED DUR IG CORP ETF","FIIG","FIRST TRUST INTERMEDIATE DUR INV GRADE CORP ETF","NYSE"
"FINS","ANGEL OAK FINANC STRAT INC","FINS","ANGEL OAK FINANCIAL STRATEGIES INCOME TERM TRUST","NYSE"
"FINT","FRONTIER AST T INATION E ETF","FINT","FRONTIER ASSET TOTAL INTERNATIONAL EQUITY ETF","NYSE"
"FINV","FINVOLUTION GROUP-ADR","FINV","FINVOLUTION GROUP","NYSE"
"FINW","FINWISE BANCORP","FINW","FINWISE BANCORP COMMON STOCK","NASDAQ"
"FINX","GLOBAL X FINTECH ETF","FINX","GLOBAL X FINTECH ETF","NASDAQ"
"FIP","FTAI INFRASTRUCTURE INC","FIP","FTAI INFRASTRUCTURE INC.","NASDAQ"
"FIS","FIDELITY NATIONAL INFO SERV","FIS","FIDELITY NATIONAL INFO","NYSE"
"FISI","FINANCIAL INSTITUTIONS INC","FISI","FINANCIAL INSTITUTIONS","NASDAQ"
"FISK","EMPIRE STATE REALTY OP -S250","FISK","EMPIRE STATE REALTY OP L.P SERIES 250 UTS","NYSE"
"FISR","SS FI SECTOR ROTATION","FISR","STATE ST FIXED INCOME SECTOR ROTATION ETF","NYSE"
"FISV","FISERV INC","FISV","FISERV, INC.","NASDAQ"
"FITB","FIFTH THIRD BANCORP","FITB","FIFTH THIRD BANCORP","NASDAQ"
"FITBI","FIFTH THIRD BANCORP DEPO SHS REPSTG","FITBI","FIFTH THIRD BANCORP DEPOSITARY","NASDAQ"
"FITBM","FIFTH THIRD BANCORP","FITBM","FIFTH THIRD BANCORP DS (A 1/40 6.875% PF SERIES M)","NASDAQ"
"FITBO","FIFTH THIRD BANCORP","FITBO","FIFTH THIRD BANCORP SER K PFD","NASDAQ"
"FITBP","FIFTH THIRD BANK 6 PERP PFD","FITBP","FIFTH THIRD BANCORP CLASS B PFD","NASDAQ"
"FITE","SS SPDR S&P KENSHO FS ETF","FITE","STATE ST SPDR S&P KENSHO FUTURE SECURITY ETF","NYSE"
"FIVA","FIDELITY INTL VAL FACT ETF","FIVA","FIDELITY INT'L VALUE FACTOR ETF","NYSE"
"FIVE","FIVE BELOW","FIVE","FIVE BELOW INC","NASDAQ"
"FIVN","FIVE9 INC","FIVN","FIVE9, INC. COMMON STOCK","NASDAQ"
"FIVY","YIELDMAX DORSEY WH 5 INC ETF","FIVY","YIELDMAX DORSEY WRIGHT HYBRID 5 INCOME ETF","NASDAQ"
"FIW","FIRST TRUST WATER ETF","FIW","FIRST TRUST WATER ETF","NYSE"
"FIX","COMFORT SYSTEMS USA INC","FIX","COMFORT SYSTEMS","NYSE"
"FIXD","FIRST TRUST SMITH OPPORTUNIS","FIXD","FIRST TR SMITH OPPORTUNISTIC FIXED INCOME ETF","NASDAQ"
"FIXP","FOLIOBEYOND ENHNCD F PRE ETF","FIXP","FOLIOBEYOND ENHANCED FIXED INCOME PREMIUM ETF","NYSE"
"FIZZ","NATIONAL BEVERAGE CORP","FIZZ","NATIONAL BEVERAGE","NASDAQ"
"FJAN","FT VEST U.S. EQUITY BUFFER E","FJAN","FT CBOE VEST US EQUITY BUFFER ETF - JAN","BATS"
"FJET","STARFIGHTERS SPACE INC","FJET","STARFIGHTERS SPACE INC","NYSE_AMERICAN"
"FJUL","FT VEST US EQUITY BUFFER ETF","FJUL","FT CBOE VEST U.S. EQUITY BUFFER ETF JUL","BATS"
"FJUN","FT VEST US EQUITY BUFF ETF-J","FJUN","FT CBOE VEST US EQUITY BUFFER ETF JUNE","BATS"
"FKU","FIRST TRUST UNITED KINGDOM","FKU","FIRST TR UNITED KINGDOM ALPHADEX FUND","NASDAQ"
"FKWL","FRANKLIN WIRELESS CORP","FKWL","FRANKLIN WIRELESS CORP. COMMON STOCK","NASDAQ"
"FLAG","GLB X SP 500 US M L T 50 ETF","FLAG","GLOBAL X S&P 500 US MARKET LEADERS TOP 50 ETF","NYSE"
"FLAO","ALLIANZIM US 6M FL5 APR-OCT","FLAO","ALLIANZI M US EQUITY 6 MONTH FLOOR5 APR/OCT ETF","BATS"
"FLAU","FRANKLIN FTSE AUSTRALIA ETF","FLAU","FRANKLIN FTSE AUSTRALIA ETF","NYSE"
"FLAX","FRANKLIN FTSE ASIA EX JAPAN","FLAX","FRANKLIN FTSE ASIA EX JAPAN ETF","NYSE"
"FLBL","FRANKLIN SENIOR LOAN ETF","FLBL","FRANKLIN LIBERTY SENIOR LOAN ETF","BATS"
"FLBR","FRANKLIN FTSE BRAZIL ETF","FLBR","FRANKLIN FTSE BRAZIL ETF","NYSE"
"FLC","FLAHERTY & CRUMRINE TTL RTRN","FLC","FLAHERTY & CRUMRINE TOT RETURN","NYSE"
"FLCA","FRANKLIN FTSE CANADA ETF","FLCA","FRANKLIN FTSE CANADA ETF","NYSE"
"FLCB","FRANKLIN U.S. CORE BOND ETF","FLCB","FRANKLIN US CORE BOND ETF","NYSE"
"FLCC","FED HERMES LARGE CAP CORE","FLCC","FEDERATED HERMES MDT LARGE CAP CORE ETF","NYSE"
"FLCE","FRONTIER ASET US L CP EQ ETF","FLCE","FRONTIER ASSET US LARGE CAP EQUITY ETF","NYSE"
"FLCG","FED HERMES LARGE CAP GROWTH","FLCG","FEDERATED HERMES MDT LARGE CAP GROWTH ETF","NYSE"
"FLCH","FRANKLIN FTSE CHINA ETF","FLCH","FRANKLIN FTSE CHINA ETF","NYSE"
"FLCO","FRANKLIN INVESTMENT GRADE CO","FLCO","FRANKLIN INVSTMT GRADE CORP ETF","NYSE"
"FLCV","FED HERMES LARGE CAP VALUE","FLCV","FEDERATED HERMES MDT LARGE CAP GROWTH ETF","NYSE"
"FLD","FOLD HOLDINGS INC","FLD","FOLD HOLDINGS, INC. CLASS A","NASDAQ"
"FLDR","FIDELITY LOW DURAT FACT ETF","FLDR","FIDELITY LOW DURATION BOND FACT","BATS"
"FLDZ","RIVERNORTH PATRIOT ETF","FLDZ","RIVERNORTH PATRIOT ETF","BATS"
"FLEE","FRANKLIN FTSE EUROPE ETF","FLEE","FRANKLIN FTSE EUROPE ETF","NYSE"
"FLEU","FRANKLIN FTSE EUROZONE ETF","FLEU","FRANKLIN FTSE EUROZONE ETF","NYSE"
"FLEX","FLEX LTD","FLEX","FLEX LTD","NASDAQ"
"FLG","FLAGSTAR BANK NA","FLG","FLAGSTAR BANK NATIONAL ASSOCIATION","NYSE"
"FLGB","FRANKLIN FTSE UNITED KINGDOM","FLGB","FRANKLIN FTSE UNITED KINGDOM ETF","NYSE"
"FLGR","FRANKLIN FTSE GERMANY ETF","FLGR","FRANKLIN FTSE GERMANY ETF","NYSE"
"FLGT","FULGENT GENETICS INC","FLGT","FULGENT GENETICS, INC. COMMON STOCK","NASDAQ"
"FLGV","FRANKLIN U.S. TREASURY BOND","FLGV","FRANKLIN US TREASURY BOND ETF","NYSE"
"FLHY","FRANKLIN HIGH YIELD CORPORAT","FLHY","FRANKLIN LIBERTY HIGH YIELD CORPORATE ETF","BATS"
"FLIA","FRANKLIN INTERNATIONAL AGGRE","FLIA","FRANKLIN LIBERTY INTERNATIONAL AGGREGATE BOND ETF","BATS"
"FLIN","FRANKLIN FTSE INDIA ETF","FLIN","FRANKLIN FTSE INDIA ETF","NYSE"
"FLJH","FRANKLIN FTSE JPN HEDGED ETF","FLJH","FRANKLIN FTSE JAPAN HEDGED ETF","NYSE"
"FLJP","FRANKLIN FTSE JAPAN ETF","FLJP","FRANKLIN FTSE JAPAN ETF","NYSE"
"FLKR","FRANKLIN FTSE SOUTH KOREA","FLKR","FRANKLIN FTSE KOREA ETF","NYSE"
"FLL","FULL HOUSE RESORTS INC","FLL","FULL HOUSE RESORTS, INC. COMMO","NASDAQ"
"FLLA","FRANKLIN FTSE LATIN AMERICA","FLLA","FRANKLIN FTSE LATIN AMERICA ETF","NYSE"
"FLMI","FRANKLIN DYNAMIC MUNICIPAL B","FLMI","FRANKLIN DYNAMIC MUNICIPAL BOND ETF","NYSE"
"FLMX","FRANKLIN FTSE MEXICO ETF","FLMX","FRANKLIN FTSE MEXICO ETF","NYSE"
"FLN","FIRST TRUST LATIN AMERICA","FLN","FIRST TRUST LATIN AMERICA ALPH","NASDAQ"
"FLNA","FILANA THERAPEUTICS INC","FLNA","FILANA THERAPEUTICS, INC.","NASDAQ"
"FLNC","FLUENCE ENERGY INC","FLNC","FLUENCE ENERGY, INC. CLASS A","NASDAQ"
"FLNG","FLEX LNG LTD","FLNG","FLEX LNG LTD","NYSE"
"FLNT","FLUENT INC","FLNT","FLUENT, INC. COMMON STOCK","NASDAQ"
"FLO","FLOWERS FOODS INC","FLO","FLOWERS FOODS","NYSE"
"FLOC","FLOWCO HOLDINGS INC-CL A","FLOC","FLOWCO HOLDINGS INC","NYSE"
"FLOT","ISHARES FLOATING RATE BOND E","FLOT","ISHARES FLOATING RATE BOND ETF","BATS"
"FLOW","GLOBAL X US CF KINGS 100 ETF","FLOW","GLOBAL X US CASH FLOW KINGS 100 ETF","NYSE"
"FLQL","FRANKLIN U.S. LARGE CAP MULT","FLQL","FRANKLIN LIBERTYQ U.S. EQUITY ETF","BATS"
"FLQM","FRANKLIN U.S. MID CAP MULTIF","FLQM","FRANKLIN LIBERTYQ U.S. MID CAP EQ ETF","BATS"
"FLQS","FRANKLIN U.S. SMALL CAP MULT","FLQS","FRANKLIN LIBERTYQ U.S. SMALL CAP EQ ETF","BATS"
"FLR","FLUOR CORP","FLR","FLUOR","NYSE"
"FLRN","SS SPDR BB IG FLOAT RT ETF","FLRN","STATE ST SPDR BLOOMBERG INV GRADE FLOATING","NYSE"
"FLRT","PACER ARISTOTLE PACIFIC FLOA","FLRT","PACER ARISTOTLE PACIFIC FLOATING RATE HIGH INC","NYSE"
"FLS","FLOWSERVE CORP","FLS","FLOWSERVE","NYSE"
"FLSA","FRANKLIN FTSE SAUDI ARABIA","FLSA","FRANKLIN FTSE SAUDI ARABIA ETF","NYSE"
"FLSP","FRANKLIN SYSTEMATIC STYLE PR","FLSP","FRANKLIN SYSTEMATIC STYLE PREMIA ETF","NYSE"
"FLSW","FRANKLIN FTSE SWITZERLAND","FLSW","FRANKLIN FTSE SWITZERLAND ETF","NYSE"
"FLTB","FIDELITY LTD TRM BND ETF","FLTB","FIDELITY MERRIMACK STREET LTD","NYSE"
"FLTR","VANECK IG FLOATING RATE ETF","FLTR","VANECK IG FLOATING RATE ETF","NYSE"
"FLTW","FRANKLIN FTSE TAIWAN ETF","FLTW","FRANKLIN FTSE TAIWAN ETF","NYSE"
"FLUD","FRANKLIN ULTRA SHORT BOND ET","FLUD","FRANKLIN ULTRA SHORT BOND ETF","NYSE"
"FLUT","FLUTTER ENTERTAINMENT PLC-DI","FLUT","FLUTTER ENTERTAINMENT PLC","NYSE"
"FLUX","FLUX POWER HOLDINGS INC","FLUX","FLUX POWER HOLDINGS INC","NASDAQ"
"FLV","AMERICAN CENTURY FOCUSED LAR","FLV","AMERICAN CENTURY FOCUSED LARGE CAP VALUE ETF","NYSE"
"FLWS","1-800-FLOWERS.COM INC-CL A","FLWS","1-800 FLOWERS.COM","NASDAQ"
"FLX","BINGEX LTD","FLX","BINGEX LIMITED ADS","NASDAQ"
"FLXN","HORIZON FLEXIBLE INCOME ETF","FLXN","HORIZON FUNDS HORIZON FLEXIBLE INCOME ETF","BATS"
"FLXR","TCW FLEXIBLE INCOME ETF","FLXR","TCW FLEXIBLE INCOME ETF","NYSE"
"FLXS","FLEXSTEEL INDS","FLXS","FLEXSTEEL INDUSTRIES","NASDAQ"
"FLY","FIREFLY AEROSPACE INC","FLY","FIREFLY AEROSPACE INC.","NASDAQ"
"FLYD","MICROSECTORS TRAVEL 3X INLEV","FLYD","BANK OF MONTREAL MICROSCTRS TRAVEL -3X LVRGD ETN","NYSE"
"FLYE","FLY-E GROUP INC","FLYE","FLY-E GROUP, INC.","NASDAQ"
"FLYT","TRADR 2X LONG FLY DAILY ETF","FLYT","TRADR 2X LONG FLY DAILY ETF","BATS"
"FLYU","MICROSECTORS TRAVEL 3X LEVG","FLYU","MICROSECTORS TRAVEL 3X LEVERAGED ETN","NYSE"
"FLYW","FLYWIRE CORP-VOTING","FLYW","FLYWIRE CORPORATION VOTING COMMON STOCK","NASDAQ"
"FLYX","FLYEXCLUSIVE INC","FLYX","FLYEXCLUSIVE INC","NYSE_AMERICAN"
"FMACU","FUTURE MONEY ACQUISITION COR","FMACU","FUTURE MONEY ACQUISITION CORPORATION UNT","NASDAQ"
"FMAG","FIDELITY MAGELLAN ETF","FMAG","FIDELITY MAGELLAN ETF","BATS"
"FMAO","FARMERS & MERCHANTS BANCO-OH","FMAO","FARMERS & MERCHANTS BANCORP, INC.","NASDAQ"
"FMAR","FT VEST US EQUITY BUFFER ETF -","FMAR","FT CBOE VEST US EQUITY BUFFER ETF MARCH","BATS"
"FMAT","FIDELITY MSCI MATERIALS INDX","FMAT","FIDELITY MSCI MATERIALS IND","NYSE"
"FMAY","FT VEST US EQUITY BUFFER ETF -","FMAY","FT CBOE VEST US EQUITY BUFFER ETF - MAY","BATS"
"FMB","FIRST TRUST MANAGED MUNICIPA","FMB","FIRST TRUST MANAGED MUNICIPAL","NASDAQ"
"FMBH","FIRST MID BANCSHARES INC","FMBH","FIRST MID BANCSHARES INC","NASDAQ"
"FMC","FMC CORP","FMC","FMC","NYSE"
"FMCE","FM COMPOUNDERS EQUITY ETF","FMCE","FM COMPOUNDERS EQUITY ETF","NYSE"
"FMDE","FIDELITY ENH MID CAP ETF","FMDE","FIDELITY ENHANCED MID CAP ETF","NYSE"
"FMED","FIDELITY DISRUPT MEDICIN ETF","FMED","FIDELITY DISRUPTIVE MEDICINE ETF","NASDAQ"
"FMET","FIDELITY METAVERSE ETF","FMET","FIDELITY METAVERSE ETF","NASDAQ"
"FMF","FIRST TRUST MANAGED FUTURES","FMF","FIRST TRUST MANAGED FUTURES STRATEGY","NYSE"
"FMFC","KANDAL M VENTURE LTD-A","FMFC","KANDAL M VENTURE LIMITED CLASS A","NASDAQ"
"FMHI","FIRST TRUST MUNICIPAL HIGH I","FMHI","FIRST TRUST MUNICIPAL HIGH INCOME ETF","NASDAQ"
"FMKT","THE FREE MARKETS ETF","FMKT","FREE MARKETS ETF","NYSE"
"FMN","FEDERATED HERM PREM MUNI INC","FMN","FEDERATED HERMES PREMIER MUNI INCOME","NYSE"
"FMNB","FARMERS NATL BANC CORP","FMNB","FARMERS NATIONAL BANC","NASDAQ"
"FMNY","FIRST TRUST NY MUNI HIGH INC","FMNY","FIRST TR NEW YORK MUNICIPAL HIGH INCOME ETF","NYSE"
"FMQQ","FMQQ THE NEXT FRON INT-USD I","FMQQ","FMQQ THE NEXT FRONTIER INTERNET ETF","NYSE"
"FMS","FRESENIUS MEDICAL CARE-ADR","FMS","FRESENIUS MED CARE AG","NYSE"
"FMST","FOREMOST CLEAN ENERGY LTD","FMST","FOREMOST LITHIUM RESOURCE & TECHNOLOGY LTD.","NASDAQ"
"FMTL","FT INDXX CRITICAL METALS ETF","FMTL","FIRST TRUST INDXX CRITICAL METALS ETF","NYSE"
"FMTM","MRKTDSK FOC US MMNTM ETF","FMTM","MARKETDESK FOCUSED U.S. MOMENTUM ETF","NASDAQ"
"FMUB","FIDELITY MUNI BND OPP ETF","FMUB","FIDELITY MUNI BND OPPORTUNITIES ETF","NASDAQ"
"FMUN","FIDELITY SYSTEM MUNI BND ETF","FMUN","FIDELITY SYSTEMATIC MUNI BND ETF","NASDAQ"
"FMX","FOMENTO ECONOMICO MEX-SP ADR","FMX","FOMENTO ECONOMICO","NYSE"
"FMY","FIRST TRUST MORTGAGE INCOME","FMY","FIRST TRUST MORTGAGE INCOME CO","NYSE"
"FN","FABRINET","FN","FABRINET","NYSE"
"FNB","FNB CORP","FNB","F.N.B.","NYSE"
"FNCL","FIDELITY MSCI FINANCIAL INDX","FNCL","FIDELITY MSCI FINANCIALS IND","NYSE"
"FND","FLOOR & DECOR HOLDINGS INC-A","FND","FLOOR & DECOR HOLDINGS INC","NYSE"
"FNDA","SCHWAB FNDMNTL US SM CO ETF","FNDA","SCHWAB FUNDAMENTAL US SMALL COMPANY ETF","NYSE"
"FNDB","SCHWAB FNDMNTL US BRD MR ETF","FNDB","SCHWAB FUNDAMENTAL US BROAD MARKET ETF","NYSE"
"FNDC","SCHWAB FNDMNT INTL SM EQ ETF","FNDC","SCHWAB FUNDAMENTAL INTERNATIONAL SMALL EQUITY ETF","NYSE"
"FNDE","SCHWAB FNDMNTL EM MRK EQ ETF","FNDE","SCHWAB FUNDAMENTAL EMERGING MARKETS EQUITY ETF","NYSE"
"FNDF","SCHWAB FNDMN INTL LRG CO ETF","FNDF","SCHWAB FUNDAMENTAL INTERNATIONAL EQUITY ETF","NYSE"
"FNDX","SCHWAB FNDMNTL US LRG CO ETF","FNDX","SCHWAB FUNDAMENTAL US LARGE COMPANY ETF","NYSE"
"FNF","FIDELITY NATIONAL FINANCIAL","FNF","FIDELITY NATIONAL FINANCIAL IN","NYSE"
"FNGD","MICROSECTORS FANG+ INDEX -3X","FNGD","MICROSECTORS FANG -3X LEVERAGED ETNS DUE 1/8/38","NYSE"
"FNGG","DIREXION DAILY NYSE FANG+ BU","FNGG","DIREXION DAILY NYSE FANG+ BULL 2X ETF","NYSE"
"FNGO","MICROSECTORS FANG INDEX 2X L","FNGO","MICROSECTORS FANG 2X LEVERAGED ETNS DUE 1/8/38","NYSE"
"FNGR","FINGERMOTION INC","FNGR","FINGERMOTION, INC. COMMON STOCK","NASDAQ"
"FNGS","MICROSECTORS FANG+ ETNS","FNGS","MICROSECTORS FANG+ ETNS DUE JAN 8 2038","NYSE"
"FNGU","MS FANG+ 3X LEVERAGED ETN","FNGU","MICROSECTORS FANG+ 3 LEVERAGED ETN 2/17/45","NYSE"
"FNKO","FUNKO INC-CLASS A","FNKO","FUNKO, INC. CLASS A COMMON STOCK","NASDAQ"
"FNLC","FIRST BANCORP INC-ME","FNLC","FIRST BANCORP, INC. (ME)","NASDAQ"
"FNOV","FT VEST US EQUITY BUFFER ETF -","FNOV","FT CBOE VEST US EQUITY BUFFER ETF - NOV","BATS"
"FNUC","FRONTIER NUCLEAR AND MINERAL","FNUC","FRONTIER NUCLEAR AND MINERALS INC.","NASDAQ"
"FNV","FRANCO-NEVADA CORP","FNV","FRANCO-NEVADA","NYSE"
"FNWB","FIRST NORTHWEST BANCORP","FNWB","FIRST NORTHWEST BANCORP","NASDAQ"
"FNWD","FINWARD BANCORP","FNWD","FINWARD BANCORP COMMON STOCK","NASDAQ"
"FNX","FIRST TRUST MID CAP CORE ALP","FNX","FIRST TRUST MID CAP CORE ALPHA","NASDAQ"
"FNY","FIRST TRUST MID CAP GROWTH","FNY","FIRST TRUST MID CAP GROWTH ALPHADEX ETF","NASDAQ"
"FOA","FINANCE OF AMERICA COS INC-A","FOA","FINANCE OF AMERICA COS INC","NYSE"
"FOCT","FT VEST U.S. EQUITY BUFFER E","FOCT","FT CBOE VEST US EQUITY BUFFER ETF OCT","BATS"
"FOF","COHEN & STEERS CLOSED-END OP","FOF","COHEN & STEERS CLOSED-END OPP","NYSE"
"FOFO","HANG FENG TECHNOLOGY INNOVAT","FOFO","HANG FENG TECHNOLOGY INNOVATION CO., LTD.","NASDAQ"
"FOLD","AMICUS THERAPEUTICS INC","FOLD","AMICUS THERAPEUTICS","NASDAQ"
"FONR","FONAR CORP","FONR","FONAR","NASDAQ"
"FOR","FORESTAR GROUP INC","FOR","FORESTAR GROUP","NYSE"
"FORA","FORIAN INC","FORA","FORIAN INC. COMMON STOCK","NASDAQ"
"FORH","FORMIDABLE ETF","FORH","FORMIDABLE ETF","BATS"
"FORM","FORMFACTOR INC","FORM","FORMFACTOR","NASDAQ"
"FORR","FORRESTER RESEARCH INC","FORR","FORRESTER RESEARCH","NASDAQ"
"FORTY","FORMULA SYSTEMS 1985-SP ADR","FORTY","FORMULA SYSTEMS","NASDAQ"
"FOSL","FOSSIL GROUP INC","FOSL","FOSSIL GROUP, INC. COMMON STOC","NASDAQ"
"FOUR","SHIFT4 PAYMENTS INC-CLASS A","FOUR","SHIFT4 PAYMENTS INC","NYSE"
"FOWF","PACER SOL WHIT FUTURE OF WAR","FOWF","PACER SOLACTIVE WHITNEY FUTURE OF WARFARE","BATS"
"FOX","FOX CORP - CLASS B","FOX","FOX CORP CLASS B","NASDAQ"
"FOXA","FOX CORP - CLASS A","FOXA","FOX CORP CLASS A","NASDAQ"
"FOXF","FOX FACTORY HOLDING CORP","FOXF","FOX FACTORY HOLDING CORP. COMM","NASDAQ"
"FOXX","FOXX DEVELOPMENT HOLDINGS IN","FOXX","FOXX DEVELOPMENT HOLDINGS INC.","NASDAQ"
"FOXY","SIMPLIFY CURRENCY STRTGY ETF","FOXY","SIMPLIFY CURRENCY STRATEGY ETF","NYSE"
"FPA","FIRST TRUST ASIA PAC EX-JAPN","FPA","FIRST TRUST ASIA PAC EX-JAP AL","NASDAQ"
"FPAG","FPA GLOBAL EQUITY ETF NEW","FPAG","FPA GLOBAL EQUITY ETF","BATS"
"FPE","FT-PREFERRED SECUR & INC ETF","FPE","FIRST TR PFD SECS & INCOME ETF","NYSE"
"FPEI","FIRST TRUST INSTITUTIONAL PR","FPEI","FIRST TRUST ETF III","NYSE"
"FPF","FIRST TR INTERM DUR & INC","FPF","FIRST TRUST INTERMEDIATE DURAT","NYSE"
"FPFD","FIDELITY PREFERRED SEC INC","FPFD","FIDELITY PF SECURITIES & INCOME ETF","BATS"
"FPH","FIVE POINT HOLDINGS LLC-CL A","FPH","FIVE POINT HOLDINGS LLC","NYSE"
"FPI","FARMLAND PARTNERS INC","FPI","FARMLAND PARTNERS INC","NYSE"
"FPS","FORGENT POWER SOLUTIONS INC","FPS","FORGENT POWER SOLUTIONS INC","NYSE"
"FPWR","FIRST TRUST EIP POWER SOLUTI","FPWR","FIRST TRUST EIP POWER SOLUTIONS ETF","NYSE"
"FPX","FIRST TRUST US EQUITY OPPORT","FPX","FIRST TRUST US EQUITY OPPTY ETF","NYSE"
"FPXE","FIRST TRUST IPOX EUROPE EQUI","FPXE","FIRST TR IPOX EUROPE EQUITY OPPORTUNITIES ETF","NASDAQ"
"FPXI","FIRST TRUST INTERNATIONAL EQ","FPXI","FIRST TRUST INTERNATIONAL IPO","NASDAQ"
"FQAL","FIDELITY QUALITY FACTOR ETF","FQAL","FIDELITY QUALITY FACTOR","NYSE"
"FR","FIRST INDUSTRIAL REALTY TR","FR","FIRST INDUSTRIAL REALTY","NYSE"
"FRA","BLACKROCK FLTNG RT INC STRAT","FRA","BLACKROCK FLOAT RATE STRAT COM","NYSE"
"FRAF","FRANKLIN FINANCIAL SERVICES","FRAF","FRANKLIN FINL SVCS CORP","NASDAQ"
"FRBA","FIRST BANK-HAMILTON NJ","FRBA","FIRST BANK WILLIAMSTOWN","NASDAQ"
"FRD","FRIEDMAN INDUSTRIES","FRD","FRIEDMAN INDUSTRIES INC.","NASDAQ"
"FRDM","FREEDOM 100 EMEGING MRKT ETF","FRDM","FREEDOM 100 EMERGING MARKETS ETF","BATS"
"FREL","FIDELITY MSCI RL EST INDX","FREL","FIDELITY COVINGTON MSCI REAL E","NYSE"
"FRGN","HORIZON INTERNATNL EQTY ETF","FRGN","HORIZON INTERNATIONAL EQUITY ETF","NYSE"
"FRGT","FREIGHT TECHNOLOGIES INC","FRGT","FREIGHT TECHNOLOGIES, INC.","NASDAQ"
"FRHC","FREEDOM HOLDING CORP-NV","FRHC","FREEDOM HOLDING CORP. COMMON STOCK","NASDAQ"
"FRI","FIRST TRUST S&P REIT INDEX F","FRI","FIRST TRUST S&P REIT IDX","NYSE"
"FRIZ","FRK DIVIDEND GROWTH ETF","FRIZ","FRANKLIN TEMPLETON FRANKLIN DIV GROWTH","NYSE"
"FRME","FIRST MERCHANTS CORP","FRME","FIRST MERCHANTS","NASDAQ"
"FRMEP","FIRST MERCHANTS CORP","FRMEP","FIRST MERCHANTS CORPORATION DS","NASDAQ"
"FRMI","FERMI INC","FRMI","FERMI INC.","NASDAQ"
"FRMM","FORUM MARKETS INC","FRMM","FORUM MARKETS, INCORPORATED","NASDAQ"
"FRNW","FIDELITY CLEAN ENERGY ETF","FRNW","FIDELITY CLEAN ENERGY ETF","BATS"
"FRO","FRONTLINE PLC","FRO","FRONTLINE PLC","NYSE"
"FROG","JFROG LTD","FROG","JFROG LTD. ORDINARY SHARES","NASDAQ"
"FRPH","FRP HOLDINGS INC","FRPH","FRP HOLDINGS, INC. COMMON STOC","NASDAQ"
"FRPT","FRESHPET INC","FRPT","FRESHPET, INC. COMMON STOCK","NASDAQ"
"FRSH","FRESHWORKS INC-CL A","FRSH","FRESHWORKS INC. CLASS A COMMON STOCK","NASDAQ"
"FRST","PRIMIS FINANCIAL CORP","FRST","PRIMIS FINANCIAL CORP","NASDAQ"
"FRSX","FORESIGHT AUTONOMOUS-SP ADR","FRSX","FORESIGHT AUTONOMOUS HOLDINGS LTD. ADS","NASDAQ"
"FRT","FEDERAL REALTY INVS TRUST","FRT","FEDERAL REALTY INVESTMENT","NYSE"
"FRTY","ALGER MID CAP 40 ETF","FRTY","ALGER MID CAP 40 ETF","NYSE"
"FSBC","FIVE STAR BANCORP","FSBC","FIVE STAR BANCORP COMMON STOCK","NASDAQ"
"FSBW","FS BANCORP INC","FSBW","FS BANCORP","NASDAQ"
"FSCC","FED HERMES SMALL CAP CORE","FSCC","FEDERATED HERMES MDT SMALL CAP CORE ETF","NYSE"
"FSCO","FS CREDIT OPPORTUNITIES CORP","FSCO","FS CREDIT OPPORTUNITIES CORP","NYSE"
"FSCS","FIRST TRUST SMID CAPITAL STR","FSCS","FIRST TR SMID CAPITAL STRENGTH ETF","NASDAQ"
"FSEA","FIRST SEACOAST BANCORP INC","FSEA","FIRST SEACOAST BANCORP COMMON STOCK","NASDAQ"
"FSEC","FIDELITY INVEST GRD SECUR","FSEC","FIDELITY INVESTMENT GRADE SECURITIZED ETF","NYSE"
"FSEP","FT VEST U.S. EQUITY BUFFER E","FSEP","FT CBOE VEST US EQUITY BUFFER ETF - SEP","BATS"
"FSGS","FIRST TRUST SMID GROWTH STRE","FSGS","FIRST TRUST SMID GROWTH STRENGTH ETF","NASDAQ"
"FSHP","FLAG SHIP ACQUISITION CORP","FSHP","FLAG SHIP ACQUISITION CORP.","NASDAQ"
"FSI","FLEXIBLE SOLUTIONS INTL INC","FSI","FLEXIBLE SOLUTIONS","NYSE_AMERICAN"
"FSIG","FT LTD DURATION INV GRADE","FSIG","FIRST TR LTD DURATION INVESTMENT GRADE CORP ETF","NYSE"
"FSK","FS KKR CAPITAL CORP","FSK","FS KKR CAPITAL CORP","NYSE"
"FSLR","FIRST SOLAR INC","FSLR","FIRST SOLAR INC","NASDAQ"
"FSLY","FASTLY INC - CLASS A","FSLY","FASTLY, INC. CLASS A","NASDAQ"
"FSM","FORTUNA MINING CORP","FSM","FORTUNA MINING CORP","NYSE"
"FSMB","FIRST TRUST SHORT DUR MANAG","FSMB","FIRST TR SHORT DURATION MNGD MUNICIPAL ETF","NYSE"
"FSMD","FIDELITY SMALL-MID MULTIFACT","FSMD","FIDELITY SMALL-MID MULTIFACTOR ETF","NYSE"
"FSML","FRANKLIN SMAL CAP ENHANC ETF","FSML","FRANKLIN SMALL CAP ENHANCED ETF","NYSE"
"FSOL","FIDELITY SOLANA FUND","FSOL","FIDELITY SOLANA FUND","NYSE"
"FSP","FRANKLIN STREET PROPERTIES C","FSP","FRANKLIN STREET PPTYS","NYSE_AMERICAN"
"FSS","FEDERAL SIGNAL CORP","FSS","FEDERAL SIGNAL","NYSE"
"FSSL","FS SPECIALTY LENDING FUND","FSSL","FS SPECIALTY LENDING FUND","NYSE"
"FSTA","FIDELITY MSCI CONS STAP INDX","FSTA","FIDELITY MSCI CONSUMER STAPLES","NYSE"
"FSTR","FOSTER (LB) CO-A","FSTR","LB FOSTER","NASDAQ"
"FSUN","FIRSTSUN CAPITAL BANCORP","FSUN","FIRSTSUN CAPITAL BANCORP","NASDAQ"
"FSV","FIRSTSERVICE CORP","FSV","FIRSTSERVICE CORPORATION","NASDAQ"
"FSYD","FIDELITY SUSTAIN HI YLD","FSYD","FIDELITY SUSTAINABLE HIGH YIELD ETF","NYSE"
"FSZ","FIRST TRUST SWITZERLAND","FSZ","FIRST TRUST SWITZERLAND ALPHADEX FUND","NASDAQ"
"FT","FRANKLIN UNIVERSAL TRUST","FT","FRANKLIN UNIVERSAL TRUST COMMO","NYSE"
"FTA","FIRST TRUST L C VAL ALP","FTA","FIRST TRUST LARGE CAP VALUE OP","NASDAQ"
"FTAG","FIRST TRUST INDXX GLOBAL AGR","FTAG","FIRST TR INDXX GLOBAL AGRICULTURE ETF","NASDAQ"
"FTAI","FTAI AVIATION LTD","FTAI","FORTRESS TRANSPORTATION AND INFRASTRUCTURE INVESTO","NASDAQ"
"FTAIM","FTAI AVIATION LTD","FTAIM","FTAI AVIATION LTD. 9.500% SERIES D PF","NASDAQ"
"FTAIN","FTAI AVIATION CUM PFD SHS SER C","FTAIN","FORTRESS TRANSPORTATION AND INFRASTRUCTURE SER C P","NASDAQ"
"FTBI","FIRST TRUST BALANCED INC ETF","FTBI","FIRST TRUST BALANCED INCOME ETF","NYSE"
"FTC","FIRST TRUST LARGE CAP GROWTH","FTC","FIRST TRUST LARGE CAP GR OPP A","NASDAQ"
"FTCA","FRANKLIN CA MUNI INC ETF","FTCA","FRANKLIN CALIFORNIA MUNICIPAL INCOME ETF","NYSE"
"FTCB","FT CORE INVESTMENT GRADE ETF","FTCB","FIRST TRUST CORE INVESTMENT GRADE ETF","NYSE"
"FTCE","FT NEW CONSTR COR EARN LDR","FTCE","FIRST TRUST NEW CONSTRUCTS CORE EARNINGS LEADERS","NYSE"
"FTCI","FTC SOLAR INC","FTCI","FTC SOLAR, INC. COMMON STOCK","NASDAQ"
"FTCS","FIRST TRUST CAPITAL STRENGTH","FTCS","FIRST TRUST CAPITAL STRENGTH E","NASDAQ"
"FTDR","FRONTDOOR INC","FTDR","FRONTDOOR, INC. COMMON STOCK","NASDAQ"
"FTDS","FIRST TRUST DIVIDEND STRENGT","FTDS","FIRST TRUST DIVIDEND STRENGTH ETF","NASDAQ"
"FTEC","FIDELITY MSCI INFO TECH INDX","FTEC","FIDELITY MSCI INFORMATION TECH","NYSE"
"FTEK","FUEL TECH INC","FTEK","FUEL TECH","NASDAQ"
"FTF","FRANKLIN LTD DUR INC TR","FTF","FRANKLIN LIMITED DURATION INCO","NYSE_AMERICAN"
"FTFT","FUTURE FINTECH GROUP INC","FTFT","FUTURE FINTECH GROUP INC. COMMON STOCK","NASDAQ"
"FTGC","FIRST TRUST GLOBAL TACTICAL","FTGC","FIRST TRUST GLOBAL TACTICAL CO","NASDAQ"
"FTGS","FIRST TRUST GRWTH STRGTH ETF","FTGS","FIRST TR GROWTH STRENGTH ETF","NASDAQ"
"FTHF","FT EM HUMAN FLOURISHING ETF","FTHF","FIRST TRUST EMERGING MARKETS HUMAN FLOURISHING","NYSE"
"FTHI","FTHI-FIRST TRUST EXCHANGE-TR","FTHI","FIRST TRUST HIGH INCOME ETF","NASDAQ"
"FTHM","FATHOM HOLDINGS INC","FTHM","FATHOM HOLDINGS INC. COMMON STOCK","NASDAQ"
"FTHY","FIRST TRUST HI YLD OPP 2027","FTHY","FIRST TR HI YLD OPPTY 2027 TERM FUND","NYSE"
"FTI","TECHNIPFMC PLC","FTI","TECHNICFMC PLC","NYSE"
"FTK","FLOTEK INDUSTRIES INC","FTK","FLOTEK INDUSTRIES","NYSE"
"FTKI","FT SMALLCAP BUYWRITE INC ETF","FTKI","FIRST TRUST SMALL CAP BUYWRITE INCOME ETF","NYSE"
"FTLF","FITLIFE BRANDS INC","FTLF","FITLIFE BRANDS, INC.","NASDAQ"
"FTLS","FIRST TRUST LONG-SHORT EQTY","FTLS","FIRST TRUST LONG SHORT EQUITY","NYSE"
"FTMA","FR MASSACHUSETTS MUN INC ETF","FTMA","FRANKLIN MASSACHUSETTS MUNICIPAL INCOME ETF","NYSE"
"FTMH","FR MUNI HIGH YIELD ETF","FTMH","FRANKLIN MUNICIPAL HIGH YIELD ETF","NYSE"
"FTMN","FR MINNESOTA MUNI INC ETF","FTMN","FRANKLIN MINNESOTA MUNICIPAL INCOME ETF","NYSE"
"FTMS","FR SHORT-TERM MUNI INC ETF","FTMS","FRANKLIN SHORT-TERM MUNICIPAL INCOME ETF","NYSE"
"FTMU","FRANKLIN MUNCIPAL INCOME ETF","FTMU","FRANKLIN MUNICIPAL INCOME ETF","NYSE"
"FTNJ","FR NEW JERSEY MUNI INC ETF","FTNJ","FRANKLIN NEW JERSEY MUNICIPAL INCOME ETF","NYSE"
"FTNT","FORTINET INC","FTNT","FORTINET","NASDAQ"
"FTNY","FR NEW YORK MUNI INC ETF","FTNY","FRANKLIN NEW YORK MUNICIPAL INCOME ETF","NYSE"
"FTPA","FRANKLIN PENNSYLVANIA MI ETF","FTPA","FRANKLIN PENNSYLVANIA MUNICIPAL INCOME ETF","NYSE"
"FTQI","FIRST TRUST NASDAQ BUYWRITE","FTQI","FIRST TR NASDAQ BUYWRITE INCOME ETF","NASDAQ"
"FTRB","FED HERMES TTL RTRN BND","FTRB","FEDERATED HERMES TOTAL RETURN BOND ETF","NYSE"
"FTRE","FORTREA HOLDINGS INC","FTRE","FORTREA HOLDINGS INC.","NASDAQ"
"FTRI","FIRST TRUST INDXX GLOBAL NAT","FTRI","FIRST TRUST INDXX GLOBAL NAT RES INCOME","NASDAQ"
"FTRK","FAST TRACK GROUP","FTRK","FAST TRACK GROUP","NASDAQ"
"FTS","FORTIS INC","FTS","FORTIS INC","NYSE"
"FTSD","FRANKLIN SHORT DURATION U.S.","FTSD","FRANKLIN SHORT DURATION US GOV","NYSE"
"FTSL","FIRST TRUST SENIOR LOAN ETF","FTSL","FIRST TRUST SENIOR LOAN FUND E","NASDAQ"
"FTSM","FIRST TRUST ENH SHORT MAT FD","FTSM","FIRST TRUST EXCHANGE-TRADED FU","NASDAQ"
"FTV","FORTIVE CORP","FTV","FORTIVE CORP","NYSE"
"FTW","PRESIDIO PRODUCTION CO-A","FTW","PRESIDIO PRODUCTION CO","NYSE"
"FTWO","STRIVE NATURAL RESOURCES AND","FTWO","STRIVE NATURAL RESOURCES AND SECURITY","NYSE"
"FTXG","FIRST TRUST NASDAQ FOOD & BE","FTXG","FIRST TRUST NASDAQ FOOD & BEVERAGE ETF","NASDAQ"
"FTXH","FIRST TRUST NASDAQ PHARMACEU","FTXH","FIRST TRUST NASDAQ PHARMACEUTICALS ETF","NASDAQ"
"FTXL","FIRST TRUST NASDAQ SEMICONDU","FTXL","FIRST TRUST NASDAQ SEMICONDUCTOR ETF","NASDAQ"
"FTXN","FIRST TRUST NASDAQ OIL & GAS","FTXN","FIRST TRUST NASDAQ OIL & GAS ETF","NASDAQ"
"FTXO","FIRST TRUST NASDAQ BANK ETF","FTXO","FIRST TRUST NASDAQ BANK ETF","NASDAQ"
"FTXR","FIRST TRUST NASDAQ TRANSPORT","FTXR","FIRST TRUST NASDAQ TRANSPORTATION ETF","NASDAQ"
"FUBO","FUBOTV INC -CLASS A","FUBO","FUBOTV","NYSE"
"FUFU","BITFUFU INC-A","FUFU","BITFUFU INC. CLASS A","NASDAQ"
"FUL","H.B. FULLER CO.","FUL","H.B. FULLER COMPANY","NYSE"
"FULC","FULCRUM THERAPEUTICS INC","FULC","FULCRUM THERAPEUTICS, INC. COMMON STOCK","NASDAQ"
"FULT","FULTON FINANCIAL CORP","FULT","FULTON FINANCIAL","NASDAQ"
"FULTP","FULTON FINANCIAL CORP","FULTP","FULTON FINANCIAL CORPORATION DS (1/40 PF SERIES A)","NASDAQ"
"FUMB","FIRST TRUST ULTRA SHORT DUR","FUMB","FIRST TR ULTRA SHORT DURATION MUNICIPAL ETF","NYSE"
"FUN","SIX FLAGS ENTERTAINMENT CORP","FUN","CEDAR FAIR","NYSE"
"FUNC","FIRST UNITED CORP","FUNC","FIRST UNITED","NASDAQ"
"FUND","SPROTT FOCUS TRUST INC","FUND","SPROTT FOCUS TRUST, INC. COMMO","NASDAQ"
"FURY","FURY GOLD MINES LTD","FURY","FURY GOLD MINES LTD","NYSE_AMERICAN"
"FUSB","FIRST US BANCSHARES INC","FUSB","FIRST US BANCSHARES, INC. COMMON STOCK","NASDAQ"
"FUSI","AM CENT MULTISECT FLOAT INC","FUSI","AMERICAN CENTURY MULTISECTOR FLOATING INCOME ETF","NYSE"
"FUTG","LEVERAGE SHARES 2X FUTU ETF","FUTG","LEVERAGE SHARES 2X LONG FUTU DAILY ETF","NASDAQ"
"FUTU","FUTU HOLDINGS LTD-ADR","FUTU","FUTU HOLDINGS LTD ADS","NASDAQ"
"FUTY","FIDELITY MSCI US UTILITIES","FUTY","FIDELITY MSCI UTILITIES IND","NYSE"
"FV","FIRST TRUST DW FOCUS 5 FUND","FV","FIRST TRUST DORSEY WRIGHT FOCU","NASDAQ"
"FVAL","FIDELITY VALUE FACTOR ETF","FVAL","FIDELITY VALUE FACTOR","NYSE"
"FVAV","FORTRESS VALUE ACQUIS V-CL A","FVAV","FORTRESS VALUE ACQUISITION CORP. V CLASS A","NASDAQ"
"FVC","FIRST TRUST DORSEY WRIGHT DY","FVC","FIRST TRUST DORSEY WRIGHT DYNAMIC FOCUS","NASDAQ"
"FVCB","FVCBANKCORP INC","FVCB","FVCBANKCORP, INC. COMMON STOCK","NASDAQ"
"FVD","FIRST TRUST VALUE LINE DVD","FVD","FIRST TRUST VALUE LINE DIVIDEN","NYSE"
"FVN","FUTURE VISION II ACQUISITION","FVN","FUTURE VISION II ACQUISITION CORPORATION","NASDAQ"
"FVR","FRONTVIEW REIT INC","FVR","FRONTVIEW REIT INC","NYSE"
"FVRR","FIVERR INTERNATIONAL LTD","FVRR","FIVERR INTERNATIONAL LTD","NYSE"
"FWD","AB DISRUPTORS ETF","FWD","AB DISRUPTORS ETF","NYSE"
"FWDI","FORWARD INDUSTRIES INC-NEW","FWDI","FORWARD INDUSTRIES, INC.","NASDAQ"
"FWONA","LIBERTY MEDIA CORP-FORMULA-A","FWONA","Formula One Group","NASDAQ"
"FWONK","LIBERTY MEDIA CORP-FORMULA-C","FWONK","Formula One Group","NASDAQ"
"FWRD","FORWARD AIR CORPORATION","FWRD","FORWARD AIR","NASDAQ"
"FWRG","FIRST WATCH RESTAURANT GROUP","FWRG","FIRST WATCH RESTAURANT GROUP, INC.","NASDAQ"
"FXA","INVESCO CURRENCYSHARES AUSTR","FXA","CURRENCYSHARES AUSTRALIAN DOLL","NYSE"
"FXC","INVESCO CURRENCYSHARES CANAD","FXC","CURRENCYSHARES CANADIAN DOLLAR","NYSE"
"FXD","FIRST TRUST CONSUMER DISCRET","FXD","FIRST TRUST CONSUMER DISC ALPH","NYSE"
"FXE","INVESCO CURRENCYSHARES EURO","FXE","CURRENCYSHARES EURO TRUST","NYSE"
"FXED","SOUND ENHANCED FIXED INCOME","FXED","SOUND ENHANCED FIXED INCOME FUND","NYSE"
"FXF","INVESCO CURRENCYSHARES SWISS","FXF","CURRENCYSHARES SWISS FRANC TRU","NYSE"
"FXG","FIRST TRUST CONSUMER STAPLES","FXG","FIRST TRUST CONSUMER STAPLES A","NYSE"
"FXH","FIRST TRUST HEALTH CARE ALPH","FXH","FIRST TRUST HEALTH CARE ALPHAD","NYSE"
"FXI","ISHARES CHINA LARGE-CAP ETF","FXI","ISHARES FTSE CHINA 25 INDEX FU","NYSE"
"FXL","FIRST TRUST TECHNOLOGY ALPHA","FXL","FIRST TRUST TECHNOLOGY ALPHADE","NYSE"
"FXN","FIRST TRUST ENERGY ALPHADEX","FXN","FIRST TRUST ENERGY ALPHADEX","NYSE"
"FXNC","FIRST NATIONAL CORP-VA","FXNC","FIRST NATL CORP STRASBURG VA","NASDAQ"
"FXO","FIRST TRUST FINANCIAL ALPHAD","FXO","FIRST TRUST FINANCIALS ALPHADE","NYSE"
"FXP","PROSHARES ULTRASHORT FTSE CH","FXP","PROSHARES ULTRASHORT FTSE CHIN","NYSE"
"FXR","FIRST TRUST INDST-PRODUCERS","FXR","FIRST TRUST INDUST/PRODUCER DU","NYSE"
"FXU","FIRST TRUST UTILITIES ALPHAD","FXU","FIRST TRUST UTILITIES ALPHADEX","NYSE"
"FXY","INVESCO CURRENCYSHARES JAPAN","FXY","CURRENCYSHARES JAPANESE YEN TR","NYSE"
"FXZ","FIRST TRUST MATERIALS ALPHAD","FXZ","FIRST TRUST MATERIALS ALPHADEX","NYSE"
"FYC","FIRST TRUST SMALL CAP GROWTH","FYC","FIRST TRUST SMALL CAP GROWTH A","NASDAQ"
"FYEE","FIDELITY YLD ENHAN EQTY ETF","FYEE","FIDELITY YIELD ENHANCED EQUITY ETF","BATS"
"FYLD","CAMBRIA FOREIGN SHAREHOLDER","FYLD","CAMBRIA FOREIGN SHAREHOLDER YIELD","BATS"
"FYT","FIRST TRUST SMALL CAP VAL","FYT","FIRST TRUST SMALL CAP VALUE AL","NASDAQ"
"FYX","FIRST TRUST SMALL CAP CORE A","FYX","FIRST TRUST SMALL CAP CORE ALP","NASDAQ"
"G","GENPACT LTD","G","GENPACT","NYSE"
"GAA","CAMBRIA GLOBAL ASSET ALLOCAT","GAA","CAMBRIA GLOBAL ASSET ALLOCATION ETF","BATS"
"GAB","GABELLI EQUITY TRUST","GAB","GABELLI EQUITY TRUST COMMON","NYSE"
"GABC","GERMAN AMERICAN BANCORP","GABC","GERMAN AMERICAN BANCORP","NASDAQ"
"GABF","GABELLI FIN SRVCS OPP ETF","GABF","GABELLI FINANCIAL SERVICES OPPORTUNITIES ETF","NYSE"
"GAEM","SIMPLIFY GAMMA EMRG MRK BND","GAEM","SIMPLIFY GAMMA EMERGING MARKET BOND ETF","NYSE"
"GAIA","GAIA INC","GAIA","GAIAM","NASDAQ"
"GAIN","GLADSTONE INVESTMENT CORP","GAIN","GLADSTONE INVESTMENT","NASDAQ"
"GAING","GLADSTONE INVESTMENT CORP","GAING","GLADSTONE INVESTMENT CORPORATION 7.125% NT 2031","NASDAQ"
"GAINI","GLADSTONE INVESTMENT CORP","GAINI","GLADSTONE INVESTMENT CORPORATION 7.875% NT 2030","NASDAQ"
"GAINN","GLADSTONE INVESTMENT COR","GAINN","GLADSTONE INVESTMENT CORPORATION 5.00% NT 2026","NASDAQ"
"GAINZ","GLADSTONE INVESTMENT CORP","GAINZ","GLADSTONE INVESTMENT CORPORATION 4.875% NT 2028","NASDAQ"
"GAL","SS GLOBAL ALLOCATION ETF","GAL","STATE STREET GLOBAL ALLOCATION ETF","NYSE"
"GALT","GALECTIN THERAPEUTICS INC","GALT","GALECTIN THERAPEUTICS","NASDAQ"
"GAM","GENERAL AMERICAN INVESTORS","GAM","GENERAL AMERICAN INVESTORS COM","NYSE"
"GAMB","GAMBLING.COM GROUP LTD","GAMB","GAMBLING.COM GROUP LIMITED","NASDAQ"
"GAME","GAMESQUARE HOLDINGS INC","GAME","ENGINE GAMING AND MEDIA INC","NASDAQ"
"GAMR","AMPLIFY VIDEO GAME LDRS ETF","GAMR","AMPLIFY VIDEO GAME TECH ETF","NYSE"
"GANX","GAIN THERAPEUTICS INC","GANX","GAIN THERAPEUTICS, INC. COMMON STOCK","NASDAQ"
"GAP","GAP INC-THE","GAP","GAP INC","NYSE"
"GAPR","FT VEST US EQUITY MODERATE B","GAPR","FIRST TR VIII CBOE VEST US EQUITY MOD BUFFER APR","BATS"
"GARP","ISHARES MSCI USA QUALITY GAR","GARP","ISHARES MSCI USA QUALITY GARP ETF","BATS"
"GARY","MANGO GROWTH ETF","GARY","MANGO GROWTH ETF","NASDAQ"
"GASS","STEALTHGAS INC","GASS","STEALTHGAS","NASDAQ"
"GATX","GATX CORP","GATX","GATX CORP","NYSE"
"GAU","GALIANO GOLD INC","GAU","GALIANO GOLD INC","NYSE_AMERICAN"
"GAUG","FT VEST US EQUITY MODERATE B","GAUG","FT CBOE VEST US EQUITY MODERATE BUFFER ETF AUG","BATS"
"GAUZ","GAUZY LTD","GAUZ","GAUZY LTD.","NASDAQ"
"GBAB","GUGGENHEIM TAXABLE MUNICIPAL","GBAB","GUGGENHEIM TAXABLE MUNI BOND & INV GRADE","NYSE"
"GBCI","GLACIER BANCORP INC","GBCI","GLACIER BANCORP","NYSE"
"GBDC","GOLUB CAPITAL BDC INC","GBDC","GOLUB CAPITAL BDC","NASDAQ"
"GBF","ISHARES GOVERNMENT-CREDIT BO","GBF","ISHARES BARCLAYS GOVERNMENT/CR","NYSE"
"GBFH","GBANK FINANCIAL HOLDINGS INC","GBFH","GBANK FINANCIAL HOLDINGS INC.","NASDAQ"
"GBIL","GOLDMAN SACHS ACCESS TREASUR","GBIL","GOLDMAN SACHS ACCESS TREASURY 0-1 YEAR","NYSE"
"GBLI","GLOBAL INDEMNITY GROUP LLC-A","GBLI","GLOBAL INDEMNITY GROUP, LLC CLASS A","NASDAQ"
"GBR","NEW CONCEPT ENERGY INC","GBR","NEW CONCEPT ENERGY","NYSE_AMERICAN"
"GBTC","GRAYSCALE BITCOIN TRUST ETF","GBTC","GRAYSCALE BITCOIN TRUST (BTC)","NYSE"
"GBTG","GLOBAL BUSINESS TRAVEL GROUP","GBTG","GLOBAL BUSINESS TRAVEL GROUP INC","NYSE"
"GBUG","SPROTT ACTIVE GOLD & SILVER","GBUG","SPROTT ACTIVE GOLD & SILVER MINERS ETF","NASDAQ"
"GBX","GREENBRIER COMPANIES INC","GBX","GREENBRIER COMPANIES","NYSE"
"GCAL","DYNAMIC CALIFORNIA MUNI ETF","GCAL","GOLDMAN SACHS DYNAMIC CALIFORNIA MUNI INCOME ETF","NYSE"
"GCBC","GREENE COUNTY BANCORP INC","GCBC","GREENE COUNTY BANCORP","NASDAQ"
"GCC","WISDOMTREE ENHANCED COMMODIT","GCC","WISDOMTREE ENHANCEDCONTINUOUS COMMODITY FUND","NYSE"
"GCDT","GREEN CIRCLE DECARBONIZE TEC","GCDT","GREEN CIRCLE DECARBONIZE TECHNOLOGY LTD","NYSE_AMERICAN"
"GCL","GCL GLOBAL HOLDINGS LTD","GCL","GCL GLOBAL HOLDINGS LTD","NASDAQ"
"GCMG","GCM GROSVENOR INC - CLASS A","GCMG","GCM GROSVENOR INC. CLASS A COMMON STOCK","NASDAQ"
"GCO","GENESCO INC","GCO","GENESCO","NYSE"
"GCOR","GOLDMAN SACHS ACCESS US AGG","GCOR","GOLDMAN SACHS ACCESS U.S. AGGREGATE BOND ETF","NYSE"
"GCOW","PACER GLOBAL CASH COWS DIVID","GCOW","PACER GLOBAL CASH COWS DIVIDEND ETF","BATS"
"GCT","GIGACLOUD TECHNOLOGY INC - A","GCT","GIGACLOUD TECHNOLOGY INC CLASS A","NASDAQ"
"GCTS","GCT SEMICONDUCTOR HOLDING IN","GCTS","GCT SEMICONDUCTOR HOLDING INC","NYSE"
"GCV","GABELLI CONVERT & INC SEC","GCV","GABELLI CONVERTIBLE & INCOME C","NYSE"
"GD","GENERAL DYNAMICS CORP","GD","GENERAL DYNAMICS","NYSE"
"GDC","GD CULTURE GROUP LTD","GDC","GD CULTURE GROUP LIMITED","NASDAQ"
"GDDY","GODADDY INC - CLASS A","GDDY","GODADDY INC","NYSE"
"GDE","WISDOMTREE EFFICIENT GOLD PL","GDE","WISDOMTREE TRUST - EFFICIENT GOLD PLUS E","BATS"
"GDEC","FT VEST US EQUITY MODERATE B","GDEC","FT CBOE VEST US EQUITY MODERATE BUFFER","BATS"
"GDEN","GOLDEN ENTERTAINMENT INC","GDEN","GOLDEN ENTERTAINMENT INC","NASDAQ"
"GDEV","GDEV INC","GDEV","NEXTERS INC. ORDINARY SHARES","NASDAQ"
"GDHG","GOLDEN HEAVEN GROUP HOLDINGS","GDHG","GOLDEN HEAVEN GROUP HOLDINGS LTD.","NASDAQ"
"GDIV","HARBOR DIVIDEND GROWTH LEADE","GDIV","HARBOR DIVIDEND GROWTH LEADERS ETF","NYSE"
"GDL","GDL FUND","GDL","GDL FUND COMMON","NYSE"
"GDLC","GRAYSCALE COINDESK 5 ETF","GDLC","GRAYSCALE COINDESK CRYPTO 5 ETF","NYSE"
"GDMA","GADSDEN DYNAMIC MULTI-ASSET","GDMA","GADSDEN DYNAMIC MULTI-ASSET ETF","BATS"
"GDMN","WISDOMTREE EFF GOLD PL MINER","GDMN","WISDOMTREE EFFICIENT GOLD PLUS MINERS STRATEGY FUN","BATS"
"GDO","WESTERN AST GLB CORP OPPRNTY","GDO","WESTERN ASSET GLOBAL CORP DEFI","NYSE"
"GDOC","GOLDMAN SACHS FUTURE HEALTH","GDOC","GOLDMAN SACHS FUTURE HEALTH CARE EQUITY ETF","NYSE"
"GDOG","GRAYSCALE DOGECOIN TRUST ETF","GDOG","GRAYSCALE DOGECOIN TRUST ETF","NYSE"
"GDOT","GREEN DOT CORP-CLASS A","GDOT","GREEN DOT","NYSE"
"GDRX","GOODRX HOLDINGS INC-CLASS A","GDRX","GOODRX HOLDINGS, INC. CLASS A","NASDAQ"
"GDS","GDS HOLDINGS LTD - ADR","GDS","GDS HOLDINGS LIMITED ADS","NASDAQ"
"GDT","WISDOMTREE EFF TIPS PLUS GLD","GDT","WISDOMTREE EFFICIENT TIPS PLUS GOLD FUND","BATS"
"GDTC","CYTOMED THERAPEUTICS LTD","GDTC","CYTOMED THERAPEUTICS LIMITED","NASDAQ"
"GDV","GABELLI DIVIDEND & INCOME TR","GDV","GABELLI DIVIDEND & INCOME COMM","NYSE"
"GDX","VANECK GOLD MINERS ETF","GDX","VANECK GOLD MINERS ETF","NYSE"
"GDXD","MICROSECTORS GOLD MINERS -3X","GDXD","MICROSECTORS GOLD MINERS -3X LEVERAGED ETNS","NYSE"
"GDXJ","VANECK JUNIOR GOLD MINERS","GDXJ","VANECK JUNIOR GOLD MINERS ETF","NYSE"
"GDXU","MICROSECTORS GOLD MINERS 3X","GDXU","MICROSECTORS GOLD MINERS 3X LEVERAGED ETN","NYSE"
"GDXW","ROUNDHILL GLD MNRS WKPY ETF","GDXW","ROUNDHILL GOLD MINERS WEEKLYPAY ETF","BATS"
"GDYN","GRID DYNAMICS HOLDINGS INC","GDYN","GRID DYNAMICS HOLDINGS INC","NASDAQ"
"GE","GENERAL ELECTRIC","GE","GE AEROSPACE","NYSE"
"GECC","GREAT ELM CAPITAL CORP","GECC","GREAT ELM CAPITAL. CORP. COMMON STOCK","NASDAQ"
"GECCG","GREAT ELM CAPITAL CORP","GECCG","GREAT ELM CAPITAL CORP. 7.75% NT 2030","NASDAQ"
"GECCH","GREAT ELM CAPITAL CORP","GECCH","GREAT ELM CAPITAL CORP. 8.125% NT 2029","NASDAQ"
"GECCI","GREAT ELM CAPITAL CORP","GECCI","GREAT ELM CAPITAL CORP. 8.50% NT 2029","NASDAQ"
"GECCO","GREAT ELM CAPITAL CORP","GECCO","GREAT ELM CAPITAL CORP. 5.875% NT 2026","NASDAQ"
"GEF","GREIF INC-CL A","GEF","GREIF","NYSE"
"GEG","GREAT ELM GROUP INC","GEG","GREAT ELM GROUP INC","NASDAQ"
"GEGGL","GREAT ELM GROUP INC","GEGGL","GREAT ELM GROUP, INC. 7.25% NT 2027","NASDAQ"
"GEHC","GE HEALTHCARE TECHNOLOGY","GEHC","GE HEALTHCARE TECHNOLOGIES INC.","NASDAQ"
"GEL","GENESIS ENERGY L.P.","GEL","GENESIS ENERGY LP","NYSE"
"GELS","GELTEQ LTD","GELS","GELTEQ LIMITED","NASDAQ"
"GEM","GOLDMAN SACHS ACTIVEBETA EM","GEM","GOLDMAN SACHS ACTIVEBETA EM EQUITY ETF","NYSE"
"GEMD","GOLDMAN ACCESS EM USD BOND","GEMD","GOLDMAN SACHS ACCESS EMERGING MARKETS USD BOND ETF","BATS"
"GEME","PACIFIC NOS GEME ACTIVEETF-U","GEME","PACIFIC NORTH OF SOUTH EM EQUITY ACTIVE ETF","NASDAQ"
"GEMG","LEVERAGE SHARES 2X GEMI","GEMG","LEVERAGE SHARES 2X LONG GEMI DAILY ETF","NASDAQ"
"GEMI","GEMINI SPACE STATION INC-A","GEMI","GEMINI SPACE STATION, INC. CLASS A","NASDAQ"
"GEN","GEN DIGITAL INC","GEN","GEN DIGITAL INC.","NASDAQ"
"GENB","GENERATE BIOMEDICINES INC","GENB","GENERATE BIOMEDICINES, INC.","NASDAQ"
"GENC","GENCOR INDUSTRIES INC","GENC","GENCOR INDUSTRIES INC","NYSE_AMERICAN"
"GEND","GENTER CAPITAL DVD INCM ETF","GEND","GENTER CAPITAL DIVIDEND INCOME ETF","NYSE"
"GENI","GENIUS SPORTS LTD","GENI","GENIUS SPORTS LTD","NYSE"
"GENK","GEN RESTAURANT GROUP INC","GENK","GEN RESTAURANT GROUP, INC. CLASS A","NASDAQ"
"GENM","GENTER CAPITAL MUNICIPAL","GENM","GENTER CAPITAL MUNICIPAL QUALITY INTERMEDIATE ETF","NYSE"
"GENW","GENTER CAPITAL INTER DVD ETF","GENW","GENTER CAPITAL INTERNATIONAL DIVIDEND ETF","NYSE"
"GENZ","VANECK DIGITAL NATIVE ECONOMY","GENZ","VANECK DIGITAL NATIVE ECONOMY ETF","NASDAQ"
"GEO","GEO GROUP INC-THE","GEO","GEO GROUP","NYSE"
"GEOS","GEOSPACE TECHNOLOGIES CORP","GEOS","GEOSPACE TECHNOLOGIES","NASDAQ"
"GERN","GERON CORP","GERN","GERON","NASDAQ"
"GETY","GETTY IMAGES HOLDINGS INC","GETY","GETTY IMAGES HOLDINGS INC","NYSE"
"GEV","GE VERNOVA INC","GEV","GE VERNOVA INC","NYSE"
"GEVG","LEVERAGE SHARES 2X GEV","GEVG","LEVERAGE SHARES 2X LONG GEV DAILY ETF","NASDAQ"
"GEVO","GEVO INC","GEVO","GEVO","NASDAQ"
"GEVX","TRADR 2X LONG GEV DAILY ETF","GEVX","TRADR 2X LONG ASTS DAILY ETF GEV DAILY ETF","BATS"
"GEW","CAMBRIA GLOBAL EW ETF","GEW","CAMBRIA GLOBAL EW ETF","NASDAQ"
"GF","NEW GERMANY FUND INC-THE","GF","NEW GERMANY FUND COMMON","NYSE"
"GFAI","GUARDFORCE AI CO LTD","GFAI","GUARDFORCE AI CO., LIMITED","NASDAQ"
"GFEB","FT VEST US EQUITY MODERATE B","GFEB","FIRST TR VIII CBOE VEST US EQUITY MOD BUFFER FEB","BATS"
"GFF","GRIFFON CORP","GFF","GRIFFON","NYSE"
"GFGF","GURU FAVORITE STOCKS ETF","GFGF","GURU FAVORITE STOCKS ETF","NASDAQ"
"GFI","GOLD FIELDS LTD-SPONS ADR","GFI","GOLD FIELDS","NYSE"
"GFL","GFL ENVIRONMENTAL INC-SUB VT","GFL","GFL ENVIRONMENTAL INC","NYSE"
"GFLW","VS FREE CASH FLOW GROWTH ETF","GFLW","VICTORYSHARES FREE CASH FLOW GROWTH ETF","NASDAQ"
"GFR","GREENFIRE RESOURCES LTD","GFR","GREENFIRE RESOURCES LTD","NYSE"
"GFS","GLOBALFOUNDRIES INC","GFS","GLOBALFOUNDRIES INC. ORDINARY SHARES","NASDAQ"
"GGAL","GRUPO FINANCIERO GALICIA-ADR","GGAL","GRUPO FINANCIERO GALICIA","NASDAQ"
"GGB","GERDAU SA -SPON ADR","GGB","GERDAU","NYSE"
"GGG","GRACO INC","GGG","GRACO","NYSE"
"GGLL","DIREXION DAILY GOOGL BULL 2X","GGLL","DIREXION DAILY GOOGL BULL 2X ETF","NASDAQ"
"GGLS","DIREXION DAILY GOOGL BEAR 1X","GGLS","DIREXION DAILY GOOGL BEAR 1X ETF","NASDAQ"
"GGME","INVESCO NEXT GEN MEDIA AND G","GGME","INVESCO NEXT GEN MEDIA AND GAMING ETF","NYSE"
"GGN","GAMCO GLBL GOLD NTRL RES INC","GGN","GAMCO GLOBAL GOLD, NATURAL RES","NYSE_AMERICAN"
"GGOV","ISHARES GLOBAL GB USD HA ETF","GGOV","ISHARES GLOBAL GOVERNMENT BOND USD HEDGED ACTIVE","NYSE"
"GGR","GOGORO INC","GGR","GOGORO INC. ORDINARY SHARES","NASDAQ"
"GGRP","GLIMPSE GROUP INC-THE","GGRP","THE GLIMPSE GROUP, INC.","NASDAQ"
"GGRW","GABELLI GLOBAL GROWTH ETF","GGRW","GABELLI GROWTH INNOVATORS ETF","NYSE"
"GGT","GABELLI MULTIMEDIA TRUST INC","GGT","GABELLI MULTIMEDIA COMMON","NYSE"
"GGTL","GABELLI GLOBAL TECHNOLOGY LE","GGTL","GABELLI GLOBAL TECHNOLOGY LEADERS","NYSE"
"GGUS","GOLDMAN SS MB RL 1000 GE ETF","GGUS","GOLDMAN SACHS MARKETBETA RUSSELL 1000 GROWTH EQTY","NYSE"
"GGZ","GABELLI GLOBAL SMALL & M","GGZ","GABELLI GLOBAL SMALL AND MID C","NYSE"
"GH","GUARDANT HEALTH INC","GH","GUARDANT HEALTH INC","NASDAQ"
"GHC","GRAHAM HOLDINGS CO-CLASS B","GHC","GRAHAM HOLDINGS CO","NYSE"
"GHG","GREENTREE HOSPITALITY GR-ADR","GHG","GREENTREE HOSPITALITY GROUP LTD ADS","NYSE"
"GHI","GREYSTONE HOUSING IMPACT INV","GHI","GREYSTONE HOUSING IMPACT INVESTORS LP BEN UTS","NYSE"
"GHM","GRAHAM CORP","GHM","GRAHAM","NYSE"
"GHRS","GH RESEARCH PLC","GHRS","GH RESEARCH PLC ORDINARY SHARES","NASDAQ"
"GHTA","GOOSE HOLLOW TACTICAL ALLOC","GHTA","GOOSE HOLLOW TACTICAL ALLOCATION ETF","BATS"
"GHY","PGIM GLOBAL HIGH YIELD FUND","GHY","PGIM GLOBAL HIGH YIELD FUND INC","NYSE"
"GHYG","ISHARES US&INTL HIGH YIELD C","GHYG","ISHARES GLOBAL HIGH YIELD CORP","BATS"
"GIAX","NICHOLAS GLBL EQ INC ETF","GIAX","NICHOLAS GLOBAL EQUITY AND INCOME ETF","NYSE"
"GIB","CGI INC","GIB","CGI INC","NYSE"
"GIBO","GIBO HOLDINGS LTD-CL A","GIBO","GIBO HOLDINGS LIMITED CLASS A","NASDAQ"
"GIC","GLOBAL INDUSTRIAL CO","GIC","GLOBAL INDUSTRIAL CORP","NYSE"
"GIF","REX GROWTH & INCOME UNIV ETF","GIF","","BATS"
"GIFT","GIFTIFY INC","GIFT","GIFTIFY, INC.","NASDAQ"
"GIG","GIGCAPITAL7 CORP-A","GIG","GIGCAPITAL7 CORP. CLASS A","NASDAQ"
"GIGB","GOLDMAN SACHS INV GRD CORP","GIGB","GOLDMAN SACHS ACCESS INVESTMENT GRADE CRP BND ETF","NYSE"
"GIGGU","GIGCAPITAL7 INC","GIGGU","GIGCAPITAL7 CORP. UNT","NASDAQ"
"GIGM","GIGAMEDIA LTD","GIGM","GIGAMEDIA LTD","NASDAQ"
"GII","STATE STREET SPDR S&P GLOBAL","GII","STATE ST SPDR S&P GLOBAL INFRASTRUCTURE","NYSE"
"GIII","G-III APPAREL GROUP LTD","GIII","G-III APPAREL GROUP","NASDAQ"
"GIL","GILDAN ACTIVEWEAR INC","GIL","GILDAN","NYSE"
"GILD","GILEAD SCIENCES INC","GILD","GILEAD SCIENCES","NASDAQ"
"GILT","GILAT SATELLITE NETWORKS LTD","GILT","GILAT SATELLITE NETWORKS","NASDAQ"
"GIND","GOLDMAN SACHS INDIA EQTY ETF","GIND","GOLDMAN SACHS INDIA EQUITY ETF","NASDAQ"
"GINN","GOLDMAN SACHS INNOVATE EQTY","GINN","GOLDMAN SACHS INNOVATIVE EQUITY ETF","NYSE"
"GINX","SGI ENH GL INC ETF","GINX","SGI ENHANCED GLOBAL INCOME ETF","NASDAQ"
"GIPR","GENERATION INCOME PROPERTIES","GIPR","GENERATION INCOME PROPERTIES INC.","NASDAQ"
"GIS","GENERAL MILLS INC","GIS","GENERAL MILLS","NYSE"
"GITS","GLOBAL INTERACTIVE TECHNOLOG","GITS","GLOBAL INTERACTIVE TECHNOLOGIES, INC.","NASDAQ"
"GIW","GIGCAPITAL8 CORP-A","GIW","GIGCAPITAL8 CORP. CLASS A","NASDAQ"
"GIWWU","GIGCAPITAL8 CORP","GIWWU","GIGCAPITAL8 CORP. UNT","NASDAQ"
"GIX","GIGCAPITAL9 CORP-CL A","GIX","GIGCAPITAL9 CORP. CLASS A SHARE","NASDAQ"
"GIXXU","GIGCAPITAL9 CORP","GIXXU","GIGCAPITAL9 CORP. UNT","NASDAQ"
"GJAN","FT VEST US EQUITY MODERATE B","GJAN","FIRST TR VIII CBOE VEST US EQUITY MOD BUFFER JAN","BATS"
"GJH","SYNTHETIC FIXED-INCOME SEC STRATS 2004-06 6.375% US CELLULAR","GJH","STRATS 6.375PC US CELLLR","NYSE"
"GJO","SYNTHETIC FIXED-INCOME 110STRATS FOR WAL MART STORES INC","GJO","STRATS TRUST FOR WAL-MART","NYSE"
"GJP","SYNTHETIC FXD INCOME SEC STRATS DOMINION","GJP","STRATS TR DOMINION RES","NYSE"
"GJR","SYNTHETIC FIXED INC SEC STRATS 2006-01 PROCTOR & GAMBLE","GJR","STRATS TRUST FOR P&G FLTG RATE","NYSE"
"GJS","STRATS TR GOLDMAN SACKS -FLTG 2006-15","GJS","STRATS TRUST FOR GOLDMAN","NYSE"
"GJT","STRATS TR ALLSTATE CORP -FLT 2006-3","GJT","STRATS FLOATING RATE ALL","NYSE"
"GJUL","FT VEST US EQUITY MODERATE B","GJUL","FT CBOE VEST US EQUITY MODERATE BUFFER JUL","BATS"
"GJUN","FT VEST US EQUITY MODERATE B","GJUN","FT CBOE VEST US EQUITY MODERATE BUFFER JUN","BATS"
"GK","ADVISORSHARES GERBER KAWASAK","GK","ADVISORSHARES GERBER KAWASAKI ETF","NYSE"
"GKAT","SCHARF GLOBAL OPPORTUNITYETF","GKAT","SCHARF GLOBAL OPPORTUNITY ETF","NASDAQ"
"GKOS","GLAUKOS CORP","GKOS","GLAUKOS CORPORATION","NYSE"
"GL","GLOBE LIFE INC","GL","GLOBE LIFE INC","NYSE"
"GLAD","GLADSTONE CAPITAL CORP","GLAD","GLADSTONE CAPITAL","NASDAQ"
"GLBE","GLOBAL-E ONLINE LTD","GLBE","GLOBAL-E ONLINE LTD.","NASDAQ"
"GLBS","GLOBUS MARITIME LIMITED","GLBS","GLOBUS MARITIME","NASDAQ"
"GLCR","GLACIERSHRES NSQ ICELAND ETF","GLCR","GLACIERSHARES NASDAQ ICELAND ETF","NASDAQ"
"GLD","SPDR GOLD SHARES","GLD","SPDR GOLD SHARES","NYSE"
"GLDB","IDX ALTERNATIVE FIAT ETF","GLDB","IDX ALTERNATIVE FIAT ETF","NASDAQ"
"GLDG","GOLDMINING INC","GLDG","GOLDMINING INC","NYSE_AMERICAN"
"GLDI","UBS AG ET GL SHR COVR CL ETN","GLDI","CREDIT SUISSE X-L GOLD SHARES","NASDAQ"
"GLDM","SPDR GOLD MINISHARES TRUST","GLDM","SPDR GOLD MINISHARES TRUST","NYSE"
"GLDN","NICHOLAS GOLD INCOME ETF","GLDN","NICHOLAS GOLD INCOME ETF","NYSE"
"GLDW","ROUNDHILL GOLD WEEKLYPAY ETF","GLDW","ROUNDHILL GOLD WEEKLYPAY ETF","BATS"
"GLDY","DEFIANCE GOLD ENHNCED OI ETF","GLDY","DEFIANCE GOLD ENHANCED OPTIONS INCOME ETF","NASDAQ"
"GLE","GLOBAL ENGINE GROUP HOLDIN-A","GLE","GLOBAL ENGINE GROUP HOLDING LIMITED CLASS A","NASDAQ"
"GLGG","LEVERAGE SHARES 2X GXLY","GLGG","LEVERAGE SHARES 2X LONG GLXY DAILY ETF","NASDAQ"
"GLIBA","GCI LIBERTY INC-CL A","GLIBA","GCI LIBERTY, INC. SERIES A GCI GROUP","NASDAQ"
"GLIBK","GCI LIBERTY INC-CL C","GLIBK","GCI LIBERTY, INC. SERIES C GCI GROUP","NASDAQ"
"GLIN","VANECK INDIA GROWTH LEADERS","GLIN","VANECK INDIA GROWTH LEADERS ETF","NYSE"
"GLL","PROSHARES ULTRASHORT GOLD","GLL","PROSHARES ULTRASHORT GOLD","NYSE"
"GLMD","GALMED PHARMACEUTICALS LTD","GLMD","GALMED PHARMACEUTICALS LTD. OR","NASDAQ"
"GLND","GREENLAND ENERGY CO","GLND","GREENLAND ENERGY COMPANY","NASDAQ"
"GLNG","GOLAR LNG LTD","GLNG","GOLAR LNG","NASDAQ"
"GLNK","GRAYSCALE CHAINLINK TRUST ET","GLNK","GRAYSCALE CHAINLINK TRUST ETF","NYSE"
"GLO","CLOUGH GLOBAL OPPORTUNITIES","GLO","CLOUGH GLOBAL OPPORTUNITIES CO","NYSE_AMERICAN"
"GLOB","GLOBANT SA","GLOB","GLOBANT SA","NYSE"
"GLOF","ISHARES GLOBAL EQUITY FACTOR","GLOF","ISHARES GLOBAL EQUITY FACTOR ETF","NYSE"
"GLOO","GLOO HOLDINGS INC-A","GLOO","GLOO HOLDINGS, INC. CLASS A","NASDAQ"
"GLP","GLOBAL PARTNERS LP","GLP","GLOBAL PARTNERS","NYSE"
"GLPG","GALAPAGOS NV-SPON ADR","GLPG","GALAPAGOS NV AMERICAN DEPOSITARY SHARES","NASDAQ"
"GLPI","GAMING AND LEISURE PROPERTIE","GLPI","GAMING AND LEISURE PROPERTIES,","NASDAQ"
"GLQ","CLOUGH GLOBAL EQUITY FUND","GLQ","CLOUGH GLOBAL EQUITY COMMON","NYSE_AMERICAN"
"GLRE","GREENLIGHT CAPITAL RE LTD-A","GLRE","GREENLIGHT CAPITAL RE","NASDAQ"
"GLRY","INSPIRE GROWTH ETF","GLRY","INSPIRE GROWTH ETF","NYSE"
"GLSI","GREENWICH LIFESCIENCES INC","GLSI","GREENWICH LIFESCIENCES, INC.","NASDAQ"
"GLTR","ABRDN PRECIOUS METALS BASKET","GLTR","ABRDN PHYSICAL PRECIOUS METALS BASKET SHARES ETF","NYSE"
"GLU","GABELLI GLBL UTIL & INC TR","GLU","GABELLI GLOBAL UTILITY & INC C","NYSE_AMERICAN"
"GLUE","MONTE ROSA THERAPEUTICS INC","GLUE","MONTE ROSA THERAPEUTICS, INC.","NASDAQ"
"GLV","CLOUGH GLOBAL DIVIDEND & INC","GLV","CLOUGH GLOBAL DVDND & INCOME FUND","NYSE_AMERICAN"
"GLW","CORNING INC","GLW","CORNING","NYSE"
"GLWG","LEVERAGE SHARES 2X GLW","GLWG","LEVERAGE SHARES 2X LONG GLW DAILY ETF","NASDAQ"
"GLXG","GALAXY PAYROLL GROUP LTD-A","GLXG","GALAXY PAYROLL GROUP LIMITED CLASS A","NASDAQ"
"GLXU","T-REX 2X LONG GLXY DT ETF","GLXU","OPPTY T-REX 2X LONG GLXY DAILY TARGET","BATS"
"GLXY","GALAXY DIGITAL INC-A","GLXY","GALAXY DIGITAL INC. CLASS A","NASDAQ"
"GM","GENERAL MOTORS CO","GM","GENERAL MOTORS","NYSE"
"GMAB","GENMAB A-S -SP ADR","GMAB","GENMAB A/S ADS","NASDAQ"
"GMAR","FT VEST US EQUITY MODERATE B","GMAR","FIRST TR VIII CBOE VEST US EQUITY MODERATE BUF MAR","BATS"
"GMAY","FT VEST U.S. EQUITY MODERATE","GMAY","FIRST TR VIII CBOE VEST US EQUITY MOD BUFF MAY","BATS"
"GME","GAMESTOP CORP-CLASS A","GME","GAMESTOP","NYSE"
"GMED","GLOBUS MEDICAL INC - A","GMED","GLOBUS MEDICAL","NYSE"
"GMEU","T-REX 2X LONG GME DLY TA ETF","GMEU","T-REX 2X LONG GME DAILY TARGET ETF","BATS"
"GMEX","GMEX ROBOTICS CORPORATION","GMEX","GMEX ROBOTICS CORPORATION CLASS A","NASDAQ"
"GMEY","YM GME OPT INC STRAT ETF","GMEY","YIELDMAX GME OPTION INCOME STRATEGY ETF","NYSE"
"GMF","STATE STREET SPDR S&P EMERGI","GMF","STATE ST SPDR S&P EMERGING ASIA PACIFIC","NYSE"
"GMHS","GAMEHAUS HOLDINGS INC","GMHS","GAMEHAUS HOLDINGS INC. CLASS A","NASDAQ"
"GMM","GLOBAL MOFY AI LTD-A","GMM","GLOBAL MOFY METAVERSE LIMITED","NASDAQ"
"GMMF","ISHARES GOVT MMKT ETF","GMMF","ISHARES GOVERNMENT MONEY MARKET ETF","NYSE"
"GMNY","DYNAMIC NY MUNI INCOME","GMNY","GOLDMAN SACHS DYNAMIC NEW YORK MUNI INCOME ETF","NYSE"
"GMOD","GMO DYNAMIC ALLOCATION ETF","GMOD","GMO DYNAMIC ALLOCATION ETF","NYSE"
"GMOI","GMO INTERNATIONAL VALUE ETF","GMOI","GMO INTERNATIONAL VALUE ETF","NYSE"
"GMOM","CAMBRIA GLOBAL MOMENTUM ETF","GMOM","CAMBRIA ETF TRUST","BATS"
"GMOV","GMO U.S. VALUE ETF","GMOV","GMO US VALUE ETF","NYSE"
"GMTL","GUARDIAN METAL RESOURCES","GMTL","GUARDIAN METAL RESOURCES","NYSE_AMERICAN"
"GMUB","GS MUNICIPAL INCOME ETF","GMUB","GOLDMAN SACHS MUNICIPAL INCOME ETF","NYSE"
"GMUN","GOLDMAN SACHS ACCESS MUNICIP","GMUN","GOLDMAN SACHS COMMUNITY MUNICIPAL BOND ETF","NYSE"
"GNE","GENIE ENERGY LTD-B","GNE","GENIE ENERGY","NYSE"
"GNK","GENCO SHIPPING & TRADING LTD","GNK","GENCO SHIPPING & TRADING LTD","NYSE"
"GNL","GLOBAL NET LEASE INC","GNL","GLOBAL NET LEASE INC","NYSE"
"GNLN","GREENLANE HOLDINGS INC - A","GNLN","GREENLANE HOLDINGS INC","NASDAQ"
"GNLX","GENELUX CORP","GNLX","GENELUX CORPORATION","NASDAQ"
"GNMA","ISHARES GNMA BOND ETF","GNMA","ISHARES CORE GNMA BOND ETF","NASDAQ"
"GNOM","GLOBAL X GENOMICS & BIOTECHN","GNOM","GLOBAL X GENOMICS & BIOTECHNOLOGY ETF","NASDAQ"
"GNOV","FT VEST US EQUITY MODERATE B","GNOV","FT CBOE VEST US EQUITY MODERATE BUFFER NOV","BATS"
"GNPX","GENPREX INC","GNPX","GENPREX, INC. COMMON STOCK","NASDAQ"
"GNR","STATE STREET SPDR S&P GLOBAL","GNR","STATE ST SPDR S&P GLOBAL NATURAL RESOUR","NYSE"
"GNRC","GENERAC HOLDINGS INC","GNRC","GENERAC HOLDINGS","NYSE"
"GNS","GENIUS GROUP LTD","GNS","GENIUS GROUP LTD","NYSE_AMERICAN"
"GNSS","GENASYS INC","GNSS","GENASYS INC","NASDAQ"
"GNT","GAMCO NATURAL RESOURCES GOLD &","GNT","GAMCO NATURAL RESOURCES, GOLD","NYSE"
"GNTA","GENENTA SCIENCE SPA - ADR","GNTA","GENENTA SCIENCE S.P.A. ADS","NASDAQ"
"GNTX","GENTEX CORP","GNTX","GENTEX","NASDAQ"
"GNW","GENWORTH FINANCIAL INC","GNW","GENWORTH FINANCIAL","NYSE"
"GO","GROCERY OUTLET HOLDING CORP","GO","GROCERY OUTLET HOLDING CORP","NASDAQ"
"GOAI","EVA LIVE INC","GOAI","EVA LIVE INC.","NASDAQ"
"GOAU","US GLB GLD & METAL MNRS ETF","GOAU","US GLOBAL GO GOLD & PR METAL MINERS","NYSE"
"GOCO","GOHEALTH INC-CLASS A","GOCO","GENWORTH FINANCIAL INC COMMON S","NASDAQ"
"GOCT","FT VEST US EQUITY MODERATE B","GOCT","FT CBOE VEST US EQUITY MODERATE BUFFER OCT","BATS"
"GOEX","GLOBAL X GOLD EXPLORERS ETF","GOEX","GLOBAL X GOLD EXPLORERS ETF","NYSE"
"GOF","GUGGENHEIM STRATEGIC OPPORT","GOF","GUGGENHEIM STRATEGIC OPP FUND","NYSE"
"GOGO","GOGO INC","GOGO","GOGO INC. COMMON STOCK","NASDAQ"
"GOLD","GOLD.COM INC","GOLD","GOLD.COM INC","NYSE"
"GOLF","ACUSHNET HOLDINGS CORP","GOLF","ACUSHNET HOLDINGS CORP","NYSE"
"GOLS","GBELI OP IN LIV AND SPRT ETF","GOLS","GABELLI OPPORTUNITIES IN LIVE AND SPORTS","NYSE"
"GOLY","STRATEGY SHARES GOLD ENHANCE","GOLY","STRATEGY SHARES GOLD-HEDGED BOND ETF","BATS"
"GOOD","GLADSTONE COMMERCIAL CORP","GOOD","GLADSTONE COMMERCIAL","NASDAQ"
"GOODN","GLADSTONE COMMERCIAL CORP PFD","GOODN","GLADSTONE COMMERCIAL CORPORATION","NASDAQ"
"GOODO","GLADSTONE COMMER","GOODO","GLADSTONE COMMERCIAL CORP 6.00% SERIES G PF","NASDAQ"
"GOOG","Google Inc.","GOOG","ALPHABET INC CLASS C","NASDAQ"
"GOOGL","ALPHABET INC-CL A","GOOGL","ALPHABET INC CLASS A","NASDAQ"
"GOOP","KURV YLD PREM STR GOOGL ETF","GOOP","KURV YIELD PREMIUM STRATEGY GOOGLE ETF","BATS"
"GOOS","CANADA GOOSE HOLDINGS INC","GOOS","CANADA GOOSE HOLDINGS INC","NYSE"
"GOOW","ROUNDHILL GOOGL WEKLYPAY ETF","GOOW","ROUNDHILL ETF TRUST ROUNDHILL GOOGL WEEKLYPAY ETF","BATS"
"GOOX","T-REX 2X LNG ALPHABET DLY","GOOX","OPPTY TRUST T-REX 2X LONG ALPHABET DAILY TARGET","BATS"
"GOOY","YIELDMAX GOOGL OPTION INCOME","GOOY","YIELDMAX GOOGL OPTION INCOME STRATEGY ETF","NYSE"
"GOP","UNUSUAL WHALES SUB REPUB ETF","GOP","UNUSUAL WHALES SUBVERSIVE REPUBLICAN TRADING ETF","BATS"
"GORO","GOLD RESOURCE CORP","GORO","GOLD RESOURCE","NYSE_AMERICAN"
"GOSS","GOSSAMER BIO INC","GOSS","GOSSAMER BIO, INC. COMMON STOCK","NASDAQ"
"GOTU","GAOTU TECHEDU INC","GOTU","GAOTU TECHEDU INC","NYSE"
"GOU","GRANITE 2X LONG GOOGL ETF","GOU","GRANITESHARES 2X LONG GOOGL DAILY ETF","NASDAQ"
"GOVI","INVESCO EQUAL WEIGHT 0-30 YR","GOVI","INVESCO EQUAL WEIGHT 0-30 YEAR TREASURY ETF","NASDAQ"
"GOVT","ISHARES US TREASURY BOND ETF","GOVT","ISHARES U.S. TREASURY BOND ETF","BATS"
"GOVX","GEOVAX LABS INC","GOVX","GEOVAX LABS, INC. COMMON STOCK","NASDAQ"
"GOVZ","ISHARES 25+ YR TREAS STRIPS","GOVZ","ISHARES 25 YEAR TREASURY STRIPS BOND ETF","BATS"
"GP","GREENPOWER MOTOR CO INC","GP","GREENPOWER MOTOR COMPANY INC.","NASDAQ"
"GPAC","GENERAL PURPOSE ACQUISIT-A","GPAC","GENERAL PURPOSE ACQUISITION CORP. CLASS A","NASDAQ"
"GPACU","GENERAL PURPOSE ACQUISITION","GPACU","GENERAL PURPOSE ACQUISITION CORP. UNT","NASDAQ"
"GPAT","GP-ACT III ACQUISITION-A","GPAT","GP-ACT III ACQUISITION CORP. CLASS A","NASDAQ"
"GPATU","GP-ACT III ACQUISITION CORP","GPATU","GP-ACT III ACQUISITION CORP. UNT","NASDAQ"
"GPC","GENUINE PARTS CO","GPC","GENUINE PARTS","NYSE"
"GPCR","STRUCTURE THERAPEUTICS INC","GPCR","STRUCTURE THERAPEUTICS INC. ADS","NASDAQ"
"GPGI","GPGI INC","GPGI","GPGI INC","NYSE"
"GPI","GROUP 1 AUTOMOTIVE INC","GPI","GROUP 1 AUTOMOTIVE","NYSE"
"GPIQ","GS NASDAQ-100 PR INC ETF-USD","GPIQ","GOLDMAN SACHS NASDAQ-100 PREMIUM INCOME ETF","NASDAQ"
"GPIX","GLDM SA S&P 500 PR IN ETF-US","GPIX","GOLDMAN SACHS S&P 500 PREMIUM INCOME ETF","NASDAQ"
"GPJA","SO 5 10-01-77 PFD","GPJA","GEORGIA POWER CO","NYSE"
"GPK","GRAPHIC PACKAGING HOLDING CO","GPK","GRAPHIC PACKAGING HOLDING","NYSE"
"GPMT","GRANITE POINT MORTGAGE TRUST","GPMT","GRANITE POINT MORTGAGE TRUST INC","NYSE"
"GPN","GLOBAL PAYMENTS INC","GPN","GLOBAL PAYMENTS","NYSE"
"GPOR","GULFPORT ENERGY CORP","GPOR","GULFPORT ENERGY CORP","NYSE"
"GPRE","GREEN PLAINS INC","GPRE","GREEN PLAINS INC. COMMON STOCK","NASDAQ"
"GPRK","GEOPARK LTD","GPRK","GEOPARK LIMITED","NYSE"
"GPRO","GOPRO INC-CLASS A","GPRO","GOPRO, INC. CLASS A COMMON STO","NASDAQ"
"GPT","INTELLIGE ALPHA ATLAS ETF-UI","GPT","EA SERIES TRUST INTELLIGENT ALPHA ATLAS ETF","NASDAQ"
"GPTY","YLDMX AI & T PRT OPTN IN ETF","GPTY","YIELDMAX AI & TECH PORTFOLIO OPTION INCOME ETF","NYSE"
"GPUS","HYPERSCALE DATA INC","GPUS","HYPERSCALE DATA INC","NYSE_AMERICAN"
"GPZ","VANECK ALT ASSET MANAGER ETF","GPZ","VANECK ALTERNATIVE ASSET MANAGER ETF","NYSE"
"GQGU","GQG US EQUITY ETF","GQGU","GQG US EQUITY ETF","NYSE"
"GQI","NATIXIS GATEWAY QUALITY INC","GQI","NATIXIS GATEWAY QUALITY INCOME ETF","NYSE"
"GQRE","FLEXSHARES GLOBAL QUALITY RE","GQRE","FLEXSHARES GLOBAL QUALITY REAL","NYSE"
"GRAB","GRAB HOLDINGS LTD - CL A","GRAB","GRAB HOLDINGS LIMITED CLASS A","NASDAQ"
"GRAF","GRAF GLOBAL CORP-CL A","GRAF","GRAF GLOBAL CORP","NYSE_AMERICAN"
"GRAG","LEVERAGE SHARES 2X GRAB","GRAG","LEVERAGE SHARES 2X LONG GRAB DAILY ETF","NASDAQ"
"GRAL","GRAIL INC","GRAL","GRAIL, INC.","NASDAQ"
"GRAN","GRANDE GROUP LTD-A","GRAN","GRANDE GROUP LIMITED CLASS A","NASDAQ"
"GRBK","GREEN BRICK PARTNERS INC","GRBK","GREEN BRICK PARTNERS INC","NYSE"
"GRC","GORMAN-RUPP CO","GRC","GORMAN-RUPP COMPANY","NYSE"
"GRCE","GRACE THERAPEUTICS INC","GRCE","GRACE THERAPEUTICS, INC.","NASDAQ"
"GRDN","GUARDIAN PHRMCY SERVICES-A","GRDN","GUARDIAN PHARMACY SERVICES INC","NYSE"
"GRDX","GRIDAI TECHNOLOGIES CORP","GRDX","GRIDAI TECHNOLOGIES CORP.","NASDAQ"
"GREE","GREENIDGE GENERATION HOLDING","GREE","GREENIDGE GENERATION HOLDINGS INC. CLASS A","NASDAQ"
"GREEL","GREENIDGE GENERATION HOLDINGS INC","GREEL","GREENIDGE GENERATION HOLDINGS INC. 8.50% SRNT 2026","NASDAQ"
"GREK","GLOBAL X MSCI GREECE ETF","GREK","GLOBAL X MSCI GREECE 20 ETF","NYSE"
"GRF","EAGLE CAPITAL GROWTH FUND","GRF","EAGLE CAPITAL GROWTH COMMON","NYSE_AMERICAN"
"GRFS","GRIFOLS SA-ADR","GRFS","GRIFOLS","NASDAQ"
"GRI","GRI BIO INC","GRI","GRI BIO, INC.","NASDAQ"
"GRID","FIRST TRST NASD CL EDG SGIIF","GRID","FIRST TRUST NASDAQ CLN EDGE SM","NASDAQ"
"GRIN","VICTORYSHARES INTL FR CSH FL","GRIN","VICTORYSHARES INTL FREE CASH FLOW GROWTH ETF","NASDAQ"
"GRML","GREENLAND MINES LTD","GRML","GREENLAND MINES LTD.","NASDAQ"
"GRMN","GARMIN LTD","GRMN","GARMIN","NYSE"
"GRN","IPATH SERIES B CARBON ETN","GRN","IPATH SERIES B CARBON ETN","NYSE"
"GRNB","VANECK GREEN BOND ETF","GRNB","VANECK GREEN BOND ETF","NYSE"
"GRND","GRINDR INC","GRND","GRINDR INC","NYSE"
"GRNI","FUNDSTR GRAN SH US L-C & INC","GRNI","FUNDSTRAT GRNNY SHOTS US LARGE CAP & INCOME ETF","NYSE"
"GRNJ","FUNDSTR GRAN SH US SM & MID","GRNJ","FUNDSTRAT GRNNY SHOTS US SMALL & MID CAP ETF","NYSE"
"GRNQ","GREENPRO CAPITAL CORP","GRNQ","GREENPRO CAPITAL CORP. COMMON STOCK","NASDAQ"
"GRNT","GRANITE RIDGE RESOURCES INC","GRNT","GRANITE RIDGE RESOURCES, INC.","NYSE"
"GRNY","FUNDSTR GRAN SH US LRG CAP","GRNY","FUNDSTRAT GRANNY SHOTS US LARGE CAP ETF","NYSE"
"GRO","BRAZIL POTASH CORP","GRO","BRAZIL POTASH CORP","NYSE_AMERICAN"
"GROV","GROVE COLLABORATIVE HOLDINGS","GROV","GROVE COLLABORATIVE HOLDINGS INC","NYSE"
"GROW","U.S. GLOBAL INVESTORS INC-A","GROW","US GLOBAL INVESTORS","NASDAQ"
"GROY","GOLD ROYALTY CORP","GROY","GOLD ROYALTY CORP","NYSE_AMERICAN"
"GROZ","ZACKS FOCUS GROWTH ETF","GROZ","ZACKS TRUST ZACKS FOCUS GROWTH ETF","BATS"
"GRPM","INVESCO S&P MIDCAP 400 GARP","GRPM","INVESCO S&P MIDCAP 400 GARP ETF","NYSE"
"GRPN","GROUPON INC","GRPN","GROUPON INC","NASDAQ"
"GRPZ","INVESCO S&P SC 600 GARP ETF","GRPZ","INVESCO S&P SMALLCAP 600 GARP ETF","NYSE"
"GRRR","GORILLA TECHNOLOGY GROUP INC","GRRR","GORILLA TECHNOLOGY GROUP INC.","NASDAQ"
"GRVY","GRAVITY CO LTD-SPONSORED ADR","GRVY","GRAVITY CO","NASDAQ"
"GRW","TCW DURABLE GROWTH ETF","GRW","TCW ETF TRUST TCW DURABLE GROWTH ETF","NASDAQ"
"GRWG","GROWGENERATION CORP","GRWG","GROWGENERATION CORP. COMMON STOCK","NASDAQ"
"GRX","GABELLI HEALTHCARE & WELL","GRX","GABELLI HEALTHCARE & WELLNESS","NYSE"
"GS","GOLDMAN SACHS GROUP INC","GS","GOLDMAN SACHS GROUP","NYSE"
"GSAT","GLOBALSTAR INC","GSAT","GLOBALSTAR, INC.","NASDAQ"
"GSBC","GREAT SOUTHERN BANCORP INC","GSBC","GREAT SOUTHERN BANCORP","NASDAQ"
"GSBD","GOLDMAN SACHS BDC INC","GSBD","GOLDMAN SACHS BDC","NYSE"
"GSC","GOLDMAN SACHS SMALL CAP EQUI","GSC","GOLDMAN SACHS SMALL CAP EQUITY ETF","NYSE"
"GSEE","GOLDMAN SACHS MARKETBETA EME","GSEE","GOLDMAN SACHS MARKETBETA EM EQUITY ETF","BATS"
"GSEP","FT VEST US EQUITY MODERATE B","GSEP","FIRST TR VIII CBOE VEST US EQUITY MOD BUFFER SEP","BATS"
"GSEU","GOLDMAN ACTIVEBTA EUR EQ ETF","GSEU","GOLDMAN SACHS ACTIVEBETA EUROPE EQUITY","NYSE"
"GSEW","GOLDMAN SACHS EQL WGHT LARGE","GSEW","GOLDMAN SACHS EQUAL WEIGHT US LARGE CAP EQUITY ETF","BATS"
"GSG","ISHARES S&P GSCI COMMODITY I","GSG","ISHARES S&P GSCI COMMODITY-IND","NYSE"
"GSGO","GLDMN SCHS GRWTH OPRTNTY ETF","GSGO","GOLDMAN SACHS GROWTH OPPORTUNITIES ETF","NASDAQ"
"GSHD","GOOSEHEAD INSURANCE INC -A","GSHD","GOOSEHEAD INSURANCE, INC. CLASS A","NASDAQ"
"GSHR","GESHER ACQUISITION CORP II-A","GSHR","GESHER ACQUISITION CORP. II CLASS A","NASDAQ"
"GSHRU","GESHER ACQUISITION CORP II","GSHRU","GESHER ACQUISITION CORP. II UNT","NASDAQ"
"GSIB","THEMES GLBL SYST IMPRT BNKS","GSIB","THEMES GLOBAL SYSTEMICALLY IMPORTANT BANKS ETF","NASDAQ"
"GSID","GOLDMAN SACHS MARKETBETA INT","GSID","GOLDMAN SACHS MARKETBETA INTERNATIONAL EQUITY ETF","BATS"
"GSIE","GOLDMAN SACHS ACTIVEBETA INT","GSIE","GOLDMAN SACHS ACTIVEBETA INTL EQUITY","NYSE"
"GSIT","GSI TECHNOLOGY INC","GSIT","GSI TECHNOLOGY","NASDAQ"
"GSIW","GARDEN STAGE LTD-A","GSIW","GARDEN STAGE LIMITED CLASS A","NASDAQ"
"GSJY","GOLDMAN ACTIVEBETA JP EQ ETF","GSJY","GOLDMAN SACHS ACTIVEBETA JAPAN EQUITY","NYSE"
"GSK","GSK PLC-SPON ADR","GSK","GSK INC","NYSE"
"GSKH","GSK PLC ADRHEDGED","GSKH","GSK PLC ADR HEDGED","NYSE"
"GSL","GLOBAL SHIP LEASE INC-CL A","GSL","GLOBAL SHIP LEASE","NYSE"
"GSLC","GOLDMAN ACTIVEBETA US LC ETF","GSLC","GOLDMAN SACHS ACTIVEBETA US LG CAP EQ","NYSE"
"GSM","FERROGLOBE PLC","GSM","FERROGLOBE PLC","NASDAQ"
"GSOL","GRAYSCALE SOLANA STAKING ETF","GSOL","GRAYSCALE SOLANA STAKING ETF","NYSE"
"GSPY","GOTHAM ENHANCED 500 ETF","GSPY","GOTHAM ENHANCED 500 ETF","NYSE"
"GSRF","GSR IV ACQUISITION CORP-CL A","GSRF","GSR IV ACQUISITION CORP. CLASS A","NASDAQ"
"GSRFU","GSR IV ACQUISITION CORP","GSRFU","GSR IV ACQUISITION CORP. UNT","NASDAQ"
"GSSC","GOLDMAN SACHS ACTIVEBETA US","GSSC","GS ACTIVE BETA US SMALL CAP EQUITY ETF","NYSE"
"GSST","GOLDMAN SACHS ULTRA SHORT BO","GSST","GOLDMAN SACHS ACCESS ULTRA SHORT BOND ETF","BATS"
"GSUN","GOLDEN SUN TECHNOLOGY GRO-A","GSUN","GOLDEN SUN TECHNOLOGY GROUP LIMITED CLASS A","NASDAQ"
"GSUS","GOLDMAN SACHS MARKETBETA US","GSUS","GOLDMAN SACHS MARKETBETA US EQUITY ETF","BATS"
"GSWO","GOLDMAN SACHS ACTIVEBETA WOR","GSWO","","BATS"
"GSY","INVESCO ULTRA SHORT DURATION","GSY","INVESCO ULTRA SHORT DURA","NYSE"
"GT","GOODYEAR TIRE & RUBBER CO","GT","THE GOODYEAR TIRE & RUBBER COM","NASDAQ"
"GTBP","GT BIOPHARMA INC","GTBP","GT BIOPHARMA, INC. COMMON STOCK","NASDAQ"
"GTE","GRAN TIERRA ENERGY INC","GTE","GRAN TIERRA ENERGY","NYSE_AMERICAN"
"GTEC","GREENLAND TECHNOLOGIES-A","GTEC","GREENLAND TECHNOLOGIES HC CLASS A","NASDAQ"
"GTEK","GS FUTURE TECH LEADERS EQ","GTEK","GOLDMAN SACHS FUTURE TECH LEADERS EQUITY ETF","NYSE"
"GTEN","GORES HOLDINGS X INC-CL A","GTEN","GORES HOLDINGS X, INC. CLASS A","NASDAQ"
"GTENU","GORES HOLDINGS X INC","GTENU","GORES HOLDINGS X, INC. UNT","NASDAQ"
"GTERA","GLOBA TERRA ACQUISITION CO-A","GTERA","GLOBA TERRA ACQUISITION CORPORATION CLASS A","NASDAQ"
"GTERU","GLOBA TERRA ACQUISITION CORP","GTERU","GLOBA TERRA ACQUISITION CORPORATION UNT","NASDAQ"
"GTES","GATES INDUSTRIAL CORP PLC","GTES","GATES INDUSTRIAL CORP PLC","NYSE"
"GTIM","GOOD TIMES RESTAURANTS INC","GTIM","GOOD TIMES RESTAURANTS","NASDAQ"
"GTIP","GOLDMAN SACHS ACCESS INFLATI","GTIP","GOLDMAN SACHS ESS INFLATION PROTECTED USD BOND","BATS"
"GTLB","GITLAB INC-CL A","GTLB","GITLAB INC. CLASS A COMMON STOCK","NASDAQ"
"GTLS","CHART INDUSTRIES INC","GTLS","CHART INDUSTRIES","NYSE"
"GTM","ZOOMINFO TECHNOLOGIES INC","GTM","ZOOMINFO TECHNOLOGIES INC","NASDAQ"
"GTN","GRAY MEDIA INC","GTN","GRAY MEDIA INC","NYSE"
"GTO","INVESCO TOTAL RETURN BOND ET","GTO","INVESCO RETURN BOND ETF","NYSE"
"GTOP","GS TECH OPPORTUNITIES ETF","GTOP","GOLDMAN SACHS TECHNOLOGY OPPORTUNITIES ETF","NASDAQ"
"GTOQ","INV HIG YELD SYS BND ETF-USD","GTOQ","INVESCO HIGH YIELD SYSTEMATIC BOND ETF","NASDAQ"
"GTOS","INVESCO SHORT DURATION TOTAL","GTOS","INVESCO SHORT DURATION TOTAL RETURN BOND ETF","BATS"
"GTPE","GS MSCI WRLD PRV EQ RTR TRKR","GTPE","GOLDMAN SACHS MSCI WORLD PRIVATE EQUITY TR TRACKER","NASDAQ"
"GTX","GARRETT MOTION INC","GTX","GARRETT MOTION INC. COMMON STOCK","NASDAQ"
"GTY","GETTY REALTY CORP","GTY","GETTY REALTY CORP","NYSE"
"GUG","GUGGENHEIM ACTIVE ALLOCATION","GUG","GUGGENHEIM ACTIVE ALLOCATION FUND","NYSE"
"GUNR","FLEXSHARES GLOBAL UPSTREAM N","GUNR","FLEXSHARES MSTAR GBL UPSTRM NA","NYSE"
"GURE","GULF RESOURCES INC","GURE","GULF RESOURCES, INC. (NV)","NASDAQ"
"GURU","GLOBAL X GURU INDEX ETF","GURU","GLOBAL X GURU HOLDINGS IND","NYSE"
"GUSA","GOLDMAN SACHS MARKETBETA US","GUSA","GOLDMAN SACHS MARKETBETA U.S. 1000 EQUITY ETF","NYSE"
"GUSE","GS ENHANCED US EQUITY ETF","GUSE","GOLDMAN SACHS ENHANCED U.S. EQUITY ETF","NASDAQ"
"GUSH","DIREXION DAILY S&P OIL & GAS","GUSH","DIREXION DAILY S&P OIL GAS EXPL BULL 2X","NYSE"
"GUT","GABELLI UTILITY TRUST","GUT","GABELLI UTILITY TRUST COMMON","NYSE"
"GUTS","FRACTYL HEALTH INC","GUTS","FRACTYL HEALTH, INC.","NASDAQ"
"GV","VISIONARY HOLDINGS INC","GV","VISIONARY EDUCATION TECH HOLDINGS GROUP INC.","NASDAQ"
"GVA","GRANITE CONSTRUCTION INC","GVA","GRANITE CONSTRUCTION","NYSE"
"GVAL","CAMBRIA GLOBAL VALUE ETF","GVAL","CAMBRIA GLOBAL VALUE ETF","BATS"
"GVH","GLOBAVEND HOLDINGS LTD","GVH","GLOBAVEND HOLDINGS LIMITED","NASDAQ"
"GVI","ISHARES INTERMEDIATE GOVERNM","GVI","ISHARES INTERMEDIATE GOVERNMENT/CREDIT BOND ETF","BATS"
"GVIP","GOLD SACHS HEDGE IND VIP ETF","GVIP","GOLDMAN SACHS HEDGE INDUSTRY VIP ETF","NYSE"
"GVLE","GS VALUE OPPORTUNITIES ETF","GVLE","GOLDMAN SACHS VALUE OPPORTUNITIES ETF","NASDAQ"
"GVLU","GOTHAM 1000 VALUE ETF","GVLU","GOTHAM 1000 VALUE ETF","NYSE"
"GVUS","GOLDMAN SACHS MB R1000 VAL","GVUS","GOLDMAN SACHS MARKETBETA RUSSELL 1000 VALUE EQUITY","NYSE"
"GWAV","GREENWAVE TECHNOLOGY SOLUTIO","GWAV","GREENWAVE TECHNOLOGY SOLUTIONS, INC.","NASDAQ"
"GWH","ESS TECH INC","GWH","ESS TECH INC","NYSE"
"GWRE","GUIDEWIRE SOFTWARE INC","GWRE","GUIDEWIRE SOFTWARE","NYSE"
"GWRS","GLOBAL WATER RESOURCES INC","GWRS","GLOBAL WATER RESOURCES, INC.","NASDAQ"
"GWW","WW GRAINGER INC","GWW","W.W. GRAINGER","NYSE"
"GWX","STATE STREET SPDR S&P INTERN","GWX","STATE ST SPDR S&P INTERNATIONAL SMALL CAP","NYSE"
"GXAI","GAXOS.AI INC","GXAI","GAXOS.AI INC.","NASDAQ"
"GXC","STATE STREET SPDR S&P CHINA","GXC","STATE ST SPDR S&P CHINA","NYSE"
"GXDW","GLOBAL X DORSEY WRIGHT THEMA","GXDW","GLOBAL X DORSEY WRIGHT THEMATIC ETF","NASDAQ"
"GXIG","GLOBAL X IG CORP BOND ETF","GXIG","GLOBAL X INVESTMENT GRADE CORP BOND ETF","NYSE"
"GXO","GXO LOGISTICS INC","GXO","GXO LOGISTICS INC","NYSE"
"GXPC","GLOBAL X PURECAP COMM SERV","GXPC","GLOBAL X PURECAP MSCI COMMUNICATION SVCS ETF","NYSE"
"GXPD","GLOBAL X PURECAP CONS DISC","GXPD","GLOBAL X PURECAP MSCI CONSUMER DISCRETIONARY ETF","NYSE"
"GXPE","GLOBAL X PURECAP ENERGY","GXPE","GLOBAL X PURECAP MSCI ENERGY ETF","NYSE"
"GXPT","GLOBAL X PURECAP INFO TECH","GXPT","GLOBAL X PURECAP MSCI INFORMATION TECHNOLOGY ETF","NYSE"
"GXRP","GRAYSCALE XRP TRUST ETF","GXRP","GRAYSCALE XRP TRUST ETF","NYSE"
"GXUS","GOLDMAN SACHS MB TOT INT ETF","GXUS","GOLDMAN SACHS MARKETBETA TOTAL INTL EQUITY ETF","NYSE"
"GYLD","ARROW DOW JONES GLOBAL YIELD","GYLD","ARROW DOW JONES GLOBAL YIELD E","NYSE"
"GYRE","GYRE THERAPEUTICS INC","GYRE","GYRE THERAPEUTICS, INC.","NASDAQ"
"GYRO","GYRODYNE LLC","GYRO","GYRODYNE CO OF AMERICA","NASDAQ"
"H","HYATT HOTELS CORP - CL A","H","HYATT HOTELS","NYSE"
"HACK","AMPLIFY CYBERSECURITY ETF","HACK","AMPLIFY CYBER SECURITY ETF","NYSE"
"HACQ","HCM IV ACQUISITION CORP CL-A","HACQ","HCM IV ACQUISITION CORP. CLASS A SHARE","NASDAQ"
"HACQU","HCM IV ACQUISITION CORP","HACQU","HCM IV ACQUISITION CORP. UNT","NASDAQ"
"HAE","HAEMONETICS CORP-MASS","HAE","HAEMONETICS","NYSE"
"HAFC","HANMI FINANCIAL CORPORATION","HAFC","HANMI FINANCIAL","NASDAQ"
"HAFN","HAFNIA LTD","HAFN","HAFNIA LTD","NYSE"
"HAIL","SS SPDR S&P KENSHO SM ETF","HAIL","STATE ST SPDR S&P KENSHO SMART MOBILITY ETF","NYSE"
"HAIN","HAIN CELESTIAL GROUP INC","HAIN","HAIN CELESTIAL GROUP","NASDAQ"
"HAKY","AMPLIFY HACK CYBER COV ETF","HAKY","AMPLIFY HACK CYBERSECURITY COVERED CALL ETF","NYSE"
"HAL","HALLIBURTON CO","HAL","HALLIBURTON","NYSE"
"HALO","HALOZYME THERAPEUTICS INC","HALO","HALOZYME THERAPEUTICS","NASDAQ"
"HAO","HAOXI HEALTH TECHNOLOGY LTD","HAO","HAOXI HEALTH TECHNOLOGY LIMITED CLASS A","NASDAQ"
"HAP","VANECK NATURAL RESOURCES ETF","HAP","VANECK NATURAL RESOURCE ETF","NYSE"
"HAPI","HARBOR HUMAN CAPITAL FACTOR","HAPI","HARBOR HUMAN CAPITAL FACTOR US LARGE CAP","NYSE"
"HARD","SIMPLIFY COMMODITIES STR K-1","HARD","SIMPLIFY COMMODITIES STRATEGY NO K-1 ETF","NYSE"
"HAS","HASBRO INC","HAS","HASBRO","NASDAQ"
"HASI","HA SUSTAINABLE INFRASTRUCTUR","HASI","HA SUSTAINABLE INFRASTRUCTURE CAPITAL INC","NYSE"
"HAUS","RESIDENTIAL REIT ETF","HAUS","HOME APPRECIATION US REIT ETF","BATS"
"HAUZ","XTRACKERS INTL REAL ESTATE","HAUZ","XTRACKERS INTERNATIONAL REAL ESTATE ETF","NYSE"
"HAVA","HARVARD AVE ACQUISITION-CL A","HAVA","HARVARD AVE ACQUISITION CORPORATION CLASS A","NASDAQ"
"HAVAU","HARVARD AVE ACQUISITION CORP","HAVAU","HARVARD AVE ACQUISITION CORPORATION UNT","NASDAQ"
"HAWX","ISHARES CUR HDG MSCI ACWI-X","HAWX","ISHARES CH MSCI ACWI EX US","NYSE"
"HAYW","HAYWARD HOLDINGS INC","HAYW","HAYWARD HOLDINGS INC","NYSE"
"HBAN","HUNTINGTON BANCSHARES INC","HBAN","HUNTINGTON BANCSHARES","NASDAQ"
"HBANL","HUNTINGTON BANCSHARES","HBANL","HUNTINGTON BANCSHARES (1/40 6.875% SERIES J PF)","NASDAQ"
"HBANM","HUNTINGTON BANCSHARES","HBANM","HUNTINGTON BANCSHARES (1/1000 HUNTGTON SER I PF)","NASDAQ"
"HBANP","HUNTINGTON BANCSHARES","HBANP","HUNTINGTON BANCSHARES 4.500% SERIES H PF","NASDAQ"
"HBANZ","HUNTINGTON BANCSHARES","HBANZ","HUNTINGTON BANCSHARES (1/1000 5.50% SERIES L PF)","NASDAQ"
"HBB","HAMILTON BEACH BRAND-A","HBB","HAMILTON BEACH BRANDS HLDG CO","NYSE"
"HBCP","HOME BANCORP INC","HBCP","HOME BANCORP","NASDAQ"
"HBIO","HARVARD BIOSCIENCE INC","HBIO","HARVARD BIOSCIENCE","NASDAQ"
"HBM","HUDBAY MINERALS INC","HBM","HUDBAY MINERALS","NYSE"
"HBNB","HOTEL101 GLOBAL HOLDINGS C-A","HBNB","HOTEL101 GLOBAL HC. CLASS A","NASDAQ"
"HBNC","HORIZON BANCORP INC-IN","HBNC","HORIZON BANCORP","NASDAQ"
"HBT","HBT FINANCIAL INC-DE","HBT","HBT FINANCIAL INC.","NASDAQ"
"HCA","HCA HEALTHCARE INC","HCA","HCA HEALTHCARE INC","NYSE"
"HCAC","HALL CHADWICK ACQUISITION-A","HCAC","HALL CHADWICK ACQUISITION CORP CLASS A","NASDAQ"
"HCACU","HALL CHADWICK ACQUISITION CO","HCACU","HALL CHADWICK ACQUISITION CORP. UNT","NASDAQ"
"HCAI","HUACHEN AI PARKING MANAGEM-A","HCAI","HUACHEN AI PARKING MANAGEMENT TECH HC., LTD.","NASDAQ"
"HCAT","HEALTH CATALYST INC","HCAT","HEALTH CATALYST, INC COMMON STOCK","NASDAQ"
"HCC","WARRIOR MET COAL INC","HCC","WARRIOR MET COAL INC.","NYSE"
"HCHL","HAPPY CITY HOLDINGS LTD - A","HCHL","HAPPY CITY HOLDINGS LIMITED CLASS A","NASDAQ"
"HCI","HCI GROUP INC","HCI","HCI GROUP INC","NYSE"
"HCIC","HENNESSY CAPITAL INVEST-A","HCIC","HENNESSY CAPITAL INVESTMENT CORP. VIII CLASS A","NASDAQ"
"HCICU","HENNESSY CAPITAL INVESTMENT","HCICU","HENNESSY CAPITAL INVESTMENT CORP. VIII UNT","NASDAQ"
"HCKT","HACKETT GROUP INC-THE","HCKT","HACKETT GROUP","NASDAQ"
"HCM","HUTCHMED CHINA-ADR","HCM","HUTCHMED LIMITED ADS","NASDAQ"
"HCMA","HCM III ACQUISITION COR-CL A","HCMA","HCM III ACQUISITION CORP. CLASS A","NASDAQ"
"HCMAU","HCM III ACQUISITION CORP","HCMAU","HCM III ACQUISITION CORP. UNT","NASDAQ"
"HCMT","DIREXION HCM TACTIC US ETF","HCMT","DIREXION HCM TACTICAL ENHANCED US ETF","NYSE"
"HCOW","AMPLIFY COWS COVER CALL ETF","HCOW","AMPLIFY COWS COVERED CALL ETF","NASDAQ"
"HCSG","HEALTHCARE SERVICES GROUP","HCSG","HEALTHCARE SERVICES GROUP","NASDAQ"
"HCTI","HEALTHCARE TRIANGLE INC","HCTI","HEALTHCARE TRIANGLE, INC.","NASDAQ"
"HCWB","HCW BIOLOGICS INC","HCWB","HCW BIOLOGICS INC.","NASDAQ"
"HCWC","HEALTHY CHOICE WELLNESS CORP","HCWC","HEALTHY CHOICE WELLNESS CORP","NYSE_AMERICAN"
"HCXY","HERCULES CAPITAL INC","HCXY","HERCULES CAPITAL INC 6.25% NOTES","NYSE"
"HD","HOME DEPOT INC","HD","HOME DEPOT","NYSE"
"HDB","HDFC BANK LTD-ADR","HDB","HDFC BANK","NYSE"
"HDEF","XTRACKERS MSCI EAFE HIGH DIV","HDEF","XTRACKERS MSCI EAFE HI DIV YLD HEDGED","NYSE"
"HDG","PROSHARES HEDGE REPLICAT ETF","HDG","PROSHARES HEDGE REPLICATION ET","NYSE"
"HDGE","ADVISORSHARES RANGER EQ BEAR","HDGE","RANGER EQUITY BEAR ETF","NYSE"
"HDL","SUPER HI INTERNATIONAL HOLDI","HDL","SUPER HI INTERNATIONAL HOLDING LTD. ADS","NASDAQ"
"HDLB","ETRACS 2X HI DIV L-VOL ETN-B","HDLB","ETRACS MONTHLY PAY 2X US HIGH DIV LOW VOL ETN","NYSE"
"HDMV","FT HORIZON MGD VOL D INT ETF","HDMV","FIRST TRUST HORIZON MGD VTY DV INTL","NYSE"
"HDSN","HUDSON TECHNOLOGIES INC","HDSN","HUDSON TECHNOLOGY","NASDAQ"
"HDV","ISHARES CORE HIGH DIVIDEND E","HDV","ISHARES HIGH DIVIDEND EQUITY","NYSE"
"HE","HAWAIIAN ELECTRIC INDS","HE","HAWAIIAN ELECTRIC","NYSE"
"HEAL","GLOBAL X HEALTHTECH ETF","HEAL","GLOBAL X HEALTHTECH ETF","NASDAQ"
"HECA","HEDGEYE CAPITAL ALLOCAT ETF","HECA","HEDGEYE CAPITAL ALLOCATION ETF","NYSE"
"HEDG","EQUABLE SHARES HDG EQTY ETF","HEDG","EQUITABLE SHARES HEDGED EQUITY ETF","NYSE"
"HEDJ","WISDOMTREE EUROPE HEDGED EQU","HEDJ","WISDOMTREE EUROPE HDGD EQY FND","NYSE"
"HEEM","ISHARES CRNCY HEDGD MSCI EM","HEEM","ISHARES CURRENCY HEDGED MSCI EMERGING MARKETS ETF","BATS"
"HEFA","ISHA CURR HEDGED MSCI EAFE","HEFA","ISHARES CURRENCY HEDGED MSCI EAFE ETF","BATS"
"HEFT","HEDGEYE FOURTH TURNING ETF","HEFT","HEDGEYE FOURTH TURNING ETF","NYSE"
"HEGD","SWAN HEDGED EQUITY US LG CAP","HEGD","SWAN HEDGED EQUITY US LARGE CAP ETF","BATS"
"HEI","HEICO CORP","HEI","HEICO CORP","NYSE"
"HELE","HELEN OF TROY LTD","HELE","HELEN OF TROY","NASDAQ"
"HELO","JPMORGAN HEDGED EQUITY ETF","HELO","JP MORGAN HEDGED EQUITY LADDERED OVERLAY ETF","NYSE"
"HELP","CYBIN INC","HELP","CYBIN INC.","NASDAQ"
"HELS","HEDGEYE 130-30 EQUITY ETF","HELS","HEDGEYE 130/30 EQUITY ETF","NYSE"
"HEPS","D-MARKET ELECTRONIC SERV-ADR","HEPS","D-MARKET ELECTRONIC SERVICES & TRADING ADS","NASDAQ"
"HEQ","JOHN HANCOCK DIVERS INC FUND","HEQ","JOHN HANCOCK DIVERSIFIED INCOME FUND","NYSE"
"HEQQ","JPM HED LADDERED OVERLAY ETF","HEQQ","JPMORGAN NASDAQ HEDGED EQUITY LADDERED OVERLAY ETF","NASDAQ"
"HEQT","SIMPLIFY HEDGED EQUITY ETF","HEQT","SIMPLIFY HEDGED EQUITY ETF","NYSE"
"HERD","PACER CASH COWS FUND OF FUND","HERD","PACER CASH COWS FUND OF FUNDS ETF","NASDAQ"
"HERE","HERE GROUP LTD","HERE","HERE GROUP LIMITED ADS","NASDAQ"
"HERO","GLOBAL X VIDEO GAMES& ESPORT","HERO","GLOBAL X VIDEO GAMES & ESPORTS ETF","NASDAQ"
"HERZ","HERZFELD CREDIT INCOME FUND","HERZ","HERZFELD CREDIT INCOME FUND, INC.","NASDAQ"
"HESM","HESS MIDSTREAM LP - CLASS A","HESM","HESS MIDSTREAM LP","NYSE"
"HEWJ","ISHA CURR HEDGED MSCI JAPAN","HEWJ","ISHARES CURRENCY HEDGED MSCI J","NYSE"
"HEZU","ISHARES CURRENCY HEDGED MSCI","HEZU","ISHARES MSCI EUROZONE CURRENCY HEDGED","NYSE"
"HF","DGA CORE PLUS ABS RTRN ETF","HF","DGA ABSOLUTE RETURN ETF","NYSE"
"HFBL","HOME FEDERAL BANCORP INC-LA","HFBL","HOME FEDERAL BANCORP","NASDAQ"
"HFEQ","UNLIMITED HFEQ EQUITY LS ETF","HFEQ","UNLIMITED HFEQ EQUITY LONG/SHORT ETF","NYSE"
"HFFG","HF FOODS GROUP INC","HFFG","HF FOODS GROUP INC. COMMON STOCK","NASDAQ"
"HFGM","UNLTD HFGM GLOBAL MACRO ETF","HFGM","UNLIMITED HFGM GLOBAL MACRO ETF","NYSE"
"HFGO","HARTFORD LRG CAP GRWTH ETF","HFGO","HARTFORD LARGE CAP GROWTH ETF","BATS"
"HFMF","UNLMTED HFMF MNGED FTRES ETF","HFMF","UNLIMITED HFMF MANAGED FUTURES ETF","NYSE"
"HFND","UNLTD HFND MULT ST RET TRACK","HFND","UNLIMITED HFND MULTI-STRATEGY RETURN TRACKER","NYSE"
"HFRO","HIGHLAND OPPORT & INCOME","HFRO","HIGHLAND INCOME FUND","NYSE"
"HFSI","HARTFOR STRATEG INCOME ETF-U","HFSI","HARTFORD STRATEGIC INCOME ETF","BATS"
"HFWA","HERITAGE FINANCIAL CORP","HFWA","HERITAGE FINANCIAL","NASDAQ"
"HFXI","NYLI FTSE INT EQ CUR NEU-USD","HFXI","NYLI FTSE INTL EQUITY CURRENCY NEUTRAL ETF","NYSE"
"HG","HAMILTON INSURANCE GROU-CL B","HG","HAMILTON INSURANCE GROUP LTD","NYSE"
"HGBL","HERITAGE GLOBAL INC","HGBL","HERITAGE GLOBAL INC","NASDAQ"
"HGER","HARBOR COMMODITY ALL WEATHER","HGER","HARBOR ALL-WEATHER INFLATION FOCUS ETF","NYSE"
"HGLB","HIGHLAND GLOBAL ALLOCATION","HGLB","HIGHLAND GLOBAL ALLOCATION FUND","NYSE"
"HGRO","HEDGEYE QUALITY GROWTH ETF","HGRO","ETF OPP TR HEDGEYE QUALITY GROWTH ETF","NYSE"
"HGTY","HAGERTY INC-A","HGTY","HAGERTY INC","NYSE"
"HGV","HILTON GRAND VACATIONS INC","HGV","HILTON GRAND VACATIONS INC","NYSE"
"HHH","HOWARD HUGHES HOLDINGS INC","HHH","HOWARD HUGHES HOLDINGS INC","NYSE"
"HHS","HARTE-HANKS INC","HHS","HARTE-HANKS, INC. COMMON STOCK","NASDAQ"
"HIBL","DIREXION DAILY S&P 500 HIGH","HIBL","DIREXION DAILY S&P 500 HIGH BETA BULL 3X ETF","NYSE"
"HIBS","DIREXION DAILY S&P 500 HIGH","HIBS","DIREXION DAILY S&P 500 HIGH BETA BEAR 3X ETF","NYSE"
"HIDE","ALPHA ARC HIGH INF & DEF ETF","HIDE","ALPHA ARCHITECT HIGH INFLATION AND DEFLATION ETF","NASDAQ"
"HIFS","HINGHAM INSTITUTION FOR SVGS","HIFS","HINGHAM INSTITUTION","NASDAQ"
"HIG","HARTFORD INSURANCE GROUP INC","HIG","HARTFORD INSURANCE GROUP INC","NYSE"
"HIGH","SIMPLIFY ENHANCED INCOME ETF","HIGH","SIMPLIFY ENHANCED INCOME ETF","NYSE"
"HIHO","HIGHWAY HOLDINGS LIMITED","HIHO","HIGHWAY HOLDINGS","NASDAQ"
"HII","HUNTINGTON INGALLS INDUSTRIE","HII","HUNTINGTON INGALLS","NYSE"
"HIMS","HIMS & HERS HEALTH INC","HIMS","HIMS AND HERS HEALTH INC","NYSE"
"HIMU","ISHARES HIGH YILD MUNI A ETF","HIMU","BLACKROCK II ISHARES HI YLD MUNI ACTIVE","BATS"
"HIMX","HIMAX TECHNOLOGIES INC-ADR","HIMX","HIMAX TECHNOLOGIES","NASDAQ"
"HIMZ","DEFIANCE DT 2X LONG HIMS ETF","HIMZ","DEFIANCE DAILY TARGET 2X LONG HIMS ETF","NASDAQ"
"HIND","VYOME HOLDINGS INC","HIND","VYOME HOLDINGS, INC.","NASDAQ"
"HIO","WESTERN ASSET HI INC OPPORT","HIO","WESTERN ASSET HIGH INCOME OPP","NYSE"
"HIPO","HIPPO HOLDINGS INC","HIPO","HIPPO HOLDINGS INC","NYSE"
"HIPS","GRANITESHARES HIPS US HIGH I","HIPS","GRANITESHARES HIPS US HIGH INCOME ETF","NYSE"
"HISF","FIRST TR HI INC STRAT FOC","HISF","FIRST TR HIGH INCOME STRATEGIC FOCUS ETF","NASDAQ"
"HIT","HEALTH IN TECH INC-CLASS A","HIT","HEALTH IN TECH, INC. CLASS A","NASDAQ"
"HITI","HIGH TIDE INC","HITI","HIGH TIDE INC. COMMON SHARES","NASDAQ"
"HIVE","HIVE DIGITAL TECHNOLOGIES LT","HIVE","DIGITAL TECHNOLOGIES LTD","NASDAQ"
"HIW","HIGHWOODS PROPERTIES INC","HIW","HIGHWOODS PROPERTIES","NYSE"
"HIX","WESTERN ASSET HIGH INC II","HIX","WESTERN ASSET HIGH INC FUND II","NYSE"
"HIYY","YIELDMAX HIMS OP INC STR ETF","HIYY","YIELDMAX HIMS OPTION INCOME STRATEGY ETF","NYSE"
"HKD","AMTD DIGITAL INC-ADR","HKD","AMTD DIGITAL INC","NYSE"
"HKIT","HITEK GLOBAL INC-CL A","HKIT","HITEK GLOBAL INC.","NASDAQ"
"HKPD","CELLYAN BIOTECHNOLOGY CO-A","HKPD","CELLYAN BIOTECHNOLOGY CO., LTD CLASS A","NASDAQ"
"HL","HECLA MINING CO","HL","HECLA MINING","NYSE"
"HLAL","WAHED FTSE USA SHARIAH ETF","HLAL","WAHED FTSE USA SHARIAH ETF","NASDAQ"
"HLF","HERBALIFE LTD","HLF","HERBALIFE","NYSE"
"HLI","HOULIHAN LOKEY INC","HLI","HOULIHAN LOKEY INC","NYSE"
"HLIO","HELIOS TECHNOLOGIES INC","HLIO","HELIOS TECHNOLOGIES INC","NYSE"
"HLIT","HARMONIC INC","HLIT","HARMONIC","NASDAQ"
"HLLY","HOLLEY INC","HLLY","HOLLEY INC","NYSE"
"HLMN","HILLMAN SOLUTIONS CORP","HLMN","HILLMAN SOLUTIONS CORP.","NASDAQ"
"HLN","HALEON PLC-ADR","HLN","HALEON PLC","NYSE"
"HLNE","HAMILTON LANE INC-CLASS A","HLNE","HAMILTON LANE INCORPORATED CLASS A","NASDAQ"
"HLP","HONGLI GROUP INC","HLP","HONGLI GROUP INC.","NASDAQ"
"HLT","HILTON WORLDWIDE HOLDINGS IN","HLT","HILTON WORLDWIDE HOLDINGS INC","NYSE"
"HLX","HELIX ENERGY SOLUTIONS GROUP","HLX","HELIX ENERGY SOLUTIONS","NYSE"
"HLXC","HELIX ACQUISITION CORP-CL A","HLXC","HELIX ACQUISITION CORP. III CLASS A","NASDAQ"
"HMC","HONDA MOTOR CO LTD-SPONS ADR","HMC","HONDA MOTOR","NYSE"
"HMH","HMH HOLDING INC CL-A","HMH","HMH HOLDING INC. CLASS A","NASDAQ"
"HMN","HORACE MANN EDUCATORS","HMN","HORACE MANN EDUCATORS","NYSE"
"HMOP","HARTFORD MUNICIPAL OPP ETF","HMOP","HARTFORD MUNICIPAL OPPORTUNITIES ETF","NYSE"
"HMR","HEIDMAR MARITIME HOLDINGS CO","HMR","HEIDMAR MARITIME HC.","NASDAQ"
"HMY","HARMONY GOLD MNG-SPON ADR","HMY","HARMONY GOLD MINING CO.","NYSE"
"HMYY","GRANITE YIELDBOOST HIMS ETF","HMYY","GRANITESHARES YIELDBOOST HIMS ETF","NASDAQ"
"HNDL","NASDAQ 7 HANDL INDEX ETF","HNDL","STRATEGY SHARES NASDAQ 7HANDL INDEX ETF","NASDAQ"
"HNGE","HINGE HEALTH INC-A","HNGE","HINGE HEALTH INC","NYSE"
"HNI","HNI CORP","HNI","HNI","NYSE"
"HNNA","HENNESSY ADVISORS INC","HNNA","HENNESSY ADVISORS","NASDAQ"
"HNNAZ","HENNESSY ADVISORS INC","HNNAZ","HENNESSY ADVISORS, INC. 4.875% NT 2026","NASDAQ"
"HNRG","HALLADOR ENERGY CO","HNRG","HALLADOR ENERGY","NASDAQ"
"HNST","HONEST CO INC-THE","HNST","THE HONEST COMPANY, INC. COMMON STOCK","NASDAQ"
"HNVR","HANOVER BANCORP INC","HNVR","HANOVER BANCORP, INC. COMMON STOCK","NASDAQ"
"HODL","VANECK BITCOIN ETF","HODL","VANECK BITCOIN TRUST","BATS"
"HODU","DX DLY HOOD 2X BULL ETF","HODU","DIREXION DAILY HOOD BULL 2X ETF","NASDAQ"
"HOFT","HOOKER FURNISHINGS CORP","HOFT","HOOKER FURNISHINGS CORP","NASDAQ"
"HOG","HARLEY-DAVIDSON INC","HOG","HARLEY-DAVIDSON","NYSE"
"HOII","REX HOOD GROWTH & INCOME ETF","HOII","REX HOOD GROWTH & INCOME ETF","BATS"
"HOLA","JPM INTLL HDG EQ LDDR OVRLY","HOLA","JPMORGAN INTERN HEDGED EQUITY LADDERED OVERLAY ETF","NYSE"
"HOLD","HARBOR ALPHA LAYERING ETF","HOLD","HARBOR ALPHA LAYERING ETF","NYSE"
"HOLO","MICROCLOUD HOLOGRAM INC","HOLO","MICROCLOUD HOLOGRAM INC.","NASDAQ"
"HOMB","HOME BANCSHARES INC","HOMB","HOME BANCSHARES","NYSE"
"HOMZ","HOYA CAPITAL HOUSING ETF","HOMZ","HOYA CAPITAL HOUSING ETF","NYSE"
"HON","HONEYWELL INTERNATIONAL INC","HON","HONEYWELL INTERNATIONAL","NASDAQ"
"HOOD","ROBINHOOD MARKETS INC - A","HOOD","ROBINHOOD MARKETS INC","NASDAQ"
"HOOG","LEVERAGE SHARES 2X HOOD","HOOG","LEVERAGE SHARES 2X LONG HOOD DAILY ETF","NASDAQ"
"HOOW","ROUNDHILL HOOD WEEKLYPAY ETF","HOOW","ROUNDHILL ETF TRUST ROUNDHILL HOOD WEEKLYPAY ETF","BATS"
"HOOX","DEFIANCE D TAR 2X L HOOD ETF","HOOX","DEFIANCE DAILY TARGET 2X LONG HOOD ETF","NASDAQ"
"HOOY","YLD MAX HOOD OPT IN STRA ETF","HOOY","YIELDMAX HOOD OPTION INCOME STRATEGY ETF","NYSE"
"HOOZ","DEFICE DLY TT 2X SH HOOD ETF","HOOZ","DEFIANCE DAILY TARGET 2X SHORT HOOD ETF","NYSE"
"HOPE","HOPE BANCORP INC","HOPE","HOPE BANCORP INC","NASDAQ"
"HOTH","HOTH THERAPEUTICS INC","HOTH","HOTH THERAPEUTICS INC","NASDAQ"
"HOUR","HOUR LOOP INC","HOUR","HOUR LOOP, INC. COMMON STOCK","NASDAQ"
"HOV","HOVNANIAN ENTERPRISES-A","HOV","HOVNANIAN ENTERPRISES","NYSE"
"HOVNP","HOVNANIAN ENTERPRISES INC CL A","HOVNP","HOVNANIAN ENTERPRISES INC DEP SHR SRS A PF","NASDAQ"
"HOVR","NEW HORIZON AIRCRAFT LTD","HOVR","NEW HORIZON AIRCRAFT LTD. CLASS A","NASDAQ"
"HOWL","WEREWOLF THERAPEUTICS INC","HOWL","WEREWOLF THERAPEUTICS, INC.","NASDAQ"
"HOYY","GRANITE YIELDBOOST HOOD ETF","HOYY","GRANITESHARES YIELDBOOST HOOD ETF","NASDAQ"
"HP","HELMERICH & PAYNE","HP","HELMERICH & PAYNE","NYSE"
"HPAI","HELPORT AI LTD","HPAI","HELPORT AI LIMITED","NASDAQ"
"HPE","HEWLETT PACKARD ENTERPRISE","HPE","HEWLETT PACKARD ENTERPRISE CO","NYSE"
"HPF","JOHN HANCOCK PREFER INC II","HPF","JH PREFERRED INCOME II COMMON","NYSE"
"HPI","JOHN HANCOCK PREFER INC","HPI","JH PREFERRED INCOME COMMON","NYSE"
"HPK","HIGHPEAK ENERGY INC","HPK","HIGHPEAK ENERGY, INC. COMMON STOCK","NASDAQ"
"HPP","HUDSON PACIFIC PROPERTIES IN","HPP","HUDSON PACIFIC PROPERTIES","NYSE"
"HPQ","HP INC","HPQ","HEWLETT-PACKARD","NYSE"
"HPS","JOHN HANCOCK PREFER INC III","HPS","JH PREFERRED INCOME III COMMON","NYSE"
"HQ","HORIZON QUANTUM HOLDING-CL A","HQ","HORIZON QUANTUM HOLDINGS LTD. CLASS A","NASDAQ"
"HQH","ABRDN HEALTHCARE INVESTORS","HQH","ABRDN HEALTHCARE INVESTORS CO","NYSE"
"HQI","HIREQUEST INC","HQI","HIREQUEST INC","NASDAQ"
"HQL","ABRDN LIFE SCIENCES INVESTOR","HQL","ABRDN LIFE SCIENCES INVESTORS","NYSE"
"HQY","HEALTHEQUITY INC","HQY","HEALTHEQUITY, INC. COMMON STOC","NASDAQ"
"HR","HEALTHCARE REALTY TRUST INC","HR","HEALTHCARE REALTY TRUST INC","NYSE"
"HRB","H&R BLOCK INC","HRB","H&R BLOCK","NYSE"
"HRI","HERC HOLDINGS INC","HRI","HERC HOLDINGS INC","NYSE"
"HRL","HORMEL FOODS CORP","HRL","HORMEL FOODS","NYSE"
"HRMY","HARMONY BIOSCIENCES HOLDINGS","HRMY","HARMONY BIOSCIENCES HOLDINGS, INC.","NASDAQ"
"HROW","HARROW INC","HROW","HARROW HEALTH, INC. COMMON STOCK","NASDAQ"
"HRTG","HERITAGE INSURANCE HOLDINGS","HRTG","HERITAGE INSURANCE HOLDINGS IN","NYSE"
"HRTS","TEMA HEART & HEALTH ETF","HRTS","TEMA ETF TRUST TEMA HEART & HEALTH ETF","NASDAQ"
"HRTX","HERON THERAPEUTICS INC","HRTX","HERON THERAPEUTICS, INC. COMMO","NASDAQ"
"HRZN","HORIZON TECHNOLOGY FINANCE C","HRZN","HORIZON TECH","NASDAQ"
"HSAI","HESAI GROUP","HSAI","HESAI GROUP ADS (CLASS B)","NASDAQ"
"HSBC","HSBC HOLDINGS PLC-SPONS ADR","HSBC","HSBC HOLDINGS","NYSE"
"HSBH","HSBC HOLDINGS PLC ADRHEDGED","HSBH","HSBC HOLDINGS PLC ADR HEDGED","NYSE"
"HSCS","HEARTSCIENCES INC","HSCS","HEART TEST LABORATORIES, INC. COMMON STOCK","NASDAQ"
"HSCZ","ISHARES CUR HDG MSCI EAFE SM","HSCZ","ISHARES CH MSCI EAFE SMALL-CAP","NYSE"
"HSDT","SOLANA CO","HSDT","SOLANA COMPANY CLASS A","NASDAQ"
"HSHP","HIMALAYA SHIPPING LTD","HSHP","HIMALAYA SHIPPING LTD.","NYSE"
"HSIC","HENRY SCHEIN INC","HSIC","HENRY SCHEIN","NASDAQ"
"HSLV","HIGHLANDER SILVER CORP","HSLV","HIGHLANDER SILVER CORP","NYSE_AMERICAN"
"HSPT","HORIZON SPACE ACQUISITION II","HSPT","HORIZON SPACE ACQUISITION II CORP.","NASDAQ"
"HST","HOST HOTELS & RESORTS INC","HST","HOST HOTELS & RESORTS","NASDAQ"
"HSTM","HEALTHSTREAM INC","HSTM","HEALTHSTREAM","NASDAQ"
"HSY","HERSHEY CO-THE","HSY","HERSHEY COMPANY","NYSE"
"HTAB","HARTFORD SCHRODERS TAX AWARE","HTAB","HARTFORD SCHRODERS TAX-AWARE BOND ETF","NYSE"
"HTB","HOMETRUST BANCSHARES INC","HTB","HOME TRUST BANCSHARES INC","NYSE"
"HTBK","HERITAGE COMMERCE CORP","HTBK","HERITAGE COMMERCE","NASDAQ"
"HTCO","HIGH-TREND INTERNATIONAL-A","HTCO","HIGH-TREND INTERNATIONAL GROUP CLASS A","NASDAQ"
"HTCR","HEARTCORE ENTERPRISES INC","HTCR","HEARTCORE ENTERPRISES, INC.","NASDAQ"
"HTD","JOHN HANCOCK TAX ADV DVD INC","HTD","JH TAX-ADVANTAGED DIVIDEND INC","NYSE"
"HTEC","ROBO GLOBAL HEALTHCARE TECH","HTEC","ROBO GLOBAL HEALTHCARE TECH AND INNOVATION ETF","NYSE"
"HTFC","HORIZON TECHNOLOGY FINANCE CORP","HTFC","HORIZON TECHNOLOGY FINANCE CORP","NYSE"
"HTFL","HEARTFLOW INC","HTFL","HEARTFLOW, INC.","NASDAQ"
"HTGC","HERCULES CAPITAL INC","HTGC","HERCULES CAPITAL INC","NYSE"
"HTH","HILLTOP HOLDINGS INC","HTH","HILLTOP HOLDINGS","NYSE"
"HTHT","H WORLD GROUP LTD-ADR","HTHT","HUAZHU GROUP LTD ADS","NASDAQ"
"HTLD","HEARTLAND EXPRESS INC","HTLD","HEARTLAND EXPRESS","NASDAQ"
"HTLM","HOMESTOLIFE LTD","HTLM","HOMESTOLIFE LTD","NASDAQ"
"HTO","H2O AMERICA","HTO","H2O AMERICA","NASDAQ"
"HTOO","FUSION FUEL GREEN PLC-A","HTOO","FUSION FUEL GREEN PLC CLASS A","NASDAQ"
"HTRB","HARTFORD TTL RTRN BND ETF","HTRB","HARTFORD TOTAL RETURN BOND ETF","NYSE"
"HTT","HIGH TEMPLAR TECH LIMITED","HTT","HIGH TEMPLAR TECH LTD","NYSE"
"HTUS","HULL TACTICAL US ETF","HTUS","HULL TACTICAL US ETF","BATS"
"HTZ","HERTZ GLOBAL HLDGS INC","HTZ","HERTZ GLOBAL HOLDINGS, INC COMMON STOCK","NASDAQ"
"HUBB","HUBBELL INC","HUBB","HUBBELL CORP","NYSE"
"HUBC","HUB CYBER SECURITY LTD","HUBC","HUB CYBER SECURITY LTD.","NASDAQ"
"HUBG","HUB GROUP INC-CL A","HUBG","HUB GROUP","NASDAQ"
"HUBS","HUBSPOT INC","HUBS","HUBSPOT INC","NYSE"
"HUDI","HUADI INTERNATIONAL GROUP CO","HUDI","HUADI INTERNATIONAL GROUP CO., LTD.","NASDAQ"
"HUHU","HUHUTECH INTERNATIONAL GROUP","HUHU","HUHUTECH INTERNATIONAL GROUP INC.","NASDAQ"
"HUIZ","HUIZE HOLDING LTD-ADR","HUIZ","HUIZE HOLDING LIMITED ADS","NASDAQ"
"HUM","HUMANA INC","HUM","HUMANA","NYSE"
"HUMA","HUMACYTE INC","HUMA","HUMACYTE, INC. COMMON STOCK","NASDAQ"
"HUMN","ROUNDHILL HUMANOID ROBOTICS","HUMN","ROUNDHILL ROUNDHILL HUMANOID ROBOTICS","BATS"
"HUN","HUNTSMAN CORP","HUN","HUNTSMAN","NYSE"
"HURA","TUHURA BIOSCIENCES INC","HURA","TUHURA BIOSCIENCES, INC.","NASDAQ"
"HURC","HURCO COMPANIES INC","HURC","HURCO COMPANIES","NASDAQ"
"HURN","HURON CONSULTING GROUP INC","HURN","HURON CONSULTING GROUP","NASDAQ"
"HUSV","FT HORIZON MNGD VOL DOM ETF","HUSV","FIRST TR HORIZON MNGD VOLATILITY DOMESTIC ETF","NYSE"
"HUT","HUT 8 CORP","HUT","HUT 8 MINING CORP. COMMON SHARES","NASDAQ"
"HUTG","LEVERAGE SHARES 2X HUT","HUTG","LEVERAGE SHARES 2X LONG HUT DAILY ETF","NASDAQ"
"HUYA","HUYA INC-ADR","HUYA","HUYA INC","NYSE"
"HVAC","ADVISORSHARES HVAC INDUS","HVAC","ADVISORSHARES HVAC AND INDUSTRIALS ETF","NYSE"
"HVII","HENNESSY CAPITAL INVESTMENT","HVII","HENNESSY CAPITAL INVESTMENT CORP. VII","NASDAQ"
"HVIIU","HENNESSY CAPITAL INVESTMENT","HVIIU","HENNESSY CAPITAL INVESTMENT CORP. VII UNT","NASDAQ"
"HVMC","HIGHVIEW MERGER CORP-CL A","HVMC","HIGHVIEW MERGER CORP. CLASS A","NASDAQ"
"HVMCU","HIGHVIEW MERGER CORP","HVMCU","HIGHVIEW MERGER CORP. UNT","NASDAQ"
"HVT","HAVERTY FURNITURE","HVT","HAVERTY FURNITURE","NYSE"
"HWBK","HAWTHORN BANCSHARES INC","HWBK","HAWTHORN BANCSHARES","NASDAQ"
"HWC","HANCOCK WHITNEY CORP","HWC","HANCOCK WHITNEY CORPORATION","NASDAQ"
"HWCPZ","HANCOCK WHITNEY CORP","HWCPZ","HANCOCK WHITNEY CORPORATION - 6","NASDAQ"
"HWH","HWH INTERNATIONAL INC","HWH","HWH INTERNATIONAL INC.","NASDAQ"
"HWKN","HAWKINS INC","HWKN","HAWKINS","NASDAQ"
"HWM","HOWMET AEROSPACE INC","HWM","HOWMET AEROSPACE INC","NYSE"
"HWSM","HOT & WILEY SMID CAP DIVD VA","HWSM","HOTCHKIS & WILEY SMID CAP DIVERSIFIED VALUE FUND","NASDAQ"
"HXHX","HAOXIN HOLDINGS LTD-CL A","HXHX","HAOXIN HOLDINGS LIMITED CLASS A","NASDAQ"
"HXL","HEXCEL CORP","HXL","HEXCEL","NYSE"
"HY","HYSTER-YALE INC","HY","HYSTER-YALE MATERIALS","NYSE"
"HYBB","ISHARES BB RATED CORP BOND","HYBB","ISHARES BB RATED CORPORATE BOND ETF","NYSE"
"HYBI","NEOS ENHANCED ICS ETF","HYBI","NEOS ENHANCED INCOME CREDIT SELECT ETF","NASDAQ"
"HYBL","SS BLACKSTONE HIGH INC ETF","HYBL","SPDR BLACKSTONE HIGH INCOME ETF","BATS"
"HYBX","TCW HIGH YIELD BOND ETF","HYBX","TCW HIGH YIELD BOND ETF","NYSE"
"HYD","VANECK HIGH YIELD MUNI ETF","HYD","VANECK VECTORS HIGH-YIELD MUNI","BATS"
"HYDB","ISHARES HIGH YIELD SYSTEMATI","HYDB","ISHARES HIGH YIELD BOND FACTOR ETF","BATS"
"HYDR","GLOBAL X HYDROGEN ETF","HYDR","GLOBAL X HYDROGEN ETF","NASDAQ"
"HYDW","XTRS LOW BETA HI YIELD ETF","HYDW","XTRACKERS LOW BETA HIGH YIELD BOND ETF","NYSE"
"HYEM","VANECK EMRG MKTS HI YLD","HYEM","VANECK EMER MKTS HIGH YIELD BOND ETF","NYSE"
"HYFI","AB HIGH YIELD ETF","HYFI","AB HIGH YIELD ETF","NYSE"
"HYFM","HYDROFARM HOLDINGS GROUP INC","HYFM","HYDROFARM HOLDINGS GROUP, INC.","NASDAQ"
"HYFT","MINDWALK HOLDINGS CORP","HYFT","MINDWALK HC.","NASDAQ"
"HYG","ISHR IBX USD HIYLD CB ETF-UI","HYG","ISHARES IBOXX $ HIGH YIELD COR","NYSE"
"HYGH","ISHARES INT RATE HEDG HY ETF","HYGH","ISHARES IR HDG HYG","NYSE"
"HYGV","FLEXSHARES HIGH YIELD VALUE","HYGV","FLEXSHARES HIGH YIELD VALUE-SCORED BOND FUND","NYSE"
"HYGW","ISHARES HY CORP BD BUYWR ETF","HYGW","ISHARES HIGH YIELD CORP BOND BUYWRITE","BATS"
"HYHG","PROSHARES HIGH YIELD INTERES","HYHG","PROSHARES HIGH YIELD INTEREST","BATS"
"HYI","WESTERN ASSET HIGH YIELD OPP","HYI","WESTERN ASSET HIGH YIELD OPPORTUNITY FUND","NYSE"
"HYIN","WISDOMTREE PRV CRD & ALT INC","HYIN","WISDOMTREE ALTERNATIVE INCOME FUND","BATS"
"HYLB","XTRACKERS USD HIGH YIELD COR","HYLB","X-TRACKERS USD HIGH YIELD CORP BOND ETF","NYSE"
"HYLN","HYLIION HOLDINGS CORP","HYLN","HYLIION","NYSE_AMERICAN"
"HYLS","FT TACTICAL HIGH YIELD ETF","HYLS","FIRST TRUST TACTICAL HIGH YIELD ETF","NASDAQ"
"HYMB","SS SPDR N ICE HY MUNI ETF","HYMB","STATE ST SPDR NUVEEN ICE HIGH YIELD MUNI BOND","NYSE"
"HYMC","HYCROFT MINING HOLDING CO-A","HYMC","HYCROFT MINING HOLDING CORP","NASDAQ"
"HYNE","HOYNE BANCORP INC","HYNE","HOYNE BANCORP, INC.","NASDAQ"
"HYP","GOLDEN EAGLE DYC H GROW ETF","HYP","GOLDEN EAGLE DYNAMIC HYPERGROWTH ETF","NASDAQ"
"HYPD","HYPERION DEFI INC","HYPD","HYPERION DEFI, INC.","NASDAQ"
"HYPR","HYPERFINE INC","HYPR","HYPERFINE, INC. CLASS A COMMON STOCK","NASDAQ"
"HYS","PIMCO 0-5 YEAR H-Y CORP BOND","HYS","PIMCO 0-5 YEAR HI YLD CORP BON","NYSE"
"HYSA","BONDBLOXX USD HY SEC ROTATON","HYSA","BONDBLOXX USD HIGH YIELD BOND SECTOR ROTATION ETF","NYSE"
"HYT","BLACKROCK CORP HI YLD","HYT","BLACKROCK CORP HIGH YIELD FUND","NYSE"
"HYTI","FT VST HIGH YLD & TAR IN ETF","HYTI","FT VEST HIGH YIELD & TARGET INCOME ETF","NYSE"
"HYTR","COUNTER POINT HI YLD ETF","HYTR","CP HIGH YIELD TREND ETF","NYSE"
"HYXF","ISHARES ESG ADV HIGH YIELD","HYXF","ISHARES ESG ADVANCED HIGH YIELD CRP BND ETF","NASDAQ"
"HYZD","WISDOMTREE INTEREST RATE HED","HYZD","WISDOMTREE BOFA MERRILL LYNCH","NASDAQ"
"HZO","MARINEMAX INC","HZO","MARINEMAX","NYSE"
"IAC","IAC INC","IAC","IAC/INTERACTIVECORP COMMON STOCK","NASDAQ"
"IACO","IDEA ACQUISITION CORP CL-A","IACO","IDEA ACQUISITION CORP. CLASS A","NASDAQ"
"IACOU","IDEA ACQUISITION CORP","IACOU","IDEA ACQUISITION CORP. UNT","NASDAQ"
"IAE","VOYA ASIA PAC HI DVD EQ INC","IAE","VOYA ASIA PACIFIC HIGH DIVIDEN","NYSE"
"IAF","ABRDN AUSTRALIA EQUITY FUND","IAF","ABRDN AUSTRALIA EQUITY FUND INC","NYSE_AMERICAN"
"IAG","IAMGOLD CORP","IAG","IAMGOLD","NYSE"
"IAGG","ISHARES INTL AGGREGATE BOND","IAGG","ISHARES CORE INTL AGGREGATE BD","BATS"
"IAI","ISHARES U.S. BROKER-DEALERS","IAI","ISHARES DOW JONES US BROKER-DE","NYSE"
"IAK","ISHARES U.S. INSURANCE ETF","IAK","ISHARES DOW JONES US INSURANCE","NYSE"
"IALT","ISHRS SYS ALT ACT ETF","IALT","ISHARES SYSTEMATIC ALTERNATIVES ACTIVE ETF","NASDAQ"
"IAPR","INNOVATOR INTERNATIONAL DEVE","IAPR","INNOVATOR INTL DEVELOPED POWER BUFFER ETF APR","NYSE"
"IART","INTEGRA LIFESCIENCES HOLDING","IART","INTEGRA LIFESCIENCES HLDG","NASDAQ"
"IAT","ISHARES US REGIONAL BANKS ET","IAT","ISHARES DOW JONES US REGIONAL","NYSE"
"IAU","ISHARES GOLD TRUST","IAU","ISHARES GOLD TRUST","NYSE"
"IAUG","INNOV IN DVLP PWRB ETF - AUG","IAUG","INNOVATOR INTERNATIONAL DEVELOPED POWER BUFFER AUG","NYSE"
"IAUI","NEOS GOLD HIGH INCOME ETF","IAUI","NEOS ETF TRUST NEOS GOLD HIGH INCOME ETF","BATS"
"IAUM","ISHARES GOLD TRUST MICRO","IAUM","ISHARES GOLD TRUST MICRO","NYSE"
"IAUX","I-80 GOLD CORP","IAUX","I-80 GOLD CORP","NYSE_AMERICAN"
"IBAC","IB ACQUISITION CORP","IBAC","IB ACQUISITION CORP.","NASDAQ"
"IBAT","ISHARES ENERGY STRG MATS ETF","IBAT","ISHARES ENERGY STORAGE & MATERIALS ETF","NASDAQ"
"IBB","ISHARES BIOTECHNOLOGY ETF","IBB","ISHARES BIOTECHNOLOGY ETF","NASDAQ"
"IBBQ","INVESCO NASDAQ BIOTECH ETF","IBBQ","INVESCO NASDAQ BIOTECHNOLOGY ETF","NASDAQ"
"IBCA","ISHARES IBONDS DEC 2035 TC","IBCA","ISHARES IBONDS DEC 2035 TERM CORPORATE ETF","NYSE"
"IBCP","INDEPENDENT BANK CORP - MICH","IBCP","INDEPENDENT BANK (IONIA","NASDAQ"
"IBD","INSPIRE CORPORATE BOND ETF","IBD","INSPIRE CORPORATE BOND ESG ETF","NYSE"
"IBDR","ISHARES IBONDS DEC 2026 TERM","IBDR","ISHARES IBONDS 2026 TERM CORP ETF","NYSE"
"IBDS","ISHRS IBNDS DEC 27 CORP ETF","IBDS","ISHARES IBONDS DEX 2027 TERM CORP ETF","NYSE"
"IBDT","ISHARES IBONDS DEC 2028 ETF","IBDT","ISHARES IBONDS DEC 2028 TERM CORPORATE ETF","NYSE"
"IBDU","ISHARES IBONDS DEC 2029 TERM","IBDU","ISHARES IBONDS DEC 2029 TERM CORPORATE ETF","NYSE"
"IBDV","ISHARES IBONDS DEC 2030 CORP","IBDV","ISHARES IBONDS DEC 2030 TERM CORPORATE ETF","NYSE"
"IBDW","ISHARES IBONDS DEC 2031 CORP","IBDW","ISHARES IBONDS DEC 2031 TERM CORPORATE ETF","NYSE"
"IBDX","ISHARES IBONDS DEC 2032 TC","IBDX","ISHARES IBONDS DEC 2032 TERM CORPORATE ETF","NYSE"
"IBDY","ISHARES IBONDS DEC 2033 CORP","IBDY","ISHARES IBONDS DEC 2033 TERM CORPORATE ETF","NYSE"
"IBDZ","ISHARESIBONDSDEC2034TMCORP","IBDZ","ISHARES IBONDS DEC 2034 TERM CORPORATE ETF","NYSE"
"IBEX","IBEX LTD","IBEX","IBEX LIMITED COMMON SHARES","NASDAQ"
"IBFR","INNO INTERN DEV M10 BUF ETF","IBFR","INNOVATOR INTL DEVELOPED MANAGED 10 BUFFER ETF","NYSE"
"IBG","INNOVATION BEVERAGE GROUP LT","IBG","INNOVATION BEVERAGE GROUP LIMITED","NASDAQ"
"IBGA","ISHARES IBONDS DEC 2044 ETF","IBGA","ISHARES IBONDS DEC 2044 TERM TREASURY ETF","NASDAQ"
"IBGB","ISHARES IBONDS DEC 2045 TT","IBGB","ISHARES IBONDS DEC 2045 TERM TREASURY ETF","NASDAQ"
"IBGK","ISHARES IBONDS DEC 2054 ETF","IBGK","ISHARES IBONDS DEC 2054 TERM TREASURY ETF","NASDAQ"
"IBGL","ISHARES IBONDS DEC 2055 TT","IBGL","ISHARES IBONDS DEC 2055 TERM TREASURY ETF","NASDAQ"
"IBHF","ISHARES IBOND 2026 HY & INC","IBHF","ISHARES IBONDS 2026 TERM HIGH YIELD AND INCOME ETF","BATS"
"IBHG","ISHARES IBONDS 2027 HY INC","IBHG","ISHARES IBONDS 2027 TERM HIGH YIELD AND INCOME ETF","BATS"
"IBHH","ISHARES IBONDS 2028 TM HY IN","IBHH","ISHARES IBONDS 2028 TERM HIGH YIELD AND INCOME ETF","BATS"
"IBHI","ISHARES IBONDS 2029 TM HY IN","IBHI","ISHARES IBONDS 2029 TERM HIGH YIELD AND INCOME ETF","BATS"
"IBHJ","ISHRS IBDS 2030 HY & INC ETF","IBHJ","ISHARES IBONDS 2030 TERM HIGH YIELD AND INCOME ETF","BATS"
"IBHK","ISHARESIBOND2031HIGHYLDINC","IBHK","ISHARES IBONDS 2031 TERM HIGH YIELD AND INCOME ETF","BATS"
"IBHL","ISHARES IBONDS 2032 HY INC","IBHL","ISHARES IBONDS 2032 TERM HIGH YIELD AND INCOME ETF","BATS"
"IBHM","ISHARES IB 2033 THY INC ETF","IBHM","","BATS"
"IBIC","ISHARES IBONDS OCT 2026 TT","IBIC","ISHARES IBONDS OCT 2026 TERM TIPS ETF","NYSE"
"IBID","ISHARES IBONDS OCT 2027 TT","IBID","ISHARES IBONDS OCT 2027 TERM TIPS ETF","NYSE"
"IBIE","ISHARES IBONDS OCT 2028 TT","IBIE","ISHARES IBONDS OCT 2028 TERM TIPS ETF","NYSE"
"IBIF","ISHARES IBONDS OCT 2029 TT","IBIF","ISHARES IBONDS OCT 2029 TERM TIPS ETF","NYSE"
"IBIG","ISHARES IBONDS OCT 2030 TT","IBIG","ISHARES IBONDS OCT 2030 TERM TIPS ETF","NYSE"
"IBIH","ISHARES IBONDS OCT 2031 TT","IBIH","ISHARES IBONDS OCT 2031 TERM TIPS ETF","NYSE"
"IBII","ISHARES IBONDS OCT 2032 TT","IBII","ISHARES IBONDS OCT 2032 TERM TIPS ETF","NYSE"
"IBIJ","ISHRS IBNDS OCT 2033 TRM","IBIJ","ISHARES IBONDS OCT 2033 TERM TIPS ETF","NYSE"
"IBIK","ISHARESIBONDSOCT2034TMTIPS","IBIK","ISHARES IBONDS OCT 2034 TERM TIPS ETF","NYSE"
"IBIL","ISHARES IBONDS OCT 2035 TIPS","IBIL","ISHARES IBONDS OCT 2035 TERM TIPS ETF","NYSE"
"IBIO","IBIO INC","IBIO","IBIO, INC.","NASDAQ"
"IBIT","ISHARES BITCOIN TRUST ETF","IBIT","ISHARES BITCOIN TRUST","NASDAQ"
"IBKR","INTERACTIVE BROKERS GRO-CL A","IBKR","INTERACTIVE BROKERS GROUP","NASDAQ"
"IBLC","ISHARES BLOCKCHAIN & TECH","IBLC","ISHARES BLOCKCHAIN AND TECH ETF","NYSE"
"IBM","INTL BUSINESS MACHINES CORP","IBM","INTERNATIONAL BUSINESS MACHINES","NYSE"
"IBMO","ISHARES IBONDS DEC 2026 TERM","IBMO","ISHARES IBONDS DEC 2026 TERM MUNI BOND ETF","BATS"
"IBMP","ISHARES IBONDS DEC 2027 TERM","IBMP","ISHARES IBONDS DEC 2027 TERM MUNI BOND ETF","BATS"
"IBMQ","ISHARES IBONDS DEC 2028 MUNI","IBMQ","ISHARES IBONDS DEC 2028 TERM MUNI BOND ETF","BATS"
"IBMR","ISHARES IBONDS DEC 2029 M BD","IBMR","ISHARES IBONDS DEC 2029 TERM MUNI BOND ETF","BATS"
"IBMS","ISHARESIBONDDEC2030MUNIBDETF","IBMS","ISHARES IBONDS DEC 2030 TERM MUNI BOND ETF","BATS"
"IBMT","ISHARES IBONDS DEC 2031 MUNI","IBMT","ISHARES IBONDS DEC 2031 TERM MUNI BOND ETF","BATS"
"IBN","ICICI BANK LTD-SPON ADR","IBN","ICICI BANK","NYSE"
"IBND","SPDR BLOOMBERG INT CORP","IBND","SPDR BLOOMBERG INTERNATIONAL CO","NYSE"
"IBO","IMPACT BIOMEDICAL INC","IBO","IMPACT BIOMEDICAL INC","NYSE_AMERICAN"
"IBOC","INTERNATIONAL BANCSHARES CRP","IBOC","INTERNATIONAL BANCSHARES","NASDAQ"
"IBOT","VANECK ROBOTICS ETF","IBOT","VANECK ROBOTICS ETF","NASDAQ"
"IBP","INSTALLED BUILDING PRODUCTS","IBP","INSTALLED BUILDING PRODUCTS","NYSE"
"IBRN","ISHARES NEUROSCIENCE AND HEA","IBRN","ISHARES NEUROSCIENCE AND HEALTHCARE ETF","NYSE"
"IBRX","IMMUNITYBIO INC","IBRX","IMMUNITYBIO INC","NASDAQ"
"IBTA","IBOTTA INC-CL A","IBTA","IBOTTA INC","NYSE"
"IBTG","ISHARES IBONDS DEC 2026 TERM","IBTG","ISHARES IBONDS DEC 2026 TERM TREASURY","NASDAQ"
"IBTH","ISHARES IBONDS DEC 2027 TERM","IBTH","ISHARES IBONDS DEC 2027 TERM TREASURY ETF","NASDAQ"
"IBTI","ISHARES IBONDS DEC 2028 TERM","IBTI","ISHARES IBONDS DEC 2028 TERM TREASURY ETF","NASDAQ"
"IBTJ","ISHARES IBONDS DEC 2029 TERM","IBTJ","ISHARES IBONDS DEC 2029 TERM TREASURY ETF","NASDAQ"
"IBTK","ISHARES IBONDS DEC 2030 TREA","IBTK","ISHARES IBONDS DEC 2030 TERM TREASURY ETF","NASDAQ"
"IBTL","ISHARES IBONDS DEC 2031 TERM","IBTL","ISHARES IBONDS DEC 2031 TERM TREASURY ETF","NASDAQ"
"IBTM","ISHARES IBNDS DEC 2032 TT","IBTM","ISHARES IBONDS DEC 2032 TERM TREASURY ETF","NASDAQ"
"IBTO","ISHARES IBONDS DEC 2033 TRES","IBTO","ISHARES IBONDS DEC 2033 TERM TREASURY ETF","NASDAQ"
"IBTP","ISHARES IBONDS DEC 2034 ETF","IBTP","ISHARES IBONDS DEC 2034 TERM TREASURY ETF","NASDAQ"
"IBTQ","ISHARES IBONDS DEC 2035 TT","IBTQ","ISHARES IBONDS DEC 2035 TERM TREASURY ETF","NASDAQ"
"IBUF","INNV ID 10 BUFFER ETF QURTLY","IBUF","INNOVATOR INTERNATIONAL DEVELOPED 10 BUFFER EFT","NYSE"
"IBUY","AMPLIFY ONLINE RETAIL ETF","IBUY","AMPLIFY ONLINE RETAIL ETF","NYSE"
"IBX","TRADR 2X LONG IBM DAILY ETF","IBX","","BATS"
"ICAP","INFRASTRUCTURE CAPITAL EQUIT","ICAP","INFRASTRUCTURE CAPITAL EQUITY INCOME ETF","NYSE"
"ICCC","IMMUCELL CORP","ICCC","IMMUCELL","NASDAQ"
"ICCM","ICECURE MEDICAL LTD","ICCM","ICECURE MEDICAL LTD. ORDINARY SHARES","NASDAQ"
"ICE","INTERCONTINENTAL EXCHANGE IN","ICE","INTERCONTINENTALEXCHANGE","NYSE"
"ICF","ISHARES SELECT U.S. REIT ETF","ICF","ISHARES COHEN & STEERS REIT ETF","BATS"
"ICFI","ICF INTERNATIONAL INC","ICFI","ICF INTERNATIONAL","NASDAQ"
"ICG","INTCHAINS GROUP LTD-ADR","ICG","INTCHAINS GROUP LIMITED ADS","NASDAQ"
"ICHR","ICHOR HOLDINGS LTD","ICHR","ICHOR HOLDINGS ORDINARY SHARES","NASDAQ"
"ICL","ICL GROUP LTD","ICL","ISRAEL CHEMICALS LIMITED","NYSE"
"ICLN","ISHARES GLOBAL CLEAN ENERGY","ICLN","ISHARES GLOBAL CLEAN ENERGY ETF","NASDAQ"
"ICLO","INVESCO AAA CLO F-R NOTE ETF","ICLO","INVESCO AAA CLO NOTE ETF","BATS"
"ICLR","ICON PLC","ICLR","ICON","NASDAQ"
"ICMB","INVESTCORP CREDIT MANAGEMENT","ICMB","INVESTCORP CREDIT MANAGEMENT BDC INC","NASDAQ"
"ICON","ICON ENERGY CORP","ICON","ICON ENERGY CORP.","NASDAQ"
"ICOP","ISHARES COPPER AND METALS","ICOP","ISHARES COPPER AND METALS MINING ETF","NASDAQ"
"ICOW","PACER DEVELOPED MARKETS INTE","ICOW","PACER DVLPD MKTS INTL CASH COWS 100 ETF","BATS"
"ICPY","TWDY BRWN INTL INSDR+VAL ETF","ICPY","TWEEDY BROWNE INTL INSIDER + VALUE ETF","NYSE"
"ICSH","ISHARES ULTRA SHORT DURATION","ICSH","ISHARES LIQUIDITY INC ETF","BATS"
"ICU","SEASTAR MEDICAL HOLDING CORP","ICU","SEASTAR MEDICAL HC","NASDAQ"
"ICUI","ICU MEDICAL INC","ICUI","ICU MEDICAL","NASDAQ"
"ICVT","ISHARES CONVERTIBLE BOND ETF","ICVT","ISHARES CONVERTIBLE BOND","BATS"
"IDA","IDACORP INC","IDA","IDACORP","NYSE"
"IDAI","T STAMP INC-CLASS A","IDAI","T STAMP INC. CLASS A COMMON STOCK","NASDAQ"
"IDCC","INTERDIGITAL INC","IDCC","INTERDIGITAL","NASDAQ"
"IDE","VOYA INFRASTRUCTURE INDUST","IDE","VOYA INFRASTRUCTIRE INDUSTRIAL","NYSE"
"IDEC","INNO INT DEV POWER BUFF DEC","IDEC","INNOVATOR INTERNATIONAL DEVELOPED POWER BUFFER DEC","NYSE"
"IDEF","ISHARES DEF INDUSTRIALS ACT","IDEF","ISHARES DEFENSE INDUSTRIALS ACTIVE ETF","NASDAQ"
"IDEQ","LAZARD INTL DYNAMIC EQY ETF","IDEQ","LAZARD INTERNATIONAL DYNAMIC EQUITY ETF","NYSE"
"IDEV","ISHARES CORE MSCI DEV MKTS","IDEV","ISHARES CORE MSCI INTL DVPD MKTS","NYSE"
"IDGT","ISHARES US DGTL INFRA & R-E","IDGT","ISHARES US DIGITAL INFRASTRUCTURE & REAL ESTATE","NYSE"
"IDHQ","INVESCO S&P INTERNATIONAL DE","IDHQ","INVESCO S&P INTL DEV QUALITY","NYSE"
"IDLV","INVESCO S&P INTERNATIONAL DE","IDLV","INVESCO S&P INTL DEV LOW V","NYSE"
"IDMO","INVESCO S&P INTERNATIONAL DE","IDMO","INVESCO S&P INTL DEV MMNTM","NYSE"
"IDN","INTELLICHECK INC","IDN","INTELLICHECK INC","NASDAQ"
"IDNA","ISHARES GEN-IMMUNOLOGY HLTH","IDNA","ISHARES GENOMICS IMMUNOLOGY AND HEALTHCARE ETF","NYSE"
"IDOG","ALPS INTERNATIONAL SECTOR DI","IDOG","ALPS INTNL SECTO DIVID","NYSE"
"IDR","IDAHO STRATEGIC RESOURCES IN","IDR","IDAHO STRATEGIC RESOURCES INC","NYSE_AMERICAN"
"IDRV","ISHARES SELF-DRIVING EV&TECH","IDRV","ISHARES SELF-DRIVING EV AND TECH ETF","NYSE"
"IDT","IDT CORP-CLASS B","IDT","IDT","NYSE"
"IDU","ISHARES US UTILITIES ETF","IDU","ISHARES DOW JONES US UTILITIES","NYSE"
"IDUB","APTUS INTL ENHAN YLD ETF","IDUB","APTUS INTERNATIONAL ENHANCED YIELD ETF","BATS"
"IDV","ISHARES INTERNATIONAL SELECT","IDV","ISHARES INTERNATIONAL SELECT DIVIDEND ETF","BATS"
"IDVO","AMPLIFY CWP INTL ENH DVD INC","IDVO","AMPLIFY INTERNATIONAL ENHANCED DIVIDEND INCOME","NYSE"
"IDVZ","POLEN INTERNATIONAL DIVIDEND","IDVZ","ELEVATION SER TRUST THE OPAL INTL DIV INCOME ETF","BATS"
"IDX","VANECK INDONESIA INDEX ETF","IDX","MARKET INDONESIA INDEX ETF","NYSE"
"IDXX","IDEXX LABORATORIES INC","IDXX","IDEXX LABORATORIES","NASDAQ"
"IDYA","IDEAYA BIOSCIENCES INC","IDYA","IDEAYA BIOSCIENCES, INC. COMMON STOCK","NASDAQ"
"IDYN","ISHARES INTE EQU FAC R A ETF","IDYN","ISHARES INTL EQUITY FACTOR ROTATION ACTIVE","NYSE"
"IE","IVANHOE ELECTRIC INC - US","IE","IVANHOE ELECTRIC INC","NYSE_AMERICAN"
"IEAG","INFINITE EAGLE CL-A","IEAG","INFINITE EAGLE ACQUISITION CORP. CLASS A","NASDAQ"
"IEAGU","INFINITE EAGLE ACQUISITION C","IEAGU","INFINITE EAGLE ACQUISITION CORP. UNT","NASDAQ"
"IEF","ISHARES 7-10 YEAR TREASURY B","IEF","ISHARES BARCLAYS 7-10 YEAR TRE","NASDAQ"
"IEFA","ISHARES CORE MSCI EAFE ETF","IEFA","ISHARES CORE MSCI EAFE ETF","BATS"
"IEI","ISHARES 3-7 YEAR TREASURY BO","IEI","ISHARES BARCLAYS 3-7 YEAR TREA","NASDAQ"
"IEMG","ISHARES CORE MSCI EMERGING","IEMG","ISHARES CORE MSCI EMERGING MAR","NYSE"
"IEO","ISHARES U.S. OIL & GAS EXPLO","IEO","ISHARES US OIL & GAS EXPLORATION & PRODUCTION ETF","BATS"
"IEP","ICAHN ENTERPRISES LP","IEP","ICAHN ENTERPRISES","NASDAQ"
"IESC","IES HOLDINGS INC","IESC","IES HOLDINGS INC","NASDAQ"
"IETC","ISHARES U.S. TECH INDEPENDEN","IETC","ISHARES EVOLVED US TECHNOLOGY ETF","BATS"
"IEUR","ISHARES CORE MSCI EUROPE ETF","IEUR","ISHARES CORE MSCI EUROPE","NYSE"
"IEUS","ISHARES MSCI EUROPE SMALL-CA","IEUS","ISHARES MSCI EUROPE SMALL-CAP","NASDAQ"
"IEV","ISHARES EUROPE ETF","IEV","ISHARES S&P EUROPE 350 INDEX","NYSE"
"IEX","IDEX CORP","IEX","IDEX","NYSE"
"IEZ","ISHARES U.S. OIL EQUIPMENT &","IEZ","ISHARES DOW JONES US OIL EQUIP","NYSE"
"IFBD","INFOBIRD CO LTD","IFBD","INFOBIRD CO., LTD ORDINARY SHARES","NASDAQ"
"IFEB","INNOVATOR INTL D PB ETF-FEB","IFEB","INNOVATOR INTL DEVELOPED POWER BUFFER ETF - FEB","NYSE"
"IFED","ETRACS IFED INDEX ETN","IFED","ETRACS IFED INVEST WITH THE FED TR ETN","NYSE"
"IFF","INTL FLAVORS & FRAGRANCES","IFF","INTERNATIONAL FLAVORS","NYSE"
"IFGL","ISHARES INTERNATIONAL DEVELO","IFGL","ISHARES INTERNATIONAL DEVELOPE","NASDAQ"
"IFLN","INVESCO BLOOMBERG ENHANCED F","IFLN","INVESCO BLOOMBERG ENHANCED FALLEN ANGELS ETF","NYSE"
"IFLR","INNO INTER DEVELO MF ETF","IFLR","INNOVATOR INTL DEVELOPED MANAGED FLOOR ETF","NYSE"
"IFN","ABERDEEN INDIA FUND INC","IFN","ABERDEEN INDIA FUND INC","NYSE"
"IFRA","ISHARES US INFRASTRUCTURE","IFRA","US INFRASTRUCTURE ETF","BATS"
"IFRX","INFLARX NV","IFRX","INFLARX N.V. COMMON STOCK","NASDAQ"
"IFS","INTERCORP FINANCIAL SERVICES","IFS","INTERCORP FINANCIAL SERVICES INC","NYSE"
"IFV","FIRST TRUST DW FOCUS 5 INTL","IFV","FIRST TRUST DORSEY WRIGHT INTE","NASDAQ"
"IG","PRINCIPAL INV GR CRP ACT ETF","IG","PRINCIPAL INVESTMENT GRADE CORPORATE ACTIVE ETF","NYSE"
"IGA","VOYA GLOBAL ADVAN & PREM OPP","IGA","VOYA GLOBAL ADVANTAGE AND PREM","NYSE"
"IGAC","INVEST GREEN ACQUISITIO-CL A","IGAC","INVEST GREEN ACQUISITION CORPORATION CLASS A","NASDAQ"
"IGACU","INVEST GREEN ACQUISITION COR","IGACU","INVEST GREEN ACQUISITION CORPORATION UNT","NASDAQ"
"IGBH","ISHARES INTEREST RATE HEDGED","IGBH","ISHARES INTEREST RATE HEDGED LONG-TERM CRP BND ETF","NYSE"
"IGC","IGC PHARMA INC","IGC","IGC PHARMA INC","NYSE_AMERICAN"
"IGD","VOYA GLBL EQTY DVD & PRM OPP","IGD","VOYA GLOBAL EQUITY DIVIDEND AN","NYSE"
"IGE","ISHARES NORTH AMERICAN NATUR","IGE","ISHARES NORTH AMERICAN NATURAL RESOURCES ETF","BATS"
"IGEB","ISHARES INVESTMENT GRADE SYS","IGEB","ISHARES TRUST","BATS"
"IGF","ISHARES GLOBAL INFRASTRUCTUR","IGF","ISHARES S&P GLOBAL INFRASTRUCT","NASDAQ"
"IGGY","AB INTERNATIONAL GROWTH ETF","IGGY","AB INTERNATIONAL GROWTH ETF","NYSE"
"IGHG","PROSHARES IG HEDGED","IGHG","FRANKLIN SHORT DURATION US GOV","BATS"
"IGI","WESTERN ASST INV GR OPPOR TR","IGI","WESTERN ASSET INVSTM GRD DFND","NYSE"
"IGIB","ISHARES 5-10Y INV GRADE CORP","IGIB","ISHARES 5-10 YEAR INVESTMENT GRADE CRP BND ETF","NASDAQ"
"IGIC","INTERNATIONAL GENERAL INSURA","IGIC","INTERNATIONAL GENERAL INSURANCE HOLDINGS LTD.","NASDAQ"
"IGLB","ISHARES 10+ YEAR INV GR CORP","IGLB","ISHARES 10 YEAR INVESTMENT GRADE CRP BND ETF","NYSE"
"IGLD","FT VEST GOLD STRATEGY TARGET","IGLD","FT CBOE VEST GOLD STRATEGY TARGET INCOME ETF","BATS"
"IGM","ISHARES EXPANDED TECH SECTOR","IGM","ISHARES EXPANDED TECH SECTOR ETF","NYSE"
"IGOV","ISHARES INTERNATIONAL TREASU","IGOV","ISHARES INTERNATIONAL TREASURY","NASDAQ"
"IGPT","INVESCO AI AND NEXT GEN SOFT","IGPT","INVESCO AI AND NEXT GEN SOFTWARE ETF","NYSE"
"IGR","CBRE GLOBAL REAL ESTATE INC","IGR","CBRE GLOBAL REAL ESTATE INCOME FUND","NYSE"
"IGRO","ISHARES INTL DIV GROWTH ETF","IGRO","ISHARES INTL DVD GRWTH ETF","BATS"
"IGSB","ISHARES 1-5Y INV GRADE CORP","IGSB","ISHARES SHORT-TERM CORPORATE BOND ETF","NASDAQ"
"IGTR","INNOVATOR GRAD TACT ROTATION","IGTR","INNOVATOR GRADIENT TACTICAL ROTATION STRATEGY ETF","NYSE"
"IGV","ISHARES EXPANDED TECH-SOFTWA","IGV","ISHARES EXPANDED TECH-SOFTWARE SECTOR ETF","BATS"
"IH","IHUMAN INC","IH","IHUMAN INC","NYSE"
"IHAK","ISHARES CYBERSECURITY & TECH","IHAK","ISHARES GCYBERSECURITY AND TECH ETF","NYSE"
"IHD","VOYA EMRG MRKT HI DVD EQTY","IHD","VOYA EMERGING MARKETS HIGH INC","NYSE"
"IHDG","WISDOMTREE INTERNATIONAL HED","IHDG","WISDOM INTL HEDGED DIV GROWTH","NYSE"
"IHE","ISHARES US PHARMACEUTICALS E","IHE","ISHARES DOW JONES US PHARMACEU","NYSE"
"IHF","ISHARES U.S. HEALTHCARE PROV","IHF","ISHARES DOW JONES US HEALTHCAR","NYSE"
"IHG","INTERCONTINENTAL HOTELS-ADR","IHG","INTERCONTINENTAL HOTELS","NYSE"
"IHI","ISHARES U.S. MEDICAL DEVICES","IHI","ISHARES DOW JONES US MEDICAL D","NYSE"
"IHRT","IHEARTMEDIA INC - CLASS A","IHRT","IHEARTMEDIA INC","NASDAQ"
"IHS","IHS HOLDING LTD","IHS","IHS HOLDING LTD","NYSE"
"IHT","INNSUITES HOSPITALITY TRUST","IHT","INNSUITES HOSPITALITY","NYSE_AMERICAN"
"IHY","VANECK INT HIGH YIELD BOND","IHY","VANECK INTL HIGH YIELD BOND ETF","NYSE"
"IIF","MORGAN STANLEY INDIA INVEST","IIF","MS INDIA INVESTMENT COMMON","NYSE"
"IIGD","INVESCO INV GRADE DEFENSIVE","IIGD","INVESCO INVESTMENT GRADE DEFENSIVE ETF","NYSE"
"III","INFORMATION SERVICES GROUP","III","INFORMATION SERVICES GRP","NASDAQ"
"IIIN","INSTEEL INDUSTRIES INC","IIIN","INSTEEL INDUSTRIES","NYSE"
"IIIV","I3 VERTICALS INC-CLASS A","IIIV","I3 VERTICALS, INC. CLASS A COMMON STOCK","NASDAQ"
"IIM","INVESCO VALUE MUNICIPAL INCO","IIM","INVESCO VALUE MUNI INCOME COMM","NYSE"
"IINN","INSPIRA TECHNOLOGIES OXY BHN","IINN","INSPIRA TECHNOLOGIES OXY B.H.N. LTD","NASDAQ"
"IIPR","INNOVATIVE INDUSTRIAL PROPER","IIPR","INNOVATIVE INDUSTRIAL PROPERTIES INC","NYSE"
"IJAN","INNOVATOR INTERNATIONAL DEVE","IJAN","INNOVATOR INTL DEVELOPED POWER BUFFER ETF JAN","NYSE"
"IJH","ISHARES CORE S&P MID-CAP ETF","IJH","ISHARES CORE S&P MID-CAP ETF","NYSE"
"IJJ","ISHARES S&P MID-CAP 400 VALU","IJJ","ISHARES S&P MIDCAP 400 VALUE I","NYSE"
"IJK","ISHARES S&P MID-CAP 400 GROW","IJK","ISHARES S&P MIDCAP 400 GROWTH","NYSE"
"IJR","ISHARES CORE S&P SMALL-CAP E","IJR","ISHARES CORE S&P SMALL-CAP ETF","NYSE"
"IJS","ISHARES S&P SMALL-CAP 600 VA","IJS","ISHARES S&P SMALLCAP 600 VALUE","NYSE"
"IJT","ISHARES S&P SMALL-CAP 600 GR","IJT","ISHARES S&P SMALLCAP 600 GROWT","NASDAQ"
"IJUL","INNOVATOR INTERNATIONAL DEVE","IJUL","INNOVATOR INTL DEVELOPED POWER BUFFER ETF JUL","NYSE"
"IJUN","INNOV INTL DEV PB ETF - JUNE","IJUN","INNOVATOR INT'L DEVELOPED POWER BUFFER ETF JUN","NYSE"
"IKT","INHIBIKASE THERAPEUTICS INC","IKT","INHIBIKASE THERAPEUTICS, INC.","NASDAQ"
"ILAG","INTELLIGENT LIVING APPLICATI","ILAG","INTELLIGENT LIVING APPLICATION GROUP INC.","NASDAQ"
"ILCB","ISHARES MORNINGSTAR U.S. EQU","ILCB","ISHARES MORNINGSTAR US EQUITY ETF","NYSE"
"ILCG","ISHARES MORNINGSTAR GROWTH E","ILCG","ISHARES MORNINGSTAR GROWTH ETF","NYSE"
"ILCV","ISHARES MORNINGSTAR VALUE ET","ILCV","ISHARES MORNINGSTAR VALUE ETF","NYSE"
"ILDR","FIRST TRUST INNOVATION LEADE","ILDR","FIRST TRUST INNOVATION LEADERS ETF","NYSE"
"ILF","ISHARES LATIN AMERICA 40 ETF","ILF","ISHARES S&P LATIN AMERICA 40 I","NYSE"
"ILIT","ISHARES LITH MNRS AND PROD","ILIT","ISHARES LITHIUM MINERS AND PRODUCERS ETF","NASDAQ"
"ILLR","TRILLER GROUP INC","ILLR","TRILLER GROUP INC.","NASDAQ"
"ILLUU","ILLUMINATION ACQUISITION COR","ILLUU","ILLUMINATION ACQUISITION CORP I UNT","NASDAQ"
"ILMN","ILLUMINA INC","ILMN","ILLUMINA","NASDAQ"
"ILOW","AB INTERNAL LOW VOLAT EQ ETF","ILOW","AB INTERNATIONAL LOW VOLATILITY EQUITY ETF","NYSE"
"ILPT","INDUSTRIAL LOGISTICS PROPERT","ILPT","INDUSTRIAL LOGISTICS PROPERTIES TRUST","NASDAQ"
"ILS","BROOKMONT CATASTROPHIC BOND","ILS","BROOKMONT CATASTROPHIC BOND ETF","NYSE"
"ILTB","ISHARES CORE 10+ YEAR USD BO","ILTB","ISHARES CORE 10+ YEAR USD BOND","NYSE"
"IMA","IMAGENEBIO INC","IMA","IMAGENEBIO, INC.","NASDAQ"
"IMAR","INNOVATOR INTDEVPOW BUF-MAR","IMAR","INNOVATOR INTL DEVELOPED POWER BUFFER ETF MAR","NYSE"
"IMAX","IMAX CORP","IMAX","IMAX","NYSE"
"IMAY","INNOV INTL DEV PB ETF - MAY","IMAY","INNOVATOR INTL DEVELOPED POWER BUFFER ETF MAY","NYSE"
"IMCB","ISHARES MORNINGSTAR MID-CAP","IMCB","ISHARES MORNINGSTAR MID-CAP ETF","NYSE"
"IMCC","IM CANNABIS CORP","IMCC","IM CANNABIS CORP. COMMON SHARES","NASDAQ"
"IMCG","ISHARES MORNINGSTAR MID-CAP","IMCG","ISHARES MORNINGSTAR MID-CAP GROWTH ETF","NYSE"
"IMCR","IMMUNOCORE HOLDINGS PLC-ADR","IMCR","IMMUNOCORE HOLDINGS PLC ADS","NASDAQ"
"IMCV","ISHARES MORNINGSTAR MID-CAP","IMCV","ISHARES MORNINGSTAR MID-CAP ETF","NASDAQ"
"IMDX","INSIGHT MOLECULAR DIAGNOSTIC","IMDX","INSIGHT MOLECULAR DIAGNOSTICS INC.","NASDAQ"
"IMF","INVESCO MANAGED FS ETF","IMF","INVESCO MNGD FUTURES STRATEGY ETF","BATS"
"IMFL","INVESCO INT DVLP DYN MULTI","IMFL","INVESCO INTL DEVELOPED DYNAMIC MULTIFACTOR ETF","BATS"
"IMKTA","INGLES MARKETS INC-CLASS A","IMKTA","INGLES MARKETS","NASDAQ"
"IMMP","IMMUTEP LTD-SP ADR","IMMP","IMMUTEP LTD ADR","NASDAQ"
"IMMR","IMMERSION CORP","IMMR","IMMERSION","NASDAQ"
"IMMX","IMMIX BIOPHARMA INC","IMMX","IMMIX BIOPHARMA, INC.","NASDAQ"
"IMNM","IMMUNOME INC","IMNM","IMMUNOME INC.","NASDAQ"
"IMNN","IMUNON INC","IMNN","IMUNON, INC.","NASDAQ"
"IMO","IMPERIAL OIL LTD","IMO","IMPERIAL OIL","NYSE_AMERICAN"
"IMOM","ALPHA INTL QUANT MOM ETF","IMOM","ALPHA ARCHITECT INTL QUANTITATIVE MOMO ETF","NASDAQ"
"IMOS","CHIPMOS TECHNOLOGIES INC-ADR","IMOS","CHIPMOS TECHNOLOGIES INC. ADS","NASDAQ"
"IMPP","IMPERIAL PETROLEUM INC","IMPP","IMPERIAL PETROLEUM INC. COMMON SHARES","NASDAQ"
"IMPPP","IMPERIAL PETROLEUM INC","IMPPP","IMPERIAL PETROLEUM INC. 8.75% SERIES A PF","NASDAQ"
"IMRA","BITWISE MARA INCOME STRAT","IMRA","BITWISE MARA OPTION INCOME STRATEGY ETF","NYSE"
"IMRN","IMMURON LTD-SPON ADR","IMRN","IMMURON LTD ADR","NASDAQ"
"IMRX","IMMUNEERING CORP - CLASS A","IMRX","IMMUNEERING CORPORATION CLASS A","NASDAQ"
"IMSR","TERRESTRIAL ENERGY INC","IMSR","TERRESTRIAL ENERGY INC.","NASDAQ"
"IMST","BITWISE MSTR INCOME STRAT","IMST","BITWISE MSTF OPTION INCOME STRATEGY ETF","NYSE"
"IMTB","ISHARES CORE 5-10 YEAR USD","IMTB","ISHARES CORE 5-10 YR HEDGE INDUSTRY VIP","NYSE"
"IMTE","INTEGRATED MEDIA TECHNOLOGY","IMTE","INTEGRATED MEDIA TECHNOLOGY LIMITED","NASDAQ"
"IMTG","INVESCO AGENCY MBS ETF","IMTG","","BATS"
"IMTM","ISHARES MSCI INTL MOMENTUM F","IMTM","ISHARES MSCI INTL MOMENTUM FACTOR ETF","NYSE"
"IMTX","IMMATICS NV","IMTX","IMMATICS N.V. ORDINARY SHARES","NASDAQ"
"IMUX","IMMUNIC INC","IMUX","IMMUNIC INC","NASDAQ"
"IMVP","INVESCO INDIA EXCHANGE-TRADE","IMVP","INVESCO INDIA ETF","NYSE"
"IMVT","IMMUNOVANT INC","IMVT","IMMUNOVANT INC","NASDAQ"
"IMXI","INTERNATIONAL MONEY EXPRESS","IMXI","INTERNATIONAL MONEY EXPRESS, INC.","NASDAQ"
"INAB","IN8BIO INC","INAB","IN8BIO, INC.","NASDAQ"
"INAC","INDIGO ACQUISITION CORP","INAC","INDIGO ACQUISITION CORP.","NASDAQ"
"INACU","INDIGO ACQUISITION CORP","INACU","INDIGO ACQUISITION CORP. UNT","NASDAQ"
"INBK","FIRST INTERNET BANCORP","INBK","FIRST INTERNET BANCORP COMMON","NASDAQ"
"INBKZ","FIRST INTERNET BANCORP","INBKZ","FIRST INTERNET BANCORP 6.0% SBNT 2029","NASDAQ"
"INBS","INTELLIGENT BIO SOLUTIONS IN","INBS","INTELLIGENT BIO SOLUTIONS INC.","NASDAQ"
"INBX","INHIBRX BIOSCIENCES INC","INBX","INHIBRX BIOSCIENCES, INC.","NASDAQ"
"INCE","FRANKLIN INCOME EQUITY FOCUS","INCE","FRANKLIN INCOME EQUITY FOCUS ETF","NYSE"
"INCM","FRANKLIN INCOME FOCUS ETF","INCM","FRANKLIN INCOME FOCUS ETF","NYSE"
"INCO","COLUMBIA INDIA CONSUMER ETF","INCO","COLUMBIA INDIA CONSUMER","NYSE"
"INCR","INTERCURE LTD","INCR","INTERCURE LTD. ORDINARY SHARES","NASDAQ"
"INCY","INCYTE CORP","INCY","INCYTE","NASDAQ"
"INDA","ISHARES MSCI INDIA ETF","INDA","ISHARES MSCI INDIA ETF","BATS"
"INDB","INDEPENDENT BANK CORP-MA","INDB","INDEPENDENT BANK","NASDAQ"
"INDE","MATTHEWS INDIA ETF","INDE","MATTHEWS INDIA ACTIVE ETF","NYSE"
"INDH","WISDOMTREE INDIA HEDG EQ","INDH","WISDOMTREE INDIA HEDGED EQUITY FUND","NASDAQ"
"INDI","INDIE SEMICONDUCTOR INC-A","INDI","INDIE SEMICONDUCTOR, INC. CLASS A","NASDAQ"
"INDL","DIR DLY MSCI IND B2X ETF-USD","INDL","DIREXION DAILY MSCI INDIA BULL 2X ETF","NYSE"
"INDO","INDONESIA ENERGY CORP LTD","INDO","INDONESIA ENERGY CORP LTD","NYSE_AMERICAN"
"INDP","INDAPTUS THERAPEUTICS INC","INDP","INDAPTUS THERAPEUTICS, INC.","NASDAQ"
"INDS","PACER INDUSTRIAL REAL ESTATE","INDS","PACER INDUSTRIAL REAL ESTATE ETF","NYSE"
"INDV","INDIVIOR PHARMACEUTICALS INC","INDV","INDIVIOR PHARMACEUTICALS, INC.","NASDAQ"
"INDY","ISHARES INDIA 50 ETF","INDY","ISHARES INDIA 50 ETF","NASDAQ"
"INDZ","VANECK INDIA SELECT ETF","INDZ","VANECK INDIA SELECT ETF","NYSE"
"INEO","INNEOVA HOLDINGS LTD-A","INEO","INNEOVA HOLDINGS LIMITED CLASS A","NASDAQ"
"INEQ","COLUMBIA INTL EQTY INC ETF","INEQ","COLUMBIA INTERNATIONAL EQUITY INCOME ETF","NYSE"
"ING","ING GROEP N.V.-SPONSORED ADR","ING","ING GROEP","NYSE"
"INGM","INGRAM MICRO HOLDING CORP","INGM","INGRAM MICRO HOLDING CORP","NYSE"
"INGN","INOGEN INC","INGN","INOGEN, INC COMMON STOCK","NASDAQ"
"INGR","INGREDION INC","INGR","INGREDION","NYSE"
"INHD","INNO HOLDINGS INC","INHD","INNO HOLDINGS INC.","NASDAQ"
"INKM","SS INCOME ALLOCATION ETF","INKM","STATE STREET INCOME ALLOCATION ETF","NYSE"
"INKT","MINK THERAPEUTICS INC","INKT","MINK THERAPEUTICS, INC. COMMON STOCK","NASDAQ"
"INLF","INLIF LTD-A","INLF","INLIF LIMITED CLASS A","NASDAQ"
"INLX","INTELLINETICS INC","INLX","INTELLINETICS INC","NYSE_AMERICAN"
"INM","INMED PHARMACEUTICALS INC","INM","INMED PHARMACEUTICALS INC","NASDAQ"
"INMB","INMUNE BIO INC","INMB","INMUNE BIO INC. COMMON STOCK","NASDAQ"
"INMD","INMODE LTD","INMD","INMODE LTD. ORDINARY SHARES","NASDAQ"
"INMU","ISHARES INTERMEDIATE MUNI IN","INMU","ISHARES INTERMEDIATE MUNI INCOME BOND ETF","NYSE"
"INN","SUMMIT HOTEL PROPERTIES INC","INN","SUMMIT HOTEL PROPERTIES","NYSE"
"INNV","INNOVAGE HOLDING CORP","INNV","INNOVAGE HOLDING CORP. COMMON STOCK","NASDAQ"
"INO","INOVIO PHARMACEUTICALS INC","INO","INOVIO PHARMACEUTICALS, INC. C","NASDAQ"
"INOD","INNODATA INC","INOD","INNODATA","NASDAQ"
"INOV","INNO INT DEV POWER BUFF NOV","INOV","INNOVATOR INTL DEVELOPED POWER BUFFER NOV","NYSE"
"INQQ","INQQ THE INDIA INTERNET ETF","INQQ","INQQ THE INDIA INTERNET ETF","NYSE"
"INR","INFINITY NATURAL RESOUR-CL A","INR","INFINITY NATURAL RESOURCES INC","NYSE"
"INRO","ISHARES US IN RO ACT ETF-USD","INRO","BLACKROCK U.S. INDUSTRY ROTATION ETF","NASDAQ"
"INSE","INSPIRED ENTERTAINMENT INC","INSE","INSPIRED ENTERTAINMENT, INC.","NASDAQ"
"INSG","INSEEGO CORP","INSG","INSEEGO CORP. COMMON STOCK","NASDAQ"
"INSM","INSMED INC","INSM","INSMED","NASDAQ"
"INSP","INSPIRE MEDICAL SYSTEMS INC","INSP","INSPIRE MEDICAL SYSTEMS INC","NYSE"
"INSW","INTERNATIONAL SEAWAYS INC","INSW","INTERNATIONAL SEAWAYS INC","NYSE"
"INTA","INTAPP INC","INTA","INTAPP, INC. COMMON STOCK","NASDAQ"
"INTC","INTEL CORP","INTC","INTEL","NASDAQ"
"INTF","ISHARES INTERNATIONAL EQUITY","INTF","ISHARES INTL EQUITY FACTOR ETF","NYSE"
"INTG","INTERGROUP CORP","INTG","INTERGROUP","NASDAQ"
"INTJ","INTELLIGENT GROUP LTD-A","INTJ","INTELLIGENT GROUP LIMITED CLASS A","NASDAQ"
"INTL","MAIN INTERNATIONAL ETF","INTL","MAIN INTL ETF","BATS"
"INTR","INTER & CO INC - CL A","INTR","INTER & CO. INC. CLASS A COMMON SHARES","NASDAQ"
"INTS","INTENSITY THERAPEUTICS INC","INTS","INTENSITY THERAPEUTICS, INC.","NASDAQ"
"INTT","INTEST CORP","INTT","INTEST CORPORATION","NYSE_AMERICAN"
"INTU","INTUIT INC","INTU","INTUIT","NASDAQ"
"INTW","GRANITE 2X LONG INTC ETF","INTW","GRANITESHARES 2X LONG INTC DAILY ETF","NASDAQ"
"INTZ","INTRUSION INC","INTZ","INTRUSION INC. COMMON STOCK","NASDAQ"
"INUV","INUVO INC","INUV","INUVO","NYSE_AMERICAN"
"INV","INNVENTURE INC","INV","INNVENTURE, INC.","NASDAQ"
"INVA","INNOVIVA INC","INVA","INNOVIVA, INC. COMMON STOCK","NASDAQ"
"INVE","IDENTIV INC","INVE","IDENTIV, INC. COMMON STOCK","NASDAQ"
"INVG","GMO INVESTMENT GRADE CREDIT","INVG","GMO SYSTEMATIC INVESTMENT GRADE CREDIT ETF","NYSE"
"INVH","INVITATION HOMES INC","INVH","INVITATION HOMES INC","NYSE"
"INVN","ALGER RUSSELL INNOVATION ETF","INVN","ALGER RUSSELL INNOVATION ETF","NYSE"
"INVX","INNOVEX INTERNATIONAL INC","INVX","INNOVEX INTERNATIONAL INC","NYSE"
"INVZ","INNOVIZ TECHNOLOGIES LTD","INVZ","INNOVIZ TECHNOLOGIES LTD.","NASDAQ"
"IOCT","INNOVATOR INT DEV POWER BUFF","IOCT","INNOVATOR INTL DEVELOPED POWER BUFFER ETF OCT","NYSE"
"ION","PROSHARES S&P GL CORE BAT MT","ION","PROSHARES S&P GLOBAL CORE BATTERY METALS ETF","NYSE"
"IONL","GRANITE 2X LONG IONQ ETF","IONL","GRANITESHARES 2X LONG IONQ DAILY ETF","NASDAQ"
"IONQ","IONQ INC","IONQ","IONQ INC","NYSE"
"IONR","IONEER LTD - ADR","IONR","IONEER LTD AMERICAN DEPOSITARY SHARES","NASDAQ"
"IONS","IONIS PHARMACEUTICALS INC","IONS","IONIS PHARMACEUTICALS, INC.","NASDAQ"
"IONX","DEFIANCE DLY T 2X L IONQ ETF","IONX","DEFIANCE DAILY TARGET 2X LONG IONQ ETF","NASDAQ"
"IONZ","DEF DAILY TAR 2X IONQ","IONZ","DEFIANCE DAILY TARGET 2X SHORT IONQ ETF","NASDAQ"
"IOO","ISHARES GLOBAL 100 ETF","IOO","ISHARES S&P GLOBAL 100 INDEX","NYSE"
"IOPP","SIMPLIFY TARA INDIA OPPORTUN","IOPP","SIMPLIFY TARA INDIA OPPORTUNITIES ETF","NYSE"
"IOR","INCOME OPP REALTY INVESTORS","IOR","INCOME OPPTY REALTY INVESTORS INC","NYSE_AMERICAN"
"IOSP","INNOSPEC INC","IOSP","INNOSPEC","NASDAQ"
"IOT","SAMSARA INC-CL A","IOT","SAMSARA INC","NYSE"
"IOTR","IOTHREE LTD","IOTR","IOTHREE LIMITED","NASDAQ"
"IOVA","IOVANCE BIOTHERAPEUTICS INC","IOVA","IOVANCE BIOTHERAPEUTICS, INC.","NASDAQ"
"IOYY","GRANITESH YIELDBOOST IONQ","IOYY","GRANITESHARES YIELDBOOST IONQ ETF","NASDAQ"
"IP","INTERNATIONAL PAPER CO","IP","INTERNATIONAL PAPER","NYSE"
"IPAC","ISHARES CORE MSCI PACIFIC ET","IPAC","ISHARES CORE MSCI PACIFIC","NYSE"
"IPAR","INTERPARFUMS INC","IPAR","INTER PARFUMS","NASDAQ"
"IPAV","GBL X INFRASTR DEVL EX-USETF","IPAV","GLOBAL X INFRASTRUCTURE DEVELOPMENT EX-U.S. ETF","BATS"
"IPAY","AMPLIFY DIGITAL PAYMENTS ETF","IPAY","AMPLIFY DIGITAL PAYMENTS ETF","NYSE"
"IPB","ML DEPOSITOR 6.0518% INDEXPLUS TRUST SERIES 2003-1 DUE 5-15-","IPB","MERR LYN DEPS INDEX PLS","NYSE"
"IPCX","INFLECTION POINT ACQUISITI-A","IPCX","INFLECTION POINT ACQUISITION CORP. III CLASS A","NASDAQ"
"IPCXU","INFLECTION POINT ACQUISITION","IPCXU","INFLECTION POINT ACQUISITION CORP. III UNT","NASDAQ"
"IPDN","PROFESSIONAL DIVERSITY NETWO","IPDN","PROFESSIONAL DIVERSITY NETWORK","NASDAQ"
"IPEX","INFLECTION POINT ACQUISITION","IPEX","INFLECTION POINT ACQUISITION CORP. V CLASS A","NASDAQ"
"IPEXU","INFLECTION POINT ACQUISITIO","IPEXU","INFLECTION POINT ACQUISITION CORP. V UNT","NASDAQ"
"IPFXU","INFLECTION POINT ACQUISITION","IPFXU","INFLECTION POINT ACQUISITION CORP. VI UNT","NASDAQ"
"IPGP","IPG PHOTONICS CORP","IPGP","IPG PHOTONICS","NASDAQ"
"IPHA","INNATE PHARMA SA-SPONS ADR","IPHA","INNATE PHARMA S.A. ADS","NASDAQ"
"IPI","INTREPID POTASH INC","IPI","INTREPID POTASH","NYSE"
"IPKW","INVESCO INTERNATIONAL BUYBAC","IPKW","POWERSHARES INTERNATIONAL BUYB","NASDAQ"
"IPM","INTELLIGENT PROTECTION MANAG","IPM","INTELLIGENT PROTECTION MANAGEMENT CORP.","NASDAQ"
"IPO","RENAISSANCE IPO ETF","IPO","RENAISSANCE IPO ETF","NYSE"
"IPOD","DUNE ACQUISITION CORP II","IPOD","DUNE ACQUISITION CORPORATION II CLASS A","NASDAQ"
"IPODU","DUNE ACQUISITION CORP II","IPODU","DUNE ACQUISITION CORPORATION II UNT","NASDAQ"
"IPSC","CENTURY THERAPEUTICS INC","IPSC","CENTURY THERAPEUTICS, INC. COMMON STOCK","NASDAQ"
"IPST","IP STRATEGY HOLDINGS INC","IPST","IP STRATEGY HOLDINGS, INC.","NASDAQ"
"IPW","IPOWER INC","IPW","IPOWER, INC. COMMON STOCK","NASDAQ"
"IPWR","IDEAL POWER INC","IPWR","IDEAL POWER INC","NASDAQ"
"IPX","IPERIONX LTD - ADR","IPX","IPERIONX LIMITED ADS","NASDAQ"
"IQ","IQIYI INC-ADR","IQ","IQIYI, INC. AMERICAN DEPOSITARY SHARES","NASDAQ"
"IQDF","FLEXSHARES-INT QUAL DVD INDE","IQDF","FLEXSHARES INTL QUALITY DIV IN","NYSE"
"IQDG","WISDOMTREE INTL QLTY DVD GRW","IQDG","WISDOMTREE INTL QUALITY DIV GROWTH FUND","BATS"
"IQDY","FLEXSHARES INT QUAL DVD DYN","IQDY","FLEXSHARES INTL QUALITY DIV DY","NYSE"
"IQHI","NYLI MACKAY HIGH INCOME ETF","IQHI","NYLI MACKAY ESG HIGH INCOME ETF","NYSE"
"IQI","INVESCO QUALITY MUNI INC TR","IQI","INVESCO QUALITY MUNI INCOME CO","NYSE"
"IQLT","ISHARES MSCI INTERNATIONAL Q","IQLT","ISHARES EDGE MSCI INTL DEVELOPED Q","NYSE"
"IQM","FRANKLIN INTELLIGENT MACHINE","IQM","FRANKLIN INTELLIGENT MACHINES ETF","BATS"
"IQMM","PROSHARES GENIUS MNY MKT ETF","IQMM","PROSHARES GENIUS MONEY MARKET ETF","NYSE"
"IQQQ","PROSHARES NDX HIGH INCOM ETF","IQQQ","PROSHARES NASDAQ-100 HIGH INCOME ETF","NASDAQ"
"IQSI","NYLI CANDRI INTER EQ ETF-USD","IQSI","NYLI CANDRIAM INTERNATIONAL EQUITY ETF","NYSE"
"IQSM","NYLI CAN US MID CAP EQ E-USD","IQSM","NYLI CANDRIAM US MID CAP EQUITY ETF","NYSE"
"IQST","IQSTEL INC","IQST","IQSTEL INC.","NASDAQ"
"IQSU","NYLI CAND US LAR CAP EQ ETF","IQSU","NYLI CANDRIAM US LARGE CAP EQUITY ETF","NYSE"
"IQV","IQVIA HOLDINGS INC","IQV","IQVIA HOLDINGS INC","NYSE"
"IR","INGERSOLL-RAND INC","IR","INGERSOLL RAND","NYSE"
"IRAB","IRIS ACQUISITION CORP I-CL A","IRAB","IRIS ACQUISITION CORP II","NYSE"
"IRD","OPUS GENETICS INC","IRD","OPUS GENETICS, INC.","NASDAQ"
"IRDM","IRIDIUM COMMUNICATIONS INC","IRDM","IRIDIUM COMMUNICATIONS","NASDAQ"
"IRE","DEFIAN DIY TT 2X LO IREN ETF","IRE","DEFIANCE DAILY TARGET 2XLONG IREN ETF","NYSE"
"IREG","LEVERAGE SHARES 2X IREN","IREG","LEVERAGE SHARES 2X LONG IREN DAILY ETF","NASDAQ"
"IREN","IREN LTD","IREN","IREN LIMITED","NASDAQ"
"IRET","IREIT MARKETVECTOR Q REIT I","IRET","IREIT - MARKETVECTOR QUALITY REIT INDEX ETF","NYSE"
"IREX","TRADR 2X LONG IREN DAILY ETF","IREX","TRADR 2X LONG IREN DAILY ETF","BATS"
"IREZ","TRDR 2X SH IREN DLY ETF","IREZ","TRADR 2X SHORT IREN DAILY ETF","BATS"
"IRHO","IRON HORSE ACQUISITIONS CORP","IRHO","IRON HORSE ACQUISITION CORP","NASDAQ"
"IRHOU","IRON HORSE ACQUISITION II CO","IRHOU","IRON HORSE ACQUISITIONS II CORP. UNT","NASDAQ"
"IRIX","IRIDEX CORP","IRIX","IRIDEX","NASDAQ"
"IRM","IRON MOUNTAIN INC","IRM","IRON MOUNTAIN INC REIT","NYSE"
"IRMD","IRADIMED CORP","IRMD","IRADIMED CORP","NASDAQ"
"IROC","INVESCO ROCHESTER HIGH YIELD","IROC","INVESCO ROCHESTER HIGH YIELD MUNICIPAL ETF","BATS"
"IRON","DISC MEDICINE INC","IRON","DISC MEDICINE, INC.","NASDAQ"
"IRS","IRSA -SP ADR","IRS","IRSA INVERSIONES","NYSE"
"IRT","INDEPENDENCE REALTY TRUST IN","IRT","INDEPENDENCE REALTY TRUST, INC","NYSE"
"IRTC","IRHYTHM HOLDINGS INC","IRTC","IRHYTHM HOLDINGS, INC.","NASDAQ"
"IRTR","ISHARES LIFEPATH RETIREMENT","IRTR","ISHARES LIFEPATH RETIREMENT ETF","NYSE"
"IRVH","GLOBAL X INTEREST RT VOL INF","IRVH","GLOBAL X INT RATE VLT & INFLATION HEDGE ETF","NYSE"
"IRWD","IRONWOOD PHARMACEUTICALS INC","IRWD","IRONWOOD PHARMACEUTICALS","NASDAQ"
"ISBA","ISABELLA BANK CORP","ISBA","ISABELLA BANK CORPORATION","NASDAQ"
"ISBG","INCSTKD 1X BTC & 1X GP ETF","ISBG","INCOMESTKD 1X BITCOIN & 1X GOLD PREMIUM ETF","BATS"
"ISCB","ISHARES MORNINGSTAR SM CAP","ISCB","ISHARES MORNINGSTAR SMALL CORE","NYSE"
"ISCF","ISHARES INTERNATIONAL SMALL","ISCF","ISHARES MSCI INTL SMALL-CAP MULTIFACTOR ETF","NYSE"
"ISCG","ISHARES MORNINGSTAR SMALL-CA","ISCG","ISHARES MORNINGSTAR SMALL GROWTH","NYSE"
"ISCV","ISHARES MORNINGSTAR SMALL-CA","ISCV","ISHARES MORNINGSTAR SMALL VALUE","NYSE"
"ISD","PGIM HIGH YIELD BOND FUND","ISD","PGIM HIGH YIELD BOND FUND INC","NYSE"
"ISEP","INNOVATOR INTL DEV EQ POWER","ISEP","INNOVATOR INTL DEVELOPED POWER BUFFER SEPT","NYSE"
"ISHG","ISHARES -3 YEAR INTERNATIONA","ISHG","ISHARES -3 YEAR INTERNATIONAL","NASDAQ"
"ISMD","INSPIRE SMALL-MID CAP ETF","ISMD","INSPIRE SMALL/MID CAP ESG ETF","NYSE"
"ISMF","ISHARES MANAGED FUTURES ACT","ISMF","BLACKROCK ISHARES MNGD FUTURES ACTIVE","BATS"
"ISPC","ISPECIMEN INC","ISPC","ISPECIMEN INC. COMMON STOCK","NASDAQ"
"ISPR","ISPIRE TECHNOLOGY INC","ISPR","ISPIRE TECHNOLOGY INC.","NASDAQ"
"ISPY","PROSHARES S&P HIGH INCOM ETF","ISPY","PROSHARES S&P 500 HIGH INCOME ETF","BATS"
"ISRA","VANECK ISRAEL ETF","ISRA","VANECK ISRAEL ETF","NYSE"
"ISRG","INTUITIVE SURGICAL INC","ISRG","INTUITIVE SURGICAL","NASDAQ"
"ISSC","INNOVATIVE SOLUTIONS & SUPP","ISSC","INNOVATIVE SOLUTIONS","NASDAQ"
"ISTB","ISHARES CORE 1-5 YEAR USD BO","ISTB","ISHARES CORE 1-5 YEAR USD BOND","NASDAQ"
"ISTR","INVESTAR HOLDING CORP","ISTR","INVESTAR HOLDING CORP","NASDAQ"
"ISUL","GRANITE 2X LONG ISRG ETF","ISUL","GRANITESHARES 2X LONG ISRG DAILY ETF","NASDAQ"
"ISVL","ISHARES INTERNATIONAL DEVELO","ISVL","ISHARES INTL DEVELOPED SMALL CAP VALUE FACTOR ETF","BATS"
"ISWN","AMPLIFY BLACKSWAN ISWN ETF","ISWN","AMPLIFY BLACKSWAN ISWN ETF","NYSE"
"IT","GARTNER INC","IT","GARTNER","NYSE"
"ITA","ISHARES U.S. AEROSPACE & DEF","ITA","I SHARES US AEROSPACE & DEFENSE","BATS"
"ITAN","SPARKLINE INTANGIBLE VAL ETF","ITAN","SPARKLINE INTANGIBLE VALUE ETF","NYSE"
"ITB","ISHARES U.S. HOME CONSTRUCTI","ITB","I SHARES US HOME CONSTRUCTION","BATS"
"ITDB","ISHARES LIFEPATH TARGET 2030","ITDB","ISHARES LIFEPATH TARGET DATE 2030 ETF","NYSE"
"ITDC","ISHARES LIFEPATH TARGET 2035","ITDC","ISHARES LIFEPATH TARGET DATE 2035 ETF","NYSE"
"ITDD","ISHARES LFEPTH TRGT 2040","ITDD","ISHARES LIFEPATH TARGET DATE 2040 ETF","NYSE"
"ITDE","ISHARES LIFEPTH TARG DT 2045","ITDE","ISHARES LIFEPATH TARGET DATE 2045 ETF","NYSE"
"ITDF","ISHARES LIFEPTH TARG DT 2050","ITDF","ISHARES LIFEPATH TARGET DATE 2050 ETF","NYSE"
"ITDG","ISHARES LIFEPTH TARG DT 2055","ITDG","ISHARES LIFEPATH TARGET DATE 2055 ETF","NYSE"
"ITDH","ISHARES TARGET DATE 2060","ITDH","ISHARES LIFEPATH TARGET DATE 2060 ETF","NYSE"
"ITDI","ISHARES LIFEPATH TARGET 2065","ITDI","ISHARES LIFEPATH TARGET DATE 2065 ETF","NYSE"
"ITDJ","ISHARES LIFEPATH TAR DT 2070","ITDJ","ISHARES LIFEPATH TARGET DATE 2070 ETF","NYSE"
"ITEQ","AMPLIFY BLUESTAR ISRAEL TECH","ITEQ","AMPLIFY BLUESTAR ISRAEL TECHNOLOGY ETF","NYSE"
"ITGR","INTEGER HOLDINGS CORP","ITGR","INTEGER HOLDINGS CORP","NYSE"
"ITHA","ITHAX ACQUISITION CORP-CL A","ITHA","ITHAX ACQUISITION CORP III CLASS A","NASDAQ"
"ITHAU","ITHAX ACQUISITION CORP III","ITHAU","ITHAX ACQUISITION CORP III UNT","NASDAQ"
"ITIC","INVESTORS TITLE CO","ITIC","INVESTORS TITLE","NASDAQ"
"ITM","VANECK INTERMEDIATE MUNI ETF","ITM","VANECK VECTORS AMT FREE INTERMED MUNI","BATS"
"ITOC","ITONIC HOLDINGS LTD","ITOC","ITONIC HOLDINGS LTD CLASS A","NASDAQ"
"ITOT","ISHARES CORE S&P TOTAL U.S.","ITOT","ISHARES CORE S&P TOTAL US STOC","NYSE"
"ITP","IT TECH PACKAGING INC","ITP","IT TECH PACKAGING INC","NYSE_AMERICAN"
"ITRG","INTEGRA RESOURCES CORP","ITRG","INTEGRA RESOURCES CORP","NYSE_AMERICAN"
"ITRI","ITRON INC","ITRI","ITRON","NASDAQ"
"ITRN","ITURAN LOCATION AND CONTROL","ITRN","ITURAN","NASDAQ"
"ITT","ITT INC","ITT","ITT INC","NYSE"
"ITUB","ITAU UNIBANCO H-SPON PRF ADR","ITUB","ITAU UNIBANCO HOLDING","NYSE"
"ITW","ILLINOIS TOOL WORKS","ITW","ILLINOIS TOOL WORKS","NYSE"
"ITWO","PROSHARES R2000 HI INCOM ETF","ITWO","PROSHARES RUSSELL 2000 HIGH INCOME ETF","BATS"
"IUS","INVESCO RAFI STRATEGIC US ET","IUS","INVESCO STRATEGIC US ETF","NASDAQ"
"IUSB","ISHR CR UNVRSE USD BD ETF-UI","IUSB","ISHARES CORE UNIVERSAL USD BOND ETF","NASDAQ"
"IUSG","ISHARES CORE S&P U.S. GROWTH","IUSG","ISHARES CORE S&P US GROWTH","NASDAQ"
"IUSV","ISHARES CORE S&P U.S. VALUE","IUSV","ISHARES CORE S&P US VALUE","NASDAQ"
"IVA","INVENTIVA SA - ADR","IVA","INVENTIVA S.A. - AMERICAN DEPOS","NASDAQ"
"IVAL","ALPHA ARCHI INTL QT VLU ETF","IVAL","ALPHA ARCHITECT INTL QUANTITATIVE VALUE ETF","NASDAQ"
"IVDA","IVEDA SOLUTIONS INC","IVDA","IVEDA SOLUTIONS, INC","NASDAQ"
"IVE","ISHARES S&P 500 VALUE ETF","IVE","ISHARES S&P 500 VALUE INDEX","NYSE"
"IVEP","DAN IVES WB AI PR & INFT ETF","IVEP","DAN IVES WEDBUSH AI POWER & INFRASTRUCTURE ETF","NYSE"
"IVES","DAN WEDBUSH AI REV ETF","IVES","DAN IVES WEDBUSH AI REVOLUTION ETF","NYSE"
"IVF","INVO FERTILITY INC","IVF","INVO FERTILITY, INC.","NASDAQ"
"IVLU","ISHARES MSCI INTERNATIONAL V","IVLU","ISHARES MSCI INTL VALUE FACTOR ETF","NYSE"
"IVOG","VANGUARD S&P MID-CAP 400 GRO","IVOG","VANGUARD S&P MID-CAP 400 GROWT","NYSE"
"IVOL","QUADRATIC INT RTE VOL INFL H","IVOL","QUADRATIC INT RATE VLT AND INFLATION HEDGE ETF","NYSE"
"IVOO","VANGUARD S&P MID-CAP 400 ETF","IVOO","VANGUARD S&P MID-CAP 400 INDEX","NYSE"
"IVOV","VANGUARD S&P MID-CAP 400 VAL","IVOV","VANGUARD S&P MID-CAP 400 VALUE","NYSE"
"IVR","INVESCO MORTGAGE CAPITAL","IVR","INVESCO MORTGAGE CAPITAL","NYSE"
"IVRS","ISHARES FUT META TECH & COMM","IVRS","ISHARES FUTURE METAVERSE TECH AND COMM ETF","NYSE"
"IVSI","APPLIED FIN IVS INTL LRG ETF","IVSI","APPLIED FINANCE IVS INTERNATIONAL LARGE ETF","NASDAQ"
"IVSS","APPLIED FIN IVS US SMID ETF","IVSS","APPLIED FINANCE IVS US SMID ETF","NASDAQ"
"IVT","INVENTRUST PROPERTIES CORP","IVT","INVENTRUST PROPERTIES CORP","NYSE"
"IVV","ISHARES CORE S&P 500 ETF","IVV","ISHARES CORE S&P 500 ETF","NYSE"
"IVVB","ISHARES LARGE CAP DEEP QUART","IVVB","BLACKROCK TRUST II ISHARES LARGE CAP DEEP BUFFER","BATS"
"IVVD","INVIVYD INC","IVVD","INVIVYD, INC.","NASDAQ"
"IVVM","ISHAR LC MD QUR LD ETF-US IN","IVVM","BLACKROCK TRUST II ISHARES LARGE CAP MOD BUF","BATS"
"IVVW","ISHARES S&P 500 BUYWRITE ETF","IVVW","ISHARES S&P 500 BUYWRITE ETF","BATS"
"IVW","ISHARES S&P 500 GROWTH ETF","IVW","ISHARES S&P 500 GROWTH INDEX","NYSE"
"IVZ","INVESCO LTD","IVZ","INVESCO","NYSE"
"IWB","ISHARES RUSSELL 1000 ETF","IWB","ISHARES RUSSELL 1000 INDEX","NYSE"
"IWC","ISHARES MICRO-CAP ETF","IWC","ISHARES RUSSELL MICROCAP INDEX","NYSE"
"IWD","ISHARES RUSSELL 1000 VALUE E","IWD","ISHARES RUSSELL 1000 VALUE IND","NYSE"
"IWF","ISHARES RUSSELL 1000 GROWTH","IWF","ISHARES RUSSELL 1000 GROWTH IN","NYSE"
"IWFG","NYLI WINSLOW FOC LRG CAP GRW","IWFG","NYLI WINSLOW FOCUSED LARGE CAP GROWTH ETF","NYSE"
"IWL","ISHARES RUSSELL TOP 200 ETF","IWL","ISHARES RUSSELL TOP 200 INDEX","NYSE"
"IWLG","NYLI WINSLOW LRG CAP GRW ETF","IWLG","NYLI WINSLOW LARGE CAP GROWTH ETF","NYSE"
"IWM","ISHARES RUSSELL 2000 ETF","IWM","ISHARES RUSSELL 2000 INDEX","NYSE"
"IWMI","NEOS RUSSELL 2000 HIGH INC","IWMI","NEOS ETF TRUST NEOS RUSSELL 2000 HIGH INCOME ETF","BATS"
"IWMW","ISHARES RUSSELL 2000 BUYWRIT","IWMW","ISHARES RUSSELL 2000 BUYWRITE ETF","BATS"
"IWMY","DEFIANCE R2000 WEEKLY DISTRI","IWMY","DEFIANCE R2000 WEEKLY DISTRIBUTION","NYSE"
"IWN","ISHARES RUSSELL 2000 VALUE E","IWN","ISHARES RUSSELL 2000 VALUE IND","NYSE"
"IWO","ISHARES RUSSELL 2000 GROWTH","IWO","ISHARES RUSSELL 2000 GROWTH IN","NYSE"
"IWP","ISHARES RUSSELL MID-CAP GROW","IWP","ISHARES RUSSELL MIDCAP GROWTH","NYSE"
"IWR","ISHARES RUSSELL MID-CAP ETF","IWR","ISHARES RUSSELL MIDCAP INDEX","NYSE"
"IWS","ISHARES RUSSELL MID-CAP VALU","IWS","ISHARES RUSSELL MIDCAP VALUE I","NYSE"
"IWV","ISHARES RUSSELL 3000 ETF","IWV","ISHARES RUSSELL 3000 INDEX","NYSE"
"IWX","ISHARES RUSSELL TOP 200 VALU","IWX","ISHARES RUSSELL TOP 200 VALUE","NYSE"
"IWY","ISHARES RUSSELL TOP 200 GROW","IWY","ISHARES RUSSELL TOP 200 GROWTH","NYSE"
"IX","ORIX - SPONSORED ADR","IX","ORIX","NYSE"
"IXC","ISHARES GLOBAL ENERGY ETF","IXC","ISHARES S&P GLOBAL ENERGY","NYSE"
"IXG","ISHARES GLOBAL FINANCIALS ET","IXG","ISHARES S&P GLOBAL FINANCIALS","NYSE"
"IXHL","INCANNEX HEALTHCARE INC","IXHL","INCANNEX HEALTHCARE LIMITED ADS","NASDAQ"
"IXJ","ISHARES GLOBAL HEALTHCARE ET","IXJ","ISHARES S&P GLOBAL HEALTHCARE","NYSE"
"IXN","ISHARES GLOBAL TECH ETF","IXN","ISHARES S&P GLOBAL TECHNOLOGY","NYSE"
"IXP","ISHARES GLOBAL COMM SERVICES","IXP","ISHARES GLOBAL COMM SERVICES ETF","NYSE"
"IXUS","ISHARES CORE INTL STOCK ETF","IXUS","ISHARES CORE MSCI TOTAL INTL S","NASDAQ"
"IYC","ISHARES US CONSUMER DISCRETI","IYC","ISHARES US CONSUMER DISCRETIONARY ETF","NYSE"
"IYE","ISHARES U.S. ENERGY ETF","IYE","ISHARES DOW JONES US ENERGY","NYSE"
"IYF","ISHARES U.S. FINANCIALS ETF","IYF","ISHARES DOW JONES US FINANCIAL","NYSE"
"IYG","ISHARES U.S. FINANCIAL SERVI","IYG","ISHARES U.S. FINANCIAL SERVICES ETF","NYSE"
"IYH","ISHARES U.S. HEALTHCARE ETF","IYH","ISHARES U.S. HEALTHCARE ETF","NYSE"
"IYJ","ISHARES U.S. INDUSTRIALS ETF","IYJ","ISHARES U.S. INDUSTRIALS ETF","BATS"
"IYK","ISHARES US CONSUMER STAPLES","IYK","ISHARES CONSUMER US STAPLES ETF","NYSE"
"IYLD","ISHARES MORNINGSTAR MULTI-AS","IYLD","ISHARES MORNINGSTAR MULTI","BATS"
"IYM","ISHARES U.S. BASIC MATERIALS","IYM","ISHARES DOW JONES US BASIC MAT","NYSE"
"IYR","ISHARES US REAL ESTATE ETF","IYR","ISHARES DOW JONES US REAL ESTA","NYSE"
"IYRI","NEOS REAL EST HGH INC ETF","IYRI","NEOS ETF TRUST NEOS REAL ESTATE HIGH INCOME ETF","BATS"
"IYT","ISHARES US TRANSPORTATION ET","IYT","ISHARES TRANSPORTATION AVERAGE ETF","BATS"
"IYW","ISHARES USTECHNOLOGY ETF","IYW","ISHARES DOW JONES US TECHNOLOG","NYSE"
"IYY","ISHARES DOW JONES U.S. ETF","IYY","ISHARES DOW JONES U.S. INDEX","NYSE"
"IYZ","ISHARES US TELECOMMUNICATION","IYZ","ISHARES U.S. TELECOMMUNICATIONS ETF","BATS"
"IZEA","IZEA WORLDWIDE INC","IZEA","IZEA INC. COMMON STOCK","NASDAQ"
"IZM","ICZOOM GROUP INC -CLASS A","IZM","ICZOOM GROUP INC. CLASS A","NASDAQ"
"IZRL","ARK ISRAEL INNOVATIVE TECHNO","IZRL","ASK ISRAEL INNOVATIVE TECHNOLOGY ETF","BATS"
"J","JACOBS SOLUTIONS INC","J","JACOBS SOLUTIONS INC","NYSE"
"JA","JANUS HENDERSON AA-A CLO ETF","JA","JANUS HENDERSON AA-A CLO ETF","NYSE"
"JAAA","JANUS HENDERSON AAA CLO ETF","JAAA","JANUS HENDERSON AAA CLO ETF","NYSE"
"JACK","JACK IN THE BOX INC","JACK","JACK IN THE BOX","NASDAQ"
"JACS","JACKSON ACQUISITION CO-CL A","JACS","JACKSON ACQUISITION CO II","NYSE"
"JADE","JPM ACTIV DEVELOP MKT EQ ETF","JADE","JPMORGAN ACTIVE DEVELOPING MARKETS EQUITY ETF","NYSE"
"JAGU","JAGUAR URANIUM CORP-CL A","JAGU","JAGUAR URANIUM CORP","NYSE_AMERICAN"
"JAGX","JAGUAR HEALTH INC","JAGX","JAGUAR HEALTH INC","NASDAQ"
"JAJL","INNOVATOR EDP ETF - 6M JA-JY","JAJL","INNOVATOR EQUITY DEFINED PROTECTION 6MO JAN/JUL","BATS"
"JAKK","JAKKS PACIFIC INC","JAKK","JAKKS PACIFIC","NASDAQ"
"JAN","JANUS LIVING INC CL-A-1","JAN","JANUS LIVING INC","NYSE"
"JANB","APTUS JANUARY BUFFER ETF","JANB","APTUS JAN BUFFER ETF","BATS"
"JANH","INNOV PREM INC 20 BARR - JAN","JANH","INNOVATOR PREMIUM INCOME 20 BARRIER ETF JAN","BATS"
"JANJ","INNOV PREM INC 30 BARR - JAN","JANJ","INNOVATOR PREMIUM INCOME 30 BARRIER ETF JAN","BATS"
"JANM","FT VEST US EQ MAX BUF JAN","JANM","FIRST TR VIII VEST US EQUITY MAX BUFFER JAN","BATS"
"JANP","PGIM S&P 500 BUFFER 12 ETF -","JANP","PGIM US LARGE-CAP BUFFER 12 ETF JAN","BATS"
"JANT","ALLIANZIM US EQ BFFR10 JN-US","JANT","ALLIANZIM US LARGE CAP BUFFER10 JAN ETF","BATS"
"JANU","ALLIANZIM US BF15 UNCAP JAN","JANU","ALLIANZIM U.S. EQUITY BUFFER15 UNCAPPED JAN ETF","BATS"
"JANW","ALIANZIM US EQ BFR20 JAN-USD","JANW","ALLIANZIM US LARGE CAP BUFFER20 JAN ETF","BATS"
"JANX","JANUX THERAPEUTICS INC","JANX","JANUX THERAPEUTICS, INC. COMMON STOCK","NASDAQ"
"JANZ","TRUESHARES STRUCT OUTC JAN","JANZ","TRUESHARES STRUCTURED OUTCOME JAN ETF","BATS"
"JAPN","HORIZON KINETICS JAPAN OWNER","JAPN","HORIZON KINETICS JAPAN OWNER OPERATOR ETF","NASDAQ"
"JAVA","JPMORGAN ACTIVE VALUE ETF","JAVA","JP MORGAN ACTIVE VALUE ETF","NYSE"
"JAZZ","JAZZ PHARMACEUTICALS PLC","JAZZ","JAZZ PHARMACEUTICALS","NASDAQ"
"JBBB","JANUS HENDERSON B-BBB CLO ET","JBBB","JANUS HENDERSON B-BBB CLO ETF","BATS"
"JBDI","JBDI HOLDINGS LTD","JBDI","JBDI HOLDINGS LIMITED","NASDAQ"
"JBGS","JBG SMITH PROPERTIES","JBGS","JBG SMITH PROPERTIES","NYSE"
"JBHT","HUNT (JB) TRANSPRT SVCS INC","JBHT","J.B. HUNT TRANSPORT","NASDAQ"
"JBI","JANUS INTERNATIONAL GROUP IN","JBI","JANUS INTERNATIONAL GROUP INC","NYSE"
"JBIO","JADE BIOSCIENCES INC","JBIO","JADE BIOSCIENCES, INC.","NASDAQ"
"JBK","LEHMAN ABS CORP CRP BACKED FLOATING RATE GOLDMAN","JBK","LEHMAN ABS CTS 3.50PC GS","NYSE"
"JBL","JABIL INC","JBL","JABIL INC","NYSE"
"JBLU","JETBLUE AIRWAYS CORP","JBLU","JETBLUE AIRWAYS","NASDAQ"
"JBND","JPMORGAN ACTIVE BOND ETF","JBND","JPMORGAN ACTIVE BOND ETF","NYSE"
"JBS","JBS NV-A","JBS","JBS NV","NYSE"
"JBSS","JOHN B. SANFILIPPO & SON INC","JBSS","JOHN B SANFILIPPO","NASDAQ"
"JBTM","JBT MAREL CORP","JBTM","JBT MAREL CORP","NYSE"
"JCAP","JEFFERSON CAPITAL INC","JCAP","JEFFERSON CAPITAL, INC.","NASDAQ"
"JCE","NUVEEN CORE EQUITY ALPHA","JCE","NUVEEN CORE EQUITY ALPHA COMMO","NYSE"
"JCHI","JPMORGAN ACTIVE CHINA ETF","JCHI","JPMORGAN ACTIVE CHINA ETF","NYSE"
"JCI","JOHNSON CONTROLS INTERNATION","JCI","JOHNSON CONTROLS","NYSE"
"JCPB","JPMORGAN CORE PLUS BOND ETF","JCPB","JPMORGAN CORE PLUS BOND ETF","NYSE"
"JCSE","JE CLEANTECH HOLDINGS LTD","JCSE","JE CLEANTECH HOLDINGS LTD","NASDAQ"
"JCTC","JEWETT-CAMERON TRADING LTD","JCTC","JEWETT-CAMERON TRADING COMPANY","NASDAQ"
"JD","JD.COM INC-ADR","JD","JD.COM INC","NASDAQ"
"JDOC","JPMORGAN HEALTHCARE LEAD ETF","JDOC","JPMORGAN HEALTHCARE LEADERS ETF","NASDAQ"
"JDST","DIR DLY JUN GM IB 2X ETF-USD","JDST","DIREXION DAILY JUNIOR GOLD MINERS BEAR 2X ETF","NYSE"
"JDVI","JH DISC. VALUE INT SELECT","JDVI","JOHN HANCOCK DISCIPLINED VALUE INTL SELECT ETF","NYSE"
"JDVL","JH DISC VALUE SELECT ETF","JDVL","JOHN HANCOCK DISCIPLINED VALUE SELECT ETF","NYSE"
"JEDI","DEFIANCE DRONE & MOD WAR ETF","JEDI","DEFIANCE DRONE AND MODERN WARFARE ETF","NYSE"
"JEF","JEFFERIES FINANCIAL GROUP IN","JEF","JEFFERIES FINANCIAL GROUP INC","NYSE"
"JELD","JELD-WEN HOLDING INC","JELD","JELD-WEN HOLDING INC","NYSE"
"JEM","707 CAYMAN HOLDINGS LTD","JEM","707 CAYMAN HOLDINGS LIMITED","NASDAQ"
"JEMA","JPMORGAN ACTIVEBUILDERS EMER","JEMA","JPMORGAN ACTIVEBUILDERS EMERGING MARKETS EQUITY","NASDAQ"
"JEMB","JH EM DEBT HARD CURRENCY ETF","JEMB","JANUS HENDERSON EMERGING MKTS DEBT HARD CURRENCY","NYSE"
"JENA","JENA ACQUISITION CORP II - A","JENA","JENA ACQUISITION CORP II","NYSE"
"JEPI","JPMORGAN EQUITY PREMIUM INCO","JEPI","JP MORGAN EQUITY PREMIUM INCOME ETF","NYSE"
"JEPQ","JPM NASDAQ EQUITY PREMIUM","JEPQ","JPMORGAN NASDAQ EQUITY PREMIUM INCOME ETF","NASDAQ"
"JETD","MAX -3X INVERSE LEVERAGED","JETD","MAX AIRLINES -3X INVERSE LEVERAGED ETNS","NYSE"
"JETS","US GLOBAL JETS ETF","JETS","US GLOBAL JETS ETF","NYSE"
"JETU","MAX AIRLINES 3X LEVERAGED","JETU","MAX AIRLINES 3X LEVERAGED ETNS","NYSE"
"JF","J AND FRIENDS HOLDINGS LTD","JF","J AND FRIENDS HOLDINGS LIMITED ADS","NASDAQ"
"JFB","JFB CONSTRUCTION HOLDIN-CL A","JFB","JFB CONSTRUCTION HOLDINGS CLASS A","NASDAQ"
"JFIN","JIAYIN GROUP INC-ADR","JFIN","JIAYIN GROUP INC","NASDAQ"
"JFLI","JPMORGAN FLEXIBLE INCOME ETF","JFLI","JPMORGAN FLEXIBLE INCOME ETF","NYSE"
"JFLX","JPMORGAN FLEXIBLE DEBT ETF","JFLX","JP MORGAN FLEXIBLE DEBT ETF","NYSE"
"JFR","NUVEEN FLOATING RATE INCOME","JFR","NUVEEN FLOATING RATE INCOME CO","NYSE"
"JFU","9F INC - ADR","JFU","9F INC","NASDAQ"
"JG","AURORA MOBILE LTD-ADR","JG","AURORA MOBILE LIMITED ADS","NASDAQ"
"JGH","NUVEEN GLOBAL HIGH INCOME","JGH","NUVEEN GLOBAL HIGH INCOME FUND","NYSE"
"JGLO","JPMORGAN GLBL SLCT EQ ETF","JGLO","JPMORGAN GLOBAL SELECT EQUITY ETF","NASDAQ"
"JGRO","JPMORGAN ACTIVE GROWTH ETF","JGRO","JP MORGAN ACTIVE GROWTH ETF","NYSE"
"JGRW","JENSEN QUALITY GROWTH ETF","JGRW","JENSEN QUALITY GROWTH ETF","NYSE"
"JHAC","JH FUNDAMENTAL ALL CAP CORE","JHAC","JOHN HANCOCK FUNDAMENTAL ALL CAP CORE ETF","NYSE"
"JHAI","JANUS HEN GLOBAL AI ETF","JHAI","JANUS HENDERSON GLOBAL ARTIFICIAL INTELLIGENCE ETF","NASDAQ"
"JHCB","JOHN HANCOCK CORPORATE BOND","JHCB","JOHN HANCOCK CORPORATE BOND ETF","NYSE"
"JHEM","JOHN HANCOCK MULTI EM MRK ET","JHEM","JOHN HANCOCK MULTIFACTOR EMERGING MARKETS ETF","NYSE"
"JHG","JANUS HENDERSON GROUP PLC","JHG","JANUS HENDERSON GROUP PLC","NYSE"
"JHI","JOHN HANCOCK INVESTORS TR","JHI","JH INVESTORS TRUST COMMON","NYSE"
"JHMB","JOHN HANCOCK MORTGAGE-BACKED","JHMB","JOHN HANCOCK MORTGAGE-BACKED SECURITIES ETF","NYSE"
"JHMD","JOHN HANCOCK MF DEV INTL ETF","JHMD","JOHN HANCOCK TRUST MULTIFACTOR DEVELOPED INTL","NYSE"
"JHML","JOHN HANCOCK MULTI FACT LRG","JHML","JOHN HANCOCK MULTIFACTOR LARGE CAP","NYSE"
"JHMM","JOHN HANCOCK MULTI FACT MID","JHMM","JOHN HANCOCK MULTIFACTOR MID CAP ETF","NYSE"
"JHMU","JH DYNAMIC MUNI BOND ETF","JHMU","JOHN HANCOCK DYNAMIC MUNICIPAL BOND ETF","NYSE"
"JHPI","JOHN HANCOCK PREFERRED INCOM","JHPI","JOHN HANCOCK PREFERRED INCOME ETF","NYSE"
"JHS","JOHN HANCOCK INCOME SEC TR","JHS","JH INCOME SECURITIES COMMON","NYSE"
"JHSC","JOHN HANCOCK MULTI SMALL CAP","JHSC","JOHN HANCOCK MULTIFACTOR SM CAP ETF","NYSE"
"JHX","JAMES HARDIE IND PLC","JHX","JAMES HARDIE INDUSTRIES","NYSE"
"JIG","JPMORGAN INTERNATIONAL GROWT","JIG","JP MORGAN INTERNATIONAL GROWTH ETF","NYSE"
"JIII","JNS HNDRSN INCM ETF","JIII","JANUS HENDERSON INCOME ETF","NYSE"
"JILL","J. JILL INC","JILL","J.JILL, INC","NYSE"
"JIRE","JPMORGAN INT RES ENH EQTY","JIRE","JPMORGAN INTL RESEARCH ENHANCED EQUITY ETF","NYSE"
"JIVE","JPM INTERNTL VALUE ETF","JIVE","JPMORGAN INTERNATIONAL VALUE ETF","NASDAQ"
"JJSF","J & J SNACK FOODS CORP","JJSF","J&J SNACK FOODS","NASDAQ"
"JKHY","JACK HENRY & ASSOCIATES INC","JKHY","JACK HENRY & ASSOCIATES","NASDAQ"
"JKS","JINKOSOLAR HOLDING CO-ADR","JKS","JINKOSOLAR HOLDING","NYSE"
"JL","J-LONG GROUP LTD-A","JL","J-LONG GROUP LIMITED CLASS A","NASDAQ"
"JLHL","JULONG HOLDING LTD","JLHL","JULONG HOLDING LIMITED CLASS A","NASDAQ"
"JLL","JONES LANG LASALLE INC","JLL","JONES LANG LASALLE","NYSE"
"JLS","NUVEEN MORTGAGE & INCOME","JLS","NUVEEN MORTGAGE AND INCOME FUND","NYSE"
"JMBS","JANUS HENDERSON MORTG BACKED","JMBS","JANUS HENDERSON MBS ETF","NYSE"
"JMEE","JPM SMA & MID CAP EN EQ ET-U","JMEE","JPMORGAN SMALL AND MID CAP ENHANCED EQUITY ETF","NYSE"
"JMG","JM GROUP LTD","JMG","JM GROUP LTD","NYSE_AMERICAN"
"JMIA","JUMIA TECHNOLOGIES AG-ADR","JMIA","JUMIA TECHNOLOGIES AG","NYSE"
"JMID","JHI MID CAP GROWTH ALPHA ETF","JMID","JANUS HENDERSON MID CAP GROWTH ALPHA ETF","NASDAQ"
"JMM","NUVEEN MULTI-MARKET INCOME","JMM","NUVEEN MULTI-MARKET INCOME FUN","NYSE"
"JMMF","JPMORGAN 100% US TRE SMM ETF","JMMF","JP MORGAN 100% US TREASURY SEC MONEY MARKET","NYSE"
"JMOM","JPMORGAN US MOMENTUM FACTOR","JMOM","JP MORGAN US MOMENTUM FACTOR ETF","NYSE"
"JMSB","JOHN MARSHALL BANCORP INC","JMSB","JOHN MARSHALL BANCORP, INC.","NASDAQ"
"JMSI","JPM SUS MUNICIPAL INCOME","JMSI","JP MORGAN SUSTAINABLE MUNI INCOME","NYSE"
"JMST","JPM ULTRA-SHORT MUNI INCOME","JMST","JPMORGAN ULTRA-SHORT MUNICIPAL INCOME ETF","NYSE"
"JMTG","MORTGAGE-BACKED SECURITIES","JMTG","JP MORGAN MORTGAGE-BACKED SECURITIES ETF","NYSE"
"JMUB","JPMORGAN MUNICIPAL ETF","JMUB","JPMORGAN MUNICIPAL ETF","NYSE"
"JNJ","JOHNSON & JOHNSON","JNJ","JOHNSON & JOHNSON","NYSE"
"JNK","SS SPDR BB HIGH YIELD BOND","JNK","STATE ST SPDR BLOOMBERG HIGH YIELD BOND","NYSE"
"JNUG","DIRX DLY JUNR GMI B2X ETF-UI","JNUG","DIREXION DAILY JUNIOR GOLD MINERS BULL 2X ETF","NYSE"
"JOB","GEE GROUP INC","JOB","GEE GROUP INC","NYSE_AMERICAN"
"JOBX","TRADR 2X LNG JOBY DLY ETF","JOBX","TRADR 2X LONG JOBY DAILY ETF","BATS"
"JOBY","JOBY AVIATION INC","JOBY","JOBY AVIATION INC","NYSE"
"JOE","ST JOE CO-THE","JOE","ST. JOE","NYSE"
"JOET","VIRTUS TERRANOVA US QUAL MOM","JOET","VIRTUS TRUST II VIRTUS TERRANOVA US QUALITY MOMO","NYSE"
"JOF","JAPAN SMALLER CAPITALIZATION","JOF","JAPAN SMALLER CAPITALIZATION C","NYSE"
"JOJO","ATAC CREDIT ROTATION ETF","JOJO","ATAC CREDIT ROTATION ETF","NYSE"
"JOUT","JOHNSON OUTDOORS INC-A","JOUT","JOHNSON OUTDOORS","NASDAQ"
"JOYT","JPMORGAN EQ AND OPTIN TR ETF","JOYT","JPMORGAN EQUITY AND OPTIONS TOTAL RETURN ETF","NASDAQ"
"JOYY","JOYY INC-ADR","JOYY","JOYY INC. ADS","NASDAQ"
"JPAN","MATTHEWS JAPAN ACTIVE ETF","JPAN","MATTHEWS JAPAN ACTIVE ETF","NYSE"
"JPC","NUVEEN PREFERED & INCOME OPP","JPC","NUVEEN PREF & INCOME OPPS FUND C","NYSE"
"JPEF","JPMORGAN EQUITY FOCUS ETF","JPEF","JPMORGAN EQUITY FOCUS ETF","NASDAQ"
"JPEM","JPM DIVERSIFIED RET EM EQUIT","JPEM","JPMORGAN DIVERSIFIED RTN EMG M","NYSE"
"JPIB","JPMORGAN INTL BND ETF","JPIB","JPMORGAN INTERNATIONAL BOND OPPORTUNITIES FUND","NYSE"
"JPIE","JPMORGAN INCOME ETF","JPIE","JP MORGAN INCOME ETF","NYSE"
"JPIN","JPM DIVERSIFIED RET INTL EQ","JPIN","JP MORGAN DIVERSIFIED RETURN I","NYSE"
"JPLD","JPMORGAN LTD DURATION ETF","JPLD","JPMORGAN LTD DURATION BOND ETF","NYSE"
"JPM","JPMORGAN CHASE & CO","JPM","JPMORGAN CHASE","NYSE"
"JPMB","JPMORGAN USD EMERGING MARKET","JPMB","JPMORGAN USD EMERGING MARKETS SOVEREIGN BOND ETF","NYSE"
"JPME","JPM DIVER RET US MC EQUITY","JPME","JMP GROUP LLC 6.875% SR NTS 2029","NYSE"
"JPRE","JPMORGAN REALTY INCOME ETF","JPRE","JPMORGAN REALTY INCOME ETF","NYSE"
"JPSE","JPM DIVERSIFIED RT SMALL CAP","JPSE","JPMORGAN DIVERSIFIED TR US SMALL CAP EQUITY ETF","NYSE"
"JPST","JPMORGAN ULTRA-SHORT INCOME","JPST","JP MORGAN ULTRA-SHORT INCOME ETF","NYSE"
"JPSV","JPMORGAN ACTV SMALL CAP VALU","JPSV","JP MORGAN ACTIVE SMALL CAP VALUE ETF","NYSE"
"JPUS","JPMORGAN DIV RET US EQ ETF","JPUS","JPMORGAN DIVERSIFIED RETURN US EQUITY","NYSE"
"JPXN","ISHARES JPX-NIKKEI 400 ETF","JPXN","ISHARES JPX-NIKKEI 400 ETF","NYSE"
"JPY","LAZARD JAPANESE EQUITY ETF","JPY","LAZARD JAPANESE EQUITY ETF","NASDAQ"
"JQC","NUVEEN CREDIT STRATEGIES INC","JQC","NUVEEN CREDIT STRAT. INCOME CO","NYSE"
"JQUA","JPMORGAN US QUALITY FACTOR","JQUA","JP MORGAN US QUALITY FACTOR ETF","NYSE"
"JRE","JANUS HENDERSON US REAL EST","JRE","JANUS HENDERSON US REAL ESTATE ETF","NYSE"
"JRI","NUVEEN REAL ASSET INC & GRW","JRI","NUVEEN REAL ASSET INCOME AND G","NYSE"
"JRS","NUVEEN REAL ESTATE INCOME","JRS","NUVEEN REAL ESTATE INCOME COMM","NYSE"
"JRSH","JERASH HOLDINGS US INC","JRSH","JERASH HOLDINGS (US), INC. COMMON STOCK","NASDAQ"
"JRVR","JAMES RIVER GROUP HOLDINGS I","JRVR","JAMES RIVER GROUP HOLDINGS, INC.","NASDAQ"
"JSCP","JPMORGAN SHORT DURATION CORE","JSCP","JP MORGAN SHORT DURATION CORE PLUS ETF","NYSE"
"JSI","JH SECURITIZED INCOME ETF","JSI","JANUS HENDERSON SECURITIZED INCOME ETF","NYSE"
"JSM","NAVIENT CORP 6% NOTES 12-15-43","JSM","SLM CORPORATION 6 SENIOR NOTES","NASDAQ"
"JSMD","JANUS SMALL MID CAP GR ALP","JSMD","JANUS HENDERSON SMALL/MID CAP GROWTH ALPHA ETF","NASDAQ"
"JSML","JANUS HENDER SM CAP GRW ALPH","JSML","JANUS HENDERSON SMALL CAP GROWTH ALPHA ETF","NASDAQ"
"JSPR","JASPER THERAPEUTICS INC","JSPR","JASPER THERAPEUTICS INC","NASDAQ"
"JSTC","ADASINA SOCIAL JUSTICE GLB","JSTC","ADASINA SOCIAL JUSTICE ALL CAP GLOBAL ETF","NYSE"
"JTEK","JPMORGAN US TECH LEADERS","JTEK","JPMORGAN U.S. TECH LEADERS ETF","NASDAQ"
"JUCY","APTUS ENHANCED YIELD ETF","JUCY","APTUS ENHANCED YIELD ETF","BATS"
"JULB","APTUS JULY BUFFER ETF","JULB","APTUS JUL BUFFER ETF","BATS"
"JULH","INNOV PREM INC 20 BARR-JULY","JULH","INNOVATOR PREMIUM INCOME 20 BARRIER ETF JUL","BATS"
"JULJ","INNOV PREM INC 30 BARR-JULY","JULJ","INNOVATOR PREMIUM INCOME 30 BARRIER ETF JUL","BATS"
"JULM","FT VEST US EQ MAX BUF JULY","JULM","FIRST TR VIII VEST US EQUITY MAX BUFFER JUL","BATS"
"JULT","ALL US EQU BUF10 JUL ETF-USD","JULT","ALLIANZIM U.S. LARGE CAP BUFFER10 JUL ETF","BATS"
"JULU","ALLIANZIM US BF15 UNCAP JUL","JULU","ALLIANZIM US EQUITY BUFFER 15 UNCAPPED JUL ETF","BATS"
"JULW","ALIANZIM US EQ BFR20 JUL-USD","JULW","ALLIANZIM U.S. LARGE CAP BUFFER20 JUL ETF","BATS"
"JUNM","FT VEST US EQ MAX BUF JUNE","JUNM","SHL TELEMEDICINE FT VEST US EQUITY MAX BUFFER JUN","BATS"
"JUNP","PGIM S&P 500 BUFFER 12 ETF -","JUNP","SHL TELEMEDICINE PGIM US LARGE-CAP BUFFER 12 JUN","BATS"
"JUNS","JUPITER NEUROSCIENCES INC","JUNS","JUPITER NEUROSCIENCES, INC.","NASDAQ"
"JUNT","ALLIANZIM US EQ BFFR10 JN-US","JUNT","AIM PDT TR ALLIANZIM US LARGE CAP BUFFER10","BATS"
"JUNW","ALIANZIM US EQ BFR20 JUN-USD","JUNW","AIM PDT TR ALLIANZIM US LARGE CAP BUFFER20","BATS"
"JUNZ","TRUESHARES STRUCTURED OC JUN","JUNZ","TRUESHARES STRUCTURED OUTCOME (JUN) ETF","BATS"
"JUST","GOLDMAN SACHS JUST US LRG","JUST","GOLDMAN SACHS JUST U.S. LARGE CAP EQUITY ETF","NYSE"
"JVA","COFFEE HOLDING CO INC","JVA","COFFEE HOLDING COMPANY","NASDAQ"
"JVAL","JPMORGAN US VALUE FACTOR ETF","JVAL","JP MORGAN US VALUE FACTOR ETF","NYSE"
"JWEL","JOWELL GLOBAL LTD","JWEL","JOWELL GLOBAL LTD.","NASDAQ"
"JXG","JX LUXVENTURE GROUP INC","JXG","JX LUXVENTURE GROUP INC.","NASDAQ"
"JXI","ISHARES GLOBAL UTILITIES ETF","JXI","ISHARES S&P GLOBAL UTILITIES","NYSE"
"JXN","JACKSON FINANCIAL INC-A","JXN","JACKSON FINANCIAL INC","NYSE"
"JYD","JAYUD GLOBAL LOGISTICS LTD-A","JYD","JAYUD GLOBAL LOGISTICS LIMITED CLASS A","NASDAQ"
"JYNT","JOINT CORP-THE","JYNT","THE JOINT CORP. COMMON STOCK","NASDAQ"
"JZ","JIANZHI EDUCATION TECHNOLOGY","JZ","JIANZHI EDUCATION TECH GROUP CO LTD ADS","NASDAQ"
"JZXN","JIUZI HOLDINGS INC","JZXN","JIUZI HOLDINGS, INC. ORDINARY SHARES","NASDAQ"
"KAI","KADANT INC","KAI","KADANT","NYSE"
"KALA","KALA BIO INC","KALA","KALA PHARMACEUTICALS, INC.","NASDAQ"
"KALU","KAISER ALUMINUM CORP","KALU","KAISER ALUMINUM","NASDAQ"
"KALV","KALVISTA PHARMACEUTICALS INC","KALV","KALVISTA PHARMACEUTICALS, INC.","NASDAQ"
"KAMO","KENSINGTON CREDIT OPPORT ETF","KAMO","KENSINGTON CREDIT OPPORTUNITIES ETF","BATS"
"KAPA","KAIROS PHARMA LTD","KAPA","KAIROS PHARMA LTD","NYSE_AMERICAN"
"KAPR","INNOVATOR U.S. SMALL CAP POW","KAPR","INNOVATOR U.S. SMALL CAP POWER BUFFER ETF APR","BATS"
"KARO","KAROOOOO LTD","KARO","KAROOOOO LTD. ORDINARY SHARES","NASDAQ"
"KARS","KRANESHARES ELECTRIC VEHICLE","KARS","KRANESHARES ELECTRIC VEHICLES ETF","NYSE"
"KAT","SCHARF ETF","KAT","SCHARF ETF","NASDAQ"
"KAUG","INV US SML CAP PB ETF - AUG","KAUG","INNOVATOR US SMALL CAP POWER BUFFER ETF AUG","BATS"
"KB","KB FINANCIAL GROUP INC-ADR","KB","KB FINANCIAL GROUP","NYSE"
"KBA","KRANESHARES BOSERA MSCI CHIN","KBA","KRANESHARES BOSERA MSCI CHINA A 50 CONNECT ETF","NYSE"
"KBAB","KRNESHRS 2X LNG BABA DLY ETF","KBAB","KRANESHARES 2X LONG BABA DAILY ETF","NASDAQ"
"KBDC","KAYNE ANDERSON BDC INC","KBDC","KAYNE ANDERSON BDC INC","NYSE"
"KBDU","KRANESHARES 2X LONG BIDU ETF","KBDU","KRANESHARES 2X LONG BIDU DAILY ETF","NASDAQ"
"KBE","SS SPDR S&P BANK ETF","KBE","STATE ST SPDR S&P BANK ETF","NYSE"
"KBFR","INNO US S CAP M10 BUF ETF","KBFR","INNOVATOR US SMALL CAP MANAGED 10 BUFFER ETF","NYSE"
"KBH","KB HOME","KBH","KB HOME","NYSE"
"KBON","KARBON CAPITAL PARTNERS-CL A","KBON","KARBON CAPITAL PARTNERS CORP. CLASS A","NASDAQ"
"KBONU","KARBON CAPITAL PARTNERS CORP","KBONU","KARBON CAPITAL PARTNERS CORP. UNT","NASDAQ"
"KBR","KBR INC","KBR","KBR","NYSE"
"KBSX","FST CORP","KBSX","FST CORP.","NASDAQ"
"KBUF","KRANESHARES 90% KWEB DEFINED","KBUF","KRANESHARES 90% KWEB DEFINED OUTCOME JAN 2026","NYSE"
"KBWB","INVESCO KBW BANK ETF","KBWB","POWERSHARES KBW BANK PORTFOLIO","NASDAQ"
"KBWD","INVESCO KBW HIGH DIVIDEND YI","KBWD","INVESCO KBW HIGH DIVIDEND YIELD FINANCIAL ETF","NASDAQ"
"KBWP","INVESCO KBW PROPERTY & CASUA","KBWP","INVESCO KBW PROPERTY & CASUALTY INSURANCE ETF","NASDAQ"
"KBWY","INVESCO KBW PREMIUM YIELD EQ","KBWY","INVESCO KBW PREMIUM YIELD EQUITY REIT ETF","NASDAQ"
"KC","KINGSOFT CLOUD HOLDINGS-ADR","KC","KINGSOFT CLOUD HOLDINGS LIMITED ADS","NASDAQ"
"KCAI","KRANESHARES CHINA AL IND ETF","KCAI","KRANESHARES CHINA ALPHA ETF","NYSE"
"KCCA","KRANESHARES CALIFORNIA CARBO","KCCA","KRANESHARES CALIFORNIA CARBON ALLOWANCE STRATEGY","NYSE"
"KCE","SS SPDR S&P CAP MKTS ETF","KCE","STATE ST SPDR S&P CAPITAL MARKETS ETF","NYSE"
"KCHV","KOCHAV DEFENSE ACQUISITION-A","KCHV","KOCHAV DEFENSE ACQUISITION CORP. CLASS A","NASDAQ"
"KCHVU","KOCHAV DEFENSE ACQUISITION C","KCHVU","KOCHAV DEFENSE ACQUISITION CORP. UNT","NASDAQ"
"KCOP","KURV CPR & MIN ENH INCM ETF","KCOP","","BATS"
"KCSH","KRANESHARES SUST U S D I ETF","KCSH","KRANESHARES SUSAINABLE ULTRA SHORT DURATION INDEX","NYSE"
"KD","KYNDRYL HOLDINGS INC","KD","KYNDRYL HOLDINGS INC","NYSE"
"KDEC","INN US SML CAP P B ETF - DEC","KDEC","INNOVATOR U.S. SMALL CAP POWER BUFFER ETF DEC","BATS"
"KDEF","PLUS KOREA DEFNS IND ID ETF","KDEF","PLUS KOREA DEFENSE INDUSTRY INDEX ETF","NYSE"
"KDK","KODIAK AI INC","KDK","KODIAK AI, INC.","NASDAQ"
"KDP","KEURIG DR PEPPER INC","KDP","KEURIG DR PEPPER INC","NASDAQ"
"KDVD","KEELEY DIVIDEND ETF","KDVD","KEELEY DIVIDEND ETF","NYSE"
"KE","KIMBALL ELECTRONICS INC","KE","KIMBALL ELECTRONICS, INC. COMM","NASDAQ"
"KEAT","KEATING ACTIVE ETF","KEAT","KEATING ACTIVE ETF","NASDAQ"
"KEEL","KEEL INFRASTRUCTURE CORP","KEEL","KEEL INFRASTRUCTURE CORP.","NASDAQ"
"KELYA","KELLY SERVICES INC -A","KELYA","KELLY SERVICES","NASDAQ"
"KELYB","KELLY SERVICES INC -CL B","KELYB","KELLY SERVICES , INC. CLASS B","NASDAQ"
"KEMQ","KRANESHARES EMERGING MARKETS","KEMQ","KRANESHARES EM CONSUMER TECH ETF","NYSE"
"KEMX","KRANESHARES MSCI E-MKT EX-CH","KEMX","KRANESHARES MSCI EMERGING MARKETS EX CHINA ETF","NYSE"
"KEN","KENON HOLDINGS LTD","KEN","KENON HOLDINGS INC","NYSE"
"KEP","KOREA ELEC POWER CORP-SP ADR","KEP","KOREA ELECTRIC POWER","NYSE"
"KEQU","KEWAUNEE SCIENTIFIC CP","KEQU","KEWAUNEE SCIENTIFIC","NASDAQ"
"KEX","KIRBY CORP","KEX","KIRBY","NYSE"
"KEY","KEYCORP","KEY","KEYCORP","NYSE"
"KEYS","KEYSIGHT TECHNOLOGIES IN","KEYS","KEYSIGHT TECHNOLOGIES INC","NYSE"
"KF","KOREA FUND INC","KF","KOREA FUND COMMON","NYSE"
"KFEB","INOV US SML CAP P BU ETF - F","KFEB","INNOVATOR U.S. SMALL CAP POWER BUFFER ETF FEB","BATS"
"KFFB","KENTUCKY FIRST FEDERAL BANCO","KFFB","KENTUCKY FIRST","NASDAQ"
"KFII","K&F GROWTH ACQUISITION COR-A","KFII","K&F GROWTH ACQUISITION CORP. II CLASS A","NASDAQ"
"KFIIU","K&F GROWTH ACQUISITION CORP","KFIIU","K&F GROWTH ACQUISITION CORP. II UNT","NASDAQ"
"KFRC","KFORCE INC","KFRC","KFORCE","NYSE"
"KFS","KINGSWAY FINANCIAL SERVICES","KFS","KINGSWAY FINANCIAL SVCS","NYSE"
"KFY","KORN FERRY","KFY","KORN FERRY","NYSE"
"KG","KESTREL GROUP","KG","KESTREL GROUP, LTD","NASDAQ"
"KGC","KINROSS GOLD CORP","KGC","KINROSS GOLD","NYSE"
"KGEI","KOLIBRI GLOBAL ENERGY INC","KGEI","KOLIBRI GLOBAL ENERGY INC.","NASDAQ"
"KGLD","KURV GOLD ENH INCOME ETF","KGLD","KURV ETF TRUST KURV GOLD ENHANCED INCOME ETF","BATS"
"KGRN","KRANESHARES MSCI CHINA CLEAN","KGRN","KRANESHARES MSCI CHINA CLEAN TECH INDEX","NYSE"
"KGS","KODIAK GAS SERVICES INC","KGS","KODIAK GAS SERVICES INC","NYSE"
"KHC","KRAFT HEINZ CO-THE","KHC","THE KRAFT HEINZ COMPANY COMMON STOCK","NASDAQ"
"KHPI","KENSINGTON HEDGED PRM IN ETF","KHPI","KENSINGTON HEDGED PREMIUM INCOME ETF","BATS"
"KHYB","KRANESHARES ASIA PACIFIC HIG","KHYB","KRANESHARES ASIA PACIFIC HIGH INCOME BOND ETF","NYSE"
"KIDS","ORTHOPEDIATRICS CORP","KIDS","ORTHOPEDIATRICS CORP. COMMON STOCK","NASDAQ"
"KIDZ","CLASSOVER HOLDINGS INC-CL B","KIDZ","CLASSOVER HOLDINGS, INC. CLASS B","NASDAQ"
"KIE","SS SPDR S&P INSURANCE ETF","KIE","STATE ST SPDR S&P INSURANCE ETF","NYSE"
"KIM","KIMCO REALTY CORP","KIM","KIMCO REALTY","NYSE"
"KINS","KINGSTONE COS INC","KINS","KINGSTONE COMPANIES","NASDAQ"
"KIO","KKR INCOME OPPORTUNITIES","KIO","KKR INCOME OPPORTUNITIES FUND","NYSE"
"KIQQ","KRANESHARES INSP DYN BHI ETF","KIQQ","KRANESHARES INSPEREX NASDAQ DYNAMIC BUFFERED HIGH","NASDAQ"
"KITT","NAUTICUS ROBOTICS INC","KITT","NAUTICUS ROBOTICS, INC.","NASDAQ"
"KJAN","INNOVATOR U.S. SMALL CAP POW","KJAN","INNOVATOR U.S. SMALL CAP POWER BUFFER ETF JAN","BATS"
"KJD","KRANESHARES 2X LN JD DAI ETF","KJD","KRANESHARES 2X LONG JD DAILY ETF","NASDAQ"
"KJUL","INNOVATOR U.S. SMALL CAP POW","KJUL","INNOVATOR U.S. SMALL CAP POWER BUFFER ETF JUL","BATS"
"KJUN","INVTOR US SMALL CPB ETF JUNE","KJUN","INNOVATOR US SMALL CAP POWER BUFFER ETF JUN","BATS"
"KKR","KKR & CO INC","KKR","KKR & CO INC","NYSE"
"KKRS","KKR GROUP FIN CO IX LLC","KKRS","KKR GROUP FINANCE CO IX LLC 4.625% NTS","NYSE"
"KKRT","KKR & CO INC SUB NT(DE)","KKRT","KKR & CO INC 6.875% NTS","NYSE"
"KLAC","KLA CORP","KLAC","KLA CORP","NASDAQ"
"KLAG","LEVERAGE SHARES 2X KLAC","KLAG","LEVERAGE SHARES 2X LONG KLAC DAILY ETF","NASDAQ"
"KLAR","KLARNA GROUP PLC","KLAR","KLARNA GROUP PLC","NYSE"
"KLC","KINDERCARE LEARNING COS INC","KLC","KINDER CARE LEARNING COMPANIES INC","NYSE"
"KLIC","KULICKE & SOFFA INDUSTRIES","KLIC","KULICKE & SOFFA","NASDAQ"
"KLIP","KRANESH KWEB COV CAL STR ETF","KLIP","KRANESHARES KWEB COVERED CALL STRATEGY ETF","NYSE"
"KLMN","INVESCO MSCI N AMR CLIMT ETF","KLMN","INVESCO MSCI NORTH AMERICA CLIMATE ETF","NYSE"
"KLMT","INVESCO MSCI GL CLM 500 ETF","KLMT","INVESCO MSCI GLOBAL CLIMATE 500 ETF","NYSE"
"KLRS","KALARIS THERAPEUTICS INC","KLRS","KALARIS THERAPEUTICS, INC.","NASDAQ"
"KLTR","KALTURA INC","KLTR","KALTURA INC","NASDAQ"
"KLXE","KLX ENERGY SERVICES HOLDING","KLXE","KLX ENERGY SERVICES HOLDINGS, INC.","NASDAQ"
"KMAR","INVTR US S CP PR BFR ETF - M","KMAR","INNOVATOR U.S. SMALL CAP POWER BUFFER ETF MAR","BATS"
"KMB","KIMBERLY-CLARK CORP","KMB","KIMBERLY-CLARK CORPORATION","NASDAQ"
"KMDA","KAMADA LTD","KMDA","KAMADA LTD","NASDAQ"
"KMI","KINDER MORGAN INC","KMI","KINDER MORGAN","NYSE"
"KMID","VIRTUS KAR MID-CAP ETF","KMID","VIRTUS KAR MID-CAP ETF","NYSE"
"KMLI","KRNSHRS 2X LONG MELI DLY ETF","KMLI","KRANESHARES 2X LONG MELI DAILY ETF","NASDAQ"
"KMLM","KRANESHARES MT LC MN FT ID S","KMLM","KRANESHARES TRUST","NYSE"
"KMPB","KEMPER CORP","KMPB","KEMPER CORPORATION","NYSE"
"KMPR","KEMPER CORP","KMPR","KEMPER","NYSE"
"KMRK","K-TECH SOLUTIONS CO LTD-A","KMRK","K-TECH SOLUTIONS COMPANY LIMITED CLASS A","NASDAQ"
"KMT","KENNAMETAL INC","KMT","KENNAMETAL","NYSE"
"KMTS","KESTRA MEDICAL TECHNOLOGIES","KMTS","KESTRA MEDICAL TECHNOLOGIES, LTD.","NASDAQ"
"KMX","CARMAX INC","KMX","CARMAX","NYSE"
"KN","KNOWLES CORP","KN","KNOWLES CORP","NYSE"
"KNCT","INVESCO NEXT GEN CONNECTIVIT","KNCT","INVESCO NEXT GEN CONNECTIVITY ETF","NYSE"
"KNDI","KANDI TECHNOLOGIES GROUP INC","KNDI","KANDI TECHNOLGIES GROUP, INC C","NASDAQ"
"KNF","KNIFE RIVER CORP","KNF","KNIFE RIV HC.","NYSE"
"KNG","FT VEST S&P 500 DVD ARST TRG","KNG","FT CBOE VEST S&P 500 DIV ARISTOCRATS TARGET INCOME","BATS"
"KNGZ","FT - S&P 500 DVD ARISTOCRATS","KNGZ","FIRST TR S&P 500 DIVERSIFIED DIV ARISTOCRATS ETF","NASDAQ"
"KNO","AXS KNOWLEDGE LEADERS ETF","KNO","AXS KNOWLEDGE LEADERS ETF","NYSE"
"KNOP","KNOT OFFSHORE PARTNERS LP","KNOP","KNOT OFFSHORE PARTNERS LP","NYSE"
"KNOV","INN US SML CP POW B ETF - NO","KNOV","INNOVATOR U.S. SMALL CAP POWER BUFFER ETF NOV","BATS"
"KNOW","FUNDAMENTALS FIRST ETF","KNOW","FUNDAMENTALS FIRST ETF","BATS"
"KNRG","SMPLFY KYN ANDR EN & INFR CR","KNRG","SIMPLIFY KAYNE ANDERSON ENERGY AND INFRASTRUCTURE","NYSE"
"KNRX","KNOREX LTD CL-A","KNRX","KNOREX LTD","NYSE_AMERICAN"
"KNSA","KINIKSA PHARMACEUTICALS INTE","KNSA","KINIKSA PHARMACEUTICALS, LTD. CLASS A","NASDAQ"
"KNSL","KINSALE CAPITAL GROUP INC","KNSL","KINSALE CAPITAL GROUP INC","NYSE"
"KNTK","KINETIK HOLDINGS INC","KNTK","KINETIK HOLDINGS INC. CLASS A","NYSE"
"KNX","KNIGHT-SWIFT TRANSPORTATION","KNX","KNIGHT-SWIFT TRANSPORTATION HOLDINGS INC","NYSE"
"KO","COCA-COLA CO-THE","KO","COCA-COLA","NYSE"
"KOCT","INNOVATOR U.S. SMALL CAP POW","KOCT","INNOVATOR U.S. SMALL CAP POWER BUFFER ETF OCT","BATS"
"KOD","KODIAK SCIENCES INC","KOD","KODIAK SCIENCES LTD","NASDAQ"
"KODK","EASTMAN KODAK CO","KODK","EASTMAN KODAK COMPANY","NYSE"
"KOF","COCA-COLA FEMSA SAB-SP ADR","KOF","COCA-COLA FEMSA","NYSE"
"KOID","KRANESHARES GH & EI IDX ETF","KOID","KRANESHARES GLOBAL HUMANOID & EMBODIED INTEL","NASDAQ"
"KOKU","XTRACKERS MSCI KOKUSAI EQTY","KOKU","XTRACKERS MSCI KOKUSAI EQUITY ETF","NYSE"
"KOLD","PROSHARES ULTRASHORT BLOOMBE","KOLD","PROSHARES ULTRASHORT BLOOM NAT","NYSE"
"KOMP","SS SPDR S&P KENSHO NE COMP","KOMP","STATE ST SPDR S&P KENSHO NEW ECONOMIES COMPOSITE","NYSE"
"KONG","FORMIDABLE FORTRESS ETF","KONG","FORMIDABLE FORTRESS ETF","BATS"
"KOOL","NORTH SHORE EQUITY ROTATION","KOOL","NORTH SHORE EQUITY ROTATION ETF","NYSE"
"KOP","KOPPERS HOLDINGS INC","KOP","KOPPERS HOLDINGS","NYSE"
"KOPN","KOPIN CORP","KOPN","KOPIN","NASDAQ"
"KORE","KORE GROUP HOLDINGS INC","KORE","KORE GROUP HOLDINGS INC","NYSE"
"KORP","AMERICAN CENTURY DIVERSIFIED","KORP","AMERICAN CENTURY DIVERSIFIED CRP BND ETF","NYSE"
"KORU","DIREXION DLY M SK BULL 3X-UI","KORU","DIREXION DAILY MSCI SOUTH KOREA BULL 3X ETF","NYSE"
"KOS","KOSMOS ENERGY LTD","KOS","KOSMOS ENERGY","NYSE"
"KOSS","KOSS CORP","KOSS","KOSS CORP","NASDAQ"
"KOYN","CSLM DIGITAL ASSET ACQU - A","KOYN","CSLM DIGITAL ASSET ACQUISITION CORP III CLASS A","NASDAQ"
"KOYNU","CSLM DIGITAL ASSET ACQUISITI","KOYNU","CSLM DIGITAL ASSET ACQUISITION CORP III UNT","NASDAQ"
"KPDD","KRANESHRS 2X LONG PDD DL ETF","KPDD","KRANESHARES 2X LONG PDD DAILY ETF","NASDAQ"
"KPHO","KS DRGN CP VIETNAM G IDX ETF","KPHO","KRANESHARES DRAGON CAPITAL VIETNAM GROWTH INDEX","NYSE"
"KPLT","KATAPULT HOLDINGS INC","KPLT","KATAPULT HOLDINGS INC","NASDAQ"
"KPRX","KIORA PHARMACEUTICALS INC","KPRX","KIORA PHARMACEUTICALS, INC.","NASDAQ"
"KPTI","KARYOPHARM THERAPEUTICS INC","KPTI","KARYOPHARM THERAPEUTICS INC. C","NASDAQ"
"KQQQ","KURV TECH TITANS SELECT ETF","KQQQ","KURV TECHNOLOGY TITANS SELECT ETF","NASDAQ"
"KR","KROGER CO","KR","KROGER","NYSE"
"KRAQ","KRAKACQUISITION CORP-CL A","KRAQ","KRAKACQUISITION CORP CLASS A","NASDAQ"
"KRAQU","KRAKACQUISITION CORP","KRAQU","KRAKACQUISITION CORP UNT","NASDAQ"
"KRBN","KS GLOBAL CARBON STRATGY ETF","KRBN","KRANESHARES GLOBAL CARBON ETF","NYSE"
"KRC","KILROY REALTY CORP","KRC","KILROY REALTY","NYSE"
"KRE","SS SPDR S&P REGIONAL BANK","KRE","STATE ST SPDR S&P REGIONAL BANKING ETF","NYSE"
"KREF","KKR REAL ESTATE FINANCE TRUS","KREF","KKR REAL ESTATE FINANCE TRUST INC","NYSE"
"KRG","KITE REALTY GROUP TRUST","KRG","KITE REALTY GROUP TRUST","NYSE"
"KRKR","36KR HOLDINGS INC","KRKR","36KR HOLDINGS INC. ADS","NASDAQ"
"KRMA","GLOBAL X CONSCIOUS COMPANIES","KRMA","GLOBAL X CONSCIOUS COS ETF","NASDAQ"
"KRMD","KORU MEDICAL SYSTEMS INC","KRMD","KORU MEDICAL SYSTEMS INC","NASDAQ"
"KRMN","KARMAN HOLDINGS INC","KRMN","KARMAN HOLDINGS INC","NYSE"
"KRNT","KORNIT DIGITAL LTD","KRNT","KORNIT DIGITAL LTD. ORDINARY S","NASDAQ"
"KRNY","KEARNY FINANCIAL CORP-MD","KRNY","KEARNY FINANCIAL","NASDAQ"
"KRO","KRONOS WORLDWIDE INC","KRO","KRONOS WORLDWIDE","NYSE"
"KROP","GLOBAL X AGTECH & FOOD INNOV","KROP","GLOBAL X AGTECH & FOOD INNOVATION ETF","NASDAQ"
"KROS","KEROS THERAPEUTICS INC","KROS","KEROS THERAPEUTICS, INC.","NASDAQ"
"KRP","KIMBELL ROYALTY PARTNERS LP","KRP","KIMBELL ROYALTY PARTNERS","NYSE"
"KRRO","KORRO BIO INC","KRRO","KORRO BIO, INC.","NASDAQ"
"KRSP","RICE ACQUISITION CORP 3 - A","KRSP","RICE ACQUISITION CORP 3","NYSE"
"KRT","KARAT PACKAGING INC","KRT","KARAT PACKAGING INC. COMMON STOCK","NASDAQ"
"KRUS","KURA SUSHI USA INC-CLASS A","KRUS","KURA SUSHI USA, INC. CLASS A","NASDAQ"
"KRYP","PROSHARES COINDESK 20 CRYPTO","KRYP","PROSHARES COINDESK 20 CRYPTO ETF","NYSE"
"KRYS","KRYSTAL BIOTECH INC","KRYS","KRYSTAL BIOTECH, INC. COMMON STOCK","NASDAQ"
"KSA","ISHRS MSCI SAUDI ARABIA ETF","KSA","ISHARES MSCI SAUDI ARABIA ETF","NYSE"
"KSCP","KNIGHTSCOPE INC-A","KSCP","KNIGHTSCOPE, INC. CLASS A COMMON STOCK","NASDAQ"
"KSEP","INV US SML CAP P B ETF - SEP","KSEP","INNOVATOR U.S. SMALL CAP POWER BUFFER ETF SEP","BATS"
"KSLV","KURV SILVER ENHANCED INC ETF","KSLV","KURV ETF TRUST KURV SILVER ENHANCED INCOME ETF","BATS"
"KSPI","JSC KASPI.KZ ADR","KSPI","JOINT STOCK COMPANY KASPI.KZ ADS","NASDAQ"
"KSPY","KRANESHARES H HDG EQ IDX ETF","KSPY","KRANESHARES HEDGEYE HEDGED EQUITY ETF","NYSE"
"KSS","KOHLS CORP","KSS","KOHL'S","NYSE"
"KSTR","KRANESHARES SSE STAR MKT 50","KSTR","KRANESHARES SSE STAR MARKET 50 ETF","NYSE"
"KT","KT CORP-SP ADR","KT","KT CORPORATION","NYSE"
"KTB","KONTOOR BRANDS INC","KTB","KONTOOR BRANDS INC","NYSE"
"KTCC","KEY TRONIC CORP","KTCC","KEY TRONIC","NASDAQ"
"KTEC","KRANESHARES HANG SENG TECH","KTEC","KRANESHARES HANG SENG TECH INDEX ETF","NYSE"
"KTF","DWS MUNICIPAL INCOME TRUST","KTF","DWS MUNICIPAL INCOME TRUST","NYSE"
"KTH","STRUTURED PRODUCTS CORP","KTH","CORTS TRUST PECO ENERGY 8 % CO","NYSE"
"KTN","STRUCTURED PRODUCTS CORP","KTN","CREDIT-ENHANCED CORTS TR 8.205","NYSE"
"KTOS","KRATOS DEFENSE & SECURITY","KTOS","KRATOS DEFENSE & SECURITY","NASDAQ"
"KTTA","PASITHEA THERAPEUTICS CORP","KTTA","PASITHEA THERAPEUTICS CORP.","NASDAQ"
"KTUP","T-REX 2XL KTOS D TARGET ETF","KTUP","OPPTY T-REX 2X LONG KTOS DAILY TARGET","BATS"
"KTWO","K2 CAPITAL ACQUISITION-CL A","KTWO","K2 CAPITAL ACQUISITION CORPORATION CLASS A","NASDAQ"
"KTWOU","K2 CAPITAL ACQUISITION CORP","KTWOU","K2 CAPITAL ACQUISITION CORPORATION UNT","NASDAQ"
"KULR","KULR TECHNOLOGY GROUP INC","KULR","KULR TECHNOLOGY GROUP, INC.","NYSE_AMERICAN"
"KURA","KURA ONCOLOGY INC","KURA","KURA ONCOLOGY, INC. COMMON STOCK","NASDAQ"
"KURE","KRANESHARES MSCI ALL CHINA H","KURE","KRANESHARES MSCI ALL CHINA HEALTH CARE ETF","NYSE"
"KUST","KUSTOM ENTERTAINMENT INC","KUST","KUSTOM ENTERTAINMENT, INC.","NASDAQ"
"KVAC","KEEN VISION ACQUISITION CORP","KVAC","KEEN VISION ACQUISITION CORPORATION","NASDAQ"
"KVHI","KVH INDUSTRIES INC","KVHI","KVH INDUSTRIES","NASDAQ"
"KVUE","KENVUE INC","KVUE","KENVUE INC","NYSE"
"KVYO","KLAVIYO INC-A","KVYO","KLAYIVO INC","NYSE"
"KW","KENNEDY-WILSON HOLDINGS INC","KW","KENNEDY-WILSON HOLDINGS","NYSE"
"KWEB","KRANESH CSI CHINA INTERNET","KWEB","KRANESHARES CSI CHINA INTERNET","NYSE"
"KWIN","KRANESHAR WAHED ALTE INC ETF","KWIN","KRANESHARES WAHED ALTERNATIVE INCOME INDEX ETF","NYSE"
"KWM","K WAVE MEDIA LTD","KWM","K WAVE MEDIA, LTD.","NASDAQ"
"KWR","QUAKER CHEMICAL CORPORATION","KWR","QUAKER HOUGHTON","NYSE"
"KWT","ISHARES MSCI KUWAIT ETF","KWT","ISHARES MSCI KUWAIT ETF","BATS"
"KXI","ISHARES GLOBAL CONSUMER STAP","KXI","ISHARES S&P GLOBAL CONSUMER ST","NYSE"
"KXIN","KAIXIN HOLDINGS","KXIN","KAIXIN AUTO HOLDINGS CO","NASDAQ"
"KYIV","KYIVSTAR GROUP LTD","KYIV","KYIVSTAR GROUP LTD.","NASDAQ"
"KYLD","KURV HIGH INCOME ETF","KYLD","KURV ETF TRUST KURV HIGH INCOME ETF","BATS"
"KYMR","KYMERA THERAPEUTICS INC","KYMR","KYMERA THERAPEUTICS, INC. COMMON STOCK","NASDAQ"
"KYN","KAYNE ANDERSON ENERGY INFRA","KYN","KAYNE ANDERSON ENERGY INFRASTRUCTURE FUND, INC","NYSE"
"KYNB","KYNTRA BIO INC","KYNB","KYNTRA BIO, INC.","NASDAQ"
"KYTX","KYVERNA THERAPEUTICS INC","KYTX","KYVERNA THERAPEUTICS, INC.","NASDAQ"
"KZIA","KAZIA THERAPEUTICS-SPON ADR","KZIA","KAZIA THERAPEUTICS LTD","NASDAQ"
"KZR","KEZAR LIFE SCIENCES INC","KZR","KEZAR LIFE SCIENCES, INC. COMMON STOCK","NASDAQ"
"L","LOEWS CORP","L","LOEWS","NYSE"
"LAB","STANDARD BIOTOOLS INC","LAB","STANDARD BIOTOOLS INC. COMMON STOCK","NASDAQ"
"LABD","DIRE DLY SP BT BE 3X ETF-USD","LABD","DIREXION DAILY S&P BIOTECH BEAR 3X ETF","NYSE"
"LABX","TRADR 2X LONG ALAB DAILY ETF","LABX","TRADR 2X LONG QBTS DAILY ETF ALAB DAILY ETF","BATS"
"LAC","LITHIUM AMERICAS CORP","LAC","LITHIUM AMERICAS INC","NYSE"
"LACG","LEVERAGE SHARES 2X LAC","LACG","LEVERAGE SHARES 2X LONG LAC DAILY ETF","NASDAQ"
"LAD","LITHIA MOTORS INC","LAD","LITHIA MOTORS","NYSE"
"LADR","LADDER CAPITAL CORP-REIT","LADR","LADDER CAPITAL CORP","NYSE"
"LAES","SEALSQ CORP","LAES","SEALSQ CORP","NASDAQ"
"LAFA","LAFAYETTE ACQUISITION CORP","LAFA","LAFAYETTE ACQUISITION CORP.","NASDAQ"
"LAFAU","LAFAYETTE ACQUISITION CORP","LAFAU","LAFAYETTE ACQUISITION CORP. UNT","NASDAQ"
"LAKE","LAKELAND INDUSTRIES INC","LAKE","LAKELAND INDUSTRIES","NASDAQ"
"LALT","FT MLT-STRAT ALTERNATIVE ETF","LALT","FIRST TRUST MULTI-STRATEGY ALTERNATIVE ETF","NYSE"
"LAMR","LAMAR ADVERTISING CO-A","LAMR","LAMAR ADVERTISING COMPANY CLAS","NASDAQ"
"LAND","GLADSTONE LAND CORP","LAND","GLADSTONE LAND CORPORATION COM","NASDAQ"
"LANDO","GLADSTONE LAND CORP","LANDO","GLADSTONE LAND CORPORATION 6.00% SERIES B PF","NASDAQ"
"LANDP","GLADSTONE LAND CORP","LANDP","GLADSTONE LAND CORPORATION 6.00% SERIES C PF","NASDAQ"
"LANV","LANVIN GROUP HOLDINGS LTD","LANV","LANVIN GROUP HOLDINGS LTD","NYSE"
"LAPR","INNOV PR INC 15 B ETF - APR","LAPR","INNOVATOR PREMIUM INCOME 15 BUF ETF - APR","BATS"
"LAR","LITHIUM ARGENTINA AG","LAR","LITHIUM ARGENTINA AG","NYSE"
"LARK","LANDMARK BANCORP INC","LARK","LANDMARK BANCORP","NASDAQ"
"LASE","LASER PHOTONICS CORP","LASE","LASER PHOTONICS CORPORATION","NASDAQ"
"LASR","NLIGHT INC","LASR","NLIGHT, INC. COMMON STOCK","NASDAQ"
"LATA","GALATA ACQU CORP II - CL A","LATA","GALATA ACQUISITION CORP. II CLASS A","NASDAQ"
"LATAU","GALATA ACQUISITION CORP II","LATAU","GALATA ACQUISITION CORP. II UNT","NASDAQ"
"LAUR","LAUREATE EDUCATION INC","LAUR","LAUREATE EDUCATION, INC.","NASDAQ"
"LAW","CS DISCO INC","LAW","CS DISCO","NYSE"
"LAWR","ROBOT CONSULTING CO LTD-ADR","LAWR","ROBOT CONSULTING CO., LTD. ADS","NASDAQ"
"LAYS","STKD 100% NVDA&100% AMD ETF","LAYS","STKD 100% NVDA & 100% AMD ETF","NASDAQ"
"LAZ","LAZARD INC","LAZ","LAZARD","NYSE"
"LB","LANDBRIDGE CO LLC-A","LB","LANDBRIDGE CO LLC","NYSE"
"LBAY","LEATHERBACK LONG-SHORT ALT Y","LBAY","LEATHERBACK LONG/SHORT ALTERNATIVE YIELD ETF","NYSE"
"LBGJ","LI BANG INT CORP I- A","LBGJ","LI BANG INTERNATIONAL CORPORATION INC. CLASS A","NASDAQ"
"LBO","WHITEWOLF PUBL LST PRIV EQ","LBO","EA SERIES TRUST WHITEWOLF PUBLICLY LISTED PRIVATE","BATS"
"LBRDA","LIBERTY BROADBAND-A","LBRDA","LIBERTY BROADBAND CORPORATION","NASDAQ"
"LBRDK","LIBERTY BROADBAND-C","LBRDK","LIBERTY BROADBAND CORP CLASS C","NASDAQ"
"LBRDP","LIBERTY BROADBAND CORP PREFERRED SER A","LBRDP","LIBERTY BROADBAND CORPORATION SERIES A PF","NASDAQ"
"LBRT","LIBERTY ENERGY INC","LBRT","LIBERTY ENERGY INC","NYSE"
"LBRX","LB PHARMACEUTICALS INC","LBRX","LB PHARMACEUTICALS INC","NASDAQ"
"LBTYA","LIBERTY GLOBAL LTD-A","LBTYA","LIBERTY GLOBAL PLC CLASS A ORD","NASDAQ"
"LBTYB","LIBERTY GLOBAL LTD-B","LBTYB","LIBERTY GLOBAL PLC CLASS B ORD","NASDAQ"
"LBTYK","LIBERTY GLOBAL LTD-C","LBTYK","LIBERTY GLOBAL PLC CLASS C ORD","NASDAQ"
"LC","LENDINGCLUB CORP","LC","LENDINGCLUB CORP","NYSE"
"LCAP","PRINCIPAL CPTL APPREC S3 ETF","LCAP","PRINCIPAL CAPITAL APPRECIATION SELECT","BATS"
"LCCC","LAKESHORE ACQUISITION III CO","LCCC","LAKESHORE ACQUISITION III CORP.","NASDAQ"
"LCCCU","LAKESHORE ACQUISITION III CO","LCCCU","LAKESHORE ACQUISITION III CORP. UNT","NASDAQ"
"LCDL","GRANITE 2X LONG LCID ETF","LCDL","GRANITESHARES 2X LONG LCID DAILY ETF","NASDAQ"
"LCFY","LOCAFY LTD","LCFY","LOCAFY LIMITED ORDINARY SHARE","NASDAQ"
"LCID","LUCID GROUP INC","LCID","LUCID GROUP INC","NASDAQ"
"LCII","LCI INDUSTRIES","LCII","LCI INDUSTRIES","NYSE"
"LCNB","LCNB CORPORATION","LCNB","LCNB","NASDAQ"
"LCO","LOGIQ CONTRARIAN OPRTNTY ETF","LCO","LOGIQ CONTRARIAN OPPORTUNITIES ETF","NYSE"
"LCOW","PACER SP 500 Q FCF ARSTCRTS","LCOW","PACER FUNDS PACER S&P 500 QUALITY FCF ARISTOCRATS","BATS"
"LCR","LEUTHOLD CORE ETF","LCR","LEUTHOLD CORE ETF","NYSE"
"LCTD","ISHARES WORLD EX U.S. CARBON","LCTD","BLACKROCK WORLD EX US CARBON TRANSITION READINESS","NYSE"
"LCTU","ISHARES U.S. CARBON TRANSITI","LCTU","BLACKROCK U.S. CARBON TRANSITION READINESS ETF","NYSE"
"LCTX","LINEAGE CELL THERAPEUTICS IN","LCTX","LINEAGE CELL THERAPEUTICS INC","NYSE_AMERICAN"
"LCUT","LIFETIME BRANDS INC","LCUT","LIFETIME BRANDS","NASDAQ"
"LDDR","LIFEX 2035 INCOME BUCKET ETF","LDDR","STONE RIDGE TRUST 2035 TERM INCOME ETF","BATS"
"LDEM","ISHARES ESG MSCI EM LEADERS","LDEM","ISHARES ESG MSCI EM LEADERS ETF","NASDAQ"
"LDI","LOANDEPOT INC -CLASS A","LDI","LOANDEPOT INC","NYSE"
"LDOS","LEIDOS HOLDINGS INC","LDOS","LEIDOS HOLDINGS INC","NYSE"
"LDP","COHEN & STEERS LIMITED DURAT","LDP","COHEN & STEERS LTD DUR PRF&INC","NYSE"
"LDRC","ISHARES IBONDS 1-5 CORP LAD","LDRC","ISHARES IBONDS 1-5 YR CORPORATE LADDER ETF","NYSE"
"LDRH","ISH IBONDS 1-5Y HY & INC LAD","LDRH","ISHARES IBONDS 1-5 YR HIGH YIELD AND INCOME LADDER","NYSE"
"LDRI","ISHRS IB 1-5 YEAR TIPS L ETF","LDRI","ISHARES IBONDS 1-5 YR TIPS LADDER ETF","NYSE"
"LDRT","ISHARES IBOND 1-5 TREA LAD","LDRT","ISHARES IBONDS 1-5 YR TREASURY LADDER ETF","NYSE"
"LDRX","SGI ENHANCED MARKET LEA ETF","LDRX","SGI ENHANCED MARKET LEADERS ETF","NASDAQ"
"LDSF","FIRST TR LOW DURATION ST-ETF","LDSF","FIRST TR LOW DURATION STRATEGIC FOCUS ETF","NASDAQ"
"LDUR","PIMCO ENHANCED LOW DURATION","LDUR","PIMCO ENHANCED LOW DURATIONS ACTIVE ETF","NYSE"
"LE","LANDS' END INC","LE","LANDS END, INC. COMMON STOCK","NASDAQ"
"LEA","LEAR CORP","LEA","LEAR","NYSE"
"LEAD","SIREN DIVCON LEADERS DIVIDEN","LEAD","SIREN DIVCON LEADERS DIVIDEND ETF","BATS"
"LECO","LINCOLN ELECTRIC HOLDINGS","LECO","LINCOLN ELECTRIC HOLDINGS","NASDAQ"
"LEDS","SEMILEDS CORP-TW","LEDS","SEMILEDS","NASDAQ"
"LEE","LEE ENTERPRISES","LEE","LEE ENTERPRISES","NASDAQ"
"LEG","LEGGETT & PLATT INC","LEG","LEGGETT & PLATT","NYSE"
"LEGH","LEGACY HOUSING CORP","LEGH","LEGACY HOUSING CORPORATION COMMON STOCK","NASDAQ"
"LEGN","LEGEND BIOTECH CORP-ADR","LEGN","LEGEND BIOTECH CORPORATION","NASDAQ"
"LEGO","LEGATO MERGER CORP IV","LEGO","LEGATO MERGER CORP IV","NYSE_AMERICAN"
"LEGR","FIRST TRUST INDXX INNOVATIVE","LEGR","FIRST TR INDXX INNOVATIVE TRANSACTION & PROCESS","NASDAQ"
"LEGT","LEGATO MERGER CORP III","LEGT","LEGATO MERGER CORP III","NYSE_AMERICAN"
"LEMB","ISHARES JP MORGAN EM LOCAL C","LEMB","ISHARES JPMORGAN EM LOCAL CURRENCY BOND","NYSE"
"LEN","LENNAR CORP-A","LEN","LENNAR","NYSE"
"LENS","SARMAYA THEMATIC ETF","LENS","EA SERIES TRUST SARMAYA THEMATIC ETF","BATS"
"LENZ","LENZ THERAPEUTICS INC","LENZ","LENZ THERAPEUTICS, INC.","NASDAQ"
"LEO","BNY MELLON STRATEGIC MUNI","LEO","BNY MELLON STRATEGIC MUNICIPALS","NYSE"
"LESL","LESLIE'S INC","LESL","LESLIES, INC. COMMON STOCK","NASDAQ"
"LEU","CENTRUS ENERGY CORP-CLASS A","LEU","CENTRUS INC","NYSE"
"LEUX","TRADR 2X LONG LEU DAILY ETF","LEUX","","BATS"
"LEVI","LEVI STRAUSS & CO- CLASS A","LEVI","LEVI STRAUSS & CO","NYSE"
"LEXI","ALEXIS PRACTICAL TACTICAL ET","LEXI","ALEXIS PRACTICAL TACTICAL ETF","NASDAQ"
"LEXX","LEXARIA BIOSCIENCE CORP","LEXX","LEXARIA BIOSCIENCE CORP. COMMON STOCK","NASDAQ"
"LFAC","LEAPFROG ACQUISITION CL A","LFAC","LEAPFROG ACQUISITION CORPORATION CLASS A","NASDAQ"
"LFACU","LEAPFROG ACQUISITION CORP","LFACU","LEAPFROG ACQUISITION CORPORATION UNT","NASDAQ"
"LFCR","LIFECORE BIOMEDICAL INC","LFCR","LIFECORE BIOMEDICAL, INC.","NASDAQ"
"LFEQ","VANECK LONG-FLAT TREND ETF","LFEQ","VANECK LONG/FLAT TREND ETF","NYSE"
"LFGY","YLDMX CRYP IN & T P OP I ETF","LFGY","YIELDMAX CRYPTO INDUSTRY PORTFOLIO OPTION INCOME","NYSE"
"LFMD","LIFEMD INC","LFMD","CONVERSION LABS INC","NASDAQ"
"LFMDP","LIFEMD INC","LFMDP","LIFEMD, INC. 8.875% SERIES A PF","NASDAQ"
"LFS","LEIFRAS CO LTD-ADR","LFS","LEIFRAS CO., LTD. ADS","NASDAQ"
"LFSC","F-M EMR LIFE SCIENCES IN ETF","LFSC","F/M EMERALD LIFE SCIENCES INNOVATION ETF","NASDAQ"
"LFST","LIFESTANCE HEALTH GROUP INC","LFST","LIFESTANCE HEALTH GROUP, INC.","NASDAQ"
"LFT","LUMENT FINANCE TRUST INC","LFT","LUMENT FINANCE TRUST INC","NYSE"
"LFUS","LITTELFUSE INC","LFUS","LITTELFUSE","NASDAQ"
"LFVN","LIFEVANTAGE CORP","LFVN","LIFEVANTAGE CORP","NASDAQ"
"LFWD","LIFEWARD LTD","LFWD","REWALK ROBOTICS LTD.","NASDAQ"
"LGCB","LINKAGE GLOBAL INC","LGCB","LINKAGE GLOBAL INC. CLASS A","NASDAQ"
"LGCF","THEMES US CASH FLOW CHAMP","LGCF","THEMES US CASH FLOW CHAMPIONS ETF","NASDAQ"
"LGCL","LUCAS GC LTD-A","LGCL","LUCAS GC LIMITED","NASDAQ"
"LGCY","LEGACY EDUCATION INC","LGCY","LEGACY EDUCATION INC","NYSE_AMERICAN"
"LGDX","INTECH SP LARG DIV ALPHA ETF","LGDX","INTECH S&P LARGE CAP DIVERSIFIED ALPHA ETF","NYSE"
"LGH","HCM DEFENDER 500 INDEX ETF","LGH","HCM DEFENDER 500 INDEX ETF","NYSE"
"LGHL","LION GROUP HOLDING LTD-S ADR","LGHL","LION GROUP HOLDING LTD","NASDAQ"
"LGHT","LANGAR GLOBAL HEALTHTECH ETF","LGHT","LANGAR GLOBAL HEALTHTECH ETF","NYSE"
"LGI","LAZARD GLBL TTL RTRN & INC","LGI","LAZARD GLB TOTAL RETURN & INC","NYSE"
"LGIH","LGI HOMES INC","LGIH","LGI HOMES, INC. COMMON STOCK","NASDAQ"
"LGL","LGL GROUP INC-THE","LGL","LGL GROUP","NYSE_AMERICAN"
"LGLV","SPDR US LC LOW VOL IDX","LGLV","STATE ST SPDR US LARGE CAP LOW VOLATILITY","NYSE"
"LGN","LEGENCE CORP-CL A","LGN","LEGENCE CORP. CLASS A","NASDAQ"
"LGND","LIGAND PHARMACEUTICALS","LGND","LIGAND PHARMACEUTICALS","NASDAQ"
"LGO","LARGO INC","LGO","LARGO RESOURCES LTD. COMMON SHARES","NASDAQ"
"LGOV","FIRST TR LONG DURATION O-ETF","LGOV","FIRST TR LONG DURATION OPPORTUNITIES ETF","NYSE"
"LGPS","LOGPROSTYLE INC","LGPS","LOGPROSTYLE INC","NYSE_AMERICAN"
"LGRO","LEVEL FOUR LARGE CAP GROWTH","LGRO","LEVEL FOUR LARGE CAP GROWTH ACTIVE ETF","NASDAQ"
"LGVN","LONGEVERON INC-A","LGVN","LONGEVERON INC. CLASS A COMMON STOCK","NASDAQ"
"LH","LABCORP HOLDINGS INC","LH","LABORATORY CORPORATION","NYSE"
"LHAI","LINKHOME HOLDINGS INC","LHAI","LINKHOME HOLDINGS INC.","NASDAQ"
"LHSW","LIANHE SOWELL INTL-A","LHSW","LIANHE SOWELL INTERNATIONAL GROUP LTD CLASS A","NASDAQ"
"LHX","L3HARRIS TECHNOLOGIES INC","LHX","L3HARRIS TECHNOLOGIES INC","NYSE"
"LI","LI AUTO INC - ADR","LI","LI AUTO INC","NASDAQ"
"LICN","LICHEN INTERNATIONAL LTD","LICN","LICHEN INTERNATIONAL LIMITED CLASS A","NASDAQ"
"LIDR","AEYE INC","LIDR","AEYE, INC. CLASS A COMMON STOCK","NASDAQ"
"LIEN","CHICAGO ATLANTIC BDC INC","LIEN","CHICAGO ATLANTIC BDC, INC.","NASDAQ"
"LIF","LIFE360 INC","LIF","LIFE360, INC.","NASDAQ"
"LIFE","ETHOS TECHNOLOGIES INC CL-A","LIFE","ETHOS TECHNOLOGIES INC. CLASS A","NASDAQ"
"LII","LENNOX INTERNATIONAL INC","LII","LENNOX INTERNATIONAL","NYSE"
"LILA","LIBERTY LATIN AMERIC-CL A","LILA","LIBERTY LATIN AMERICA LTD CLASS A","NASDAQ"
"LILAK","LIBERTY LATIN AMERIC-CL C","LILAK","LIBERTY LATIN AMERICA LTD. CLASS C","NASDAQ"
"LIMI","THEMES LITHIUM & BATTERY MIN","LIMI","THEMES TRUST THEMES LITHIUM & BATTERY METAL MINERS","BATS"
"LIMN","LIMINATUS PHARMA INC-CL A","LIMN","LIMINATUS PHARMA, INC. CLASS A","NASDAQ"
"LIN","LINDE PLC","LIN","LINDE PLC","NASDAQ"
"LINC","LINCOLN EDUCATIONAL SERVICES","LINC","LINCOLN EDUCATIONAL","NASDAQ"
"LIND","LINDBLAD EXPEDITIONS HOLDING","LIND","LINDBLAD EXPEDITIONS HOLDINGS INC.","NASDAQ"
"LINE","LINEAGE INC","LINE","LINEAGE, INC.","NASDAQ"
"LINK","INTERLINK ELECTRONICS INC","LINK","INTERLINK ELECTRONICS, INC.","NASDAQ"
"LINT","DIREXION DA INTC BULL 2X ETF","LINT","DIREXION DAILY INTC BULL 2X ETF","NASDAQ"
"LION","LIONSGATE STUDIOS CORP","LION","LIONSGATE STUDIOS CORP.","NYSE"
"LIQT","LIQTECH INTERNATIONAL INC","LIQT","LIQTECH INTERNATIONAL, INC.","NASDAQ"
"LIT","GLOBAL X LITHIUM & BATTERY T","LIT","GLOBAL X LITHIUM & BATTERY TECH ETF","NYSE"
"LITB","LIGHTINTHEBOX HOLDING-ADR","LITB","LIGHTINTHEBOX HOLDING CO LTD","NYSE"
"LITE","LUMENTUM HOLDINGS INC","LITE","LUMENTUM HOLDINGS INC","NASDAQ"
"LITL","SIMPLIFY PPR SNDLR US SM CAP","LITL","SIMPLIFY PIPER SANDLER US SMALL-CAP PLUS INCOME","NYSE"
"LITP","SPROTT LITHIUM MINERS ETF","LITP","SPROTT LITHIUM MINERS ETF","NASDAQ"
"LITS","LITE STRATEGY INC","LITS","LITE STRATEGY, INC.","NASDAQ"
"LITX","TRADR 2X LG LITE DA ETF","LITX","TRADR 2X LONG LITE DAILY ETF","BATS"
"LIVE","LIVE VENTURES INC","LIVE","LIVE VENTURES INCORPORATED COMMON STOCK","NASDAQ"
"LIVN","LIVANOVA PLC","LIVN","LIVANOVA PLC ORDINARY SHARES","NASDAQ"
"LIXT","LIXTE BIOTECHNOLOGY HOLDINGS","LIXT","LIXTE BIOTECHNOLOGY HOLDINGS, INC.","NASDAQ"
"LJAN","INNOV PREM INC 15 BARR - JAN","LJAN","INNOVATOR PREMIUM INCOME 15 BUFFER ETF JAN","BATS"
"LJUL","INNV PREM IN 15 B ETF - JUL","LJUL","INNOVATOR PREMIUM INCOME 15 BUFFER ETF JULY","BATS"
"LKFN","LAKELAND FINANCIAL CORP","LKFN","LAKELAND FINANCIAL","NASDAQ"
"LKOR","FLEXSHARES CREDIT-SCORED LON","LKOR","FLEXSHARES CREDIT-SCORED US LONG CRP BND FUND","BATS"
"LKQ","LKQ CORP","LKQ","LKQ","NASDAQ"
"LKSP","LAKE SUPERIOR ACQUISITI-CL A","LKSP","LAKE SUPERIOR ACQUISITION CORP. CLASS A","NASDAQ"
"LLDR","GLOBAL X LONG-TERM TR LA ETF","LLDR","GLOBAL X LONG TERM TREASURY LADDER","NYSE"
"LLII","REX LLY GROWTH & INCOME ETF","LLII","REX LLY GROWTH & INCOME ETF","BATS"
"LLY","ELI LILLY & CO","LLY","ELI LILLY","NYSE"
"LLYVA","LIBERTY LIVE HOLDINGS-A","LLYVA","LIBERTY LIVE HOLDINGS INC SERIES A","NASDAQ"
"LLYVK","LIBERTY LIVE HOLDINGS-C","LLYVK","LIBERTY LIVES HOLDINGS INC SERIES C","NASDAQ"
"LLYX","DEFIANCE DLY TRG 2X LNG LLY","LLYX","DEFIANCE DAILY TARGET 2X LONG LLY ETF","NYSE"
"LMAT","LEMAITRE VASCULAR INC","LMAT","LEMAITRE VASCULAR","NASDAQ"
"LMB","LIMBACH HOLDINGS INC","LMB","LIMBACH HOLDINGS, INC. COMMON STOCK","NASDAQ"
"LMBS","FIRST TRUST LOW DURATION OPP","LMBS","FIRST TRUST LOW DURATION OPPORT","NASDAQ"
"LMFA","LM FUNDING AMERICA INC","LMFA","LM FUNDING AMERICA, INC. COMMON STOCK","NASDAQ"
"LMND","LEMONADE INC","LMND","LEMONADE INC","NYSE"
"LMNR","LIMONEIRA CO","LMNR","LIMONEIRA CO","NASDAQ"
"LMNX","DEF DAILY TARG 2X L LMND ETF","LMNX","DEFIANCE DAILY TARGET 2X LONG LMND ETF","NASDAQ"
"LMRI","LUMEXA IMAGING HOLDINGS INC","LMRI","LUMEXA IMAGING HOLDINGS, INC.","NASDAQ"
"LMT","LOCKHEED MARTIN CORP","LMT","LOCKHEED MARTIN","NYSE"
"LMTL","DIREXION DLY LMT BULL 2X ETF","LMTL","DIREXION DAILY LMT BULL 2X ETF","NASDAQ"
"LMUB","ISHARES LT NATIONAL MUNI BD","LMUB","ISHARES LONG TERM NATIONAL MUNI BOND ETF","NYSE"
"LNAI","LUNAI BIOWORKS INC","LNAI","LUNAI BIOWORKS INC.","NASDAQ"
"LNC","LINCOLN NATIONAL CORP","LNC","LINCOLN NATIONAL","NYSE"
"LND","BRASILAGRO-CIA BRA - SPN ADR","LND","BRASILAGRO - CIA BRAS","NYSE"
"LNG","CHENIERE ENERGY INC","LNG","CHENIERE ENERGY","NYSE"
"LNGX","GLOBAL X US NTRL GAS ETF","LNGX","GLOBAL X US NATURAL GAS ETF","NYSE"
"LNKB","LINKBANCORP INC","LNKB","LINKBANCORP, INC.","NASDAQ"
"LNKS","LINKERS INDUSTRIES LTD-A","LNKS","LINKERS INDUSTRIES LIMITED CLASS A","NASDAQ"
"LNN","LINDSAY CORP","LNN","LINDSAY","NYSE"
"LNOK","DEFINCE DLY TRGT LNG NOK ETF","LNOK","DEFIANCE DAILY TARGET 2X LONG NOK ETF","BATS"
"LNSR","LENSAR INC","LNSR","LENSAR INC","NASDAQ"
"LNT","ALLIANT ENERGY CORP","LNT","ALLIANT ENERGY","NASDAQ"
"LNTH","LANTHEUS HOLDINGS INC","LNTH","LANTHEUS HOLDINGS, INC. COMMON STOCK","NASDAQ"
"LNZA","LANZATECH GLOBAL INC","LNZA","LANZATECH GLOBAL, INC.","NASDAQ"
"LOAN","MANHATTAN BRIDGE CAPITAL INC","LOAN","MANHATTAN BRIDGE CAPITAL","NASDAQ"
"LOAR","LOAR HOLDINGS INC","LOAR","LOAR HOLDINGS INC","NYSE"
"LOB","LIVE OAK BANCSHARES INC","LOB","LIVE OAK BANCSHARES, INC. COMMON STOCK","NYSE"
"LOBO","LOBO TECHNOLOGIES LTD-A","LOBO","LOBO TECHNOLOGIES LTD. CLASS A","NASDAQ"
"LOCL","LOCAL BOUNTI CORP","LOCL","LOCAL BOUNTI CORPORATION","NYSE"
"LOCO","EL POLLO LOCO HOLDINGS INC","LOCO","EL POLLO LOCO HOLDINGS, INC. C","NASDAQ"
"LOCT","INNOV PRM INC 15BUFF ETF OCT","LOCT","INNOVATOR PREMIUM INCOME 15 BUFFER ETF OCT","BATS"
"LODE","COMSTOCK INC","LODE","COMSTOCK INC","NYSE_AMERICAN"
"LOGO","ALPHA BRANDS CONS LEAD ETF","LOGO","ALPHA BRANDS CONSUMPTION LEADERS ETF","NASDAQ"
"LOKV","LIVE OAK ACQUISITION CORP-A","LOKV","LIVE OAK ACQUISITION CORP. V CLASS A","NASDAQ"
"LOKVU","LIVE OAK ACQUISITION CORP V","LOKVU","LIVE OAK ACQUISITION CORP. V UNT","NASDAQ"
"LOMA","LOMA NEGRA CIA IND-SPON ADR","LOMA","LOMA NEGRA COMP","NYSE"
"LONA","LEONABIO INC","LONA","LEONABIO, INC.","NASDAQ"
"LONZ","PIMCO SENIOR LOAN ACTIVE ETF","LONZ","PIMCO SENIOR LOAN ACTIVE ETF","NYSE"
"LOOP","LOOP INDUSTRIES INC","LOOP","LOOP INDUSTRIES, INC. COMMON STOCK","NASDAQ"
"LOPE","GRAND CANYON EDUCATION INC","LOPE","GRAND CANYON EDUCATION","NASDAQ"
"LOPP","GABELLI LOVE OUR PLANET & PE","LOPP","GABELLI LOVE OUR PLANET & PEOPLE ETF","NYSE"
"LOT","LOTUS TECHNOLOGY INC","LOT","LOTUS TECHNOLOGY INC. ADS","NASDAQ"
"LOTI","LIBERTY TACTICAL INC ETF","LOTI","LIBERTY ONE TACTICAL INCOME ETF","NASDAQ"
"LOUP","INNOVATOR DEEPWATER FRONTIER","LOUP","INNOVATOR DEEPWATER FRONTIER TECH ETF","NYSE"
"LOVE","LOVESAC CO-THE","LOVE","THE LOVESAC COMPANY COMMON STOCK","NASDAQ"
"LOW","LOWE'S COS INC","LOW","LOWE'S COMPANIES","NYSE"
"LOWV","AB US LOW VOL EQUITY ETF","LOWV","AB US LOW VOLATILITY EQUITY ETF","NYSE"
"LPA","LOGISTIC PROPERTIES OF THE A","LPA","LOGISTIC PROPERTIES OF THE AMERICAS","NYSE_AMERICAN"
"LPAA","LAUNCH ONE ACQUISITION CORP","LPAA","LAUNCH ONE ACQUISITION CORP. CLASS A","NASDAQ"
"LPAAU","LAUNCH ONE ACQUISITION CORP","LPAAU","LAUNCH ONE ACQUISITION CORP. UNT","NASDAQ"
"LPBB","LAUNCH TWO ACQUISITION- CL A","LPBB","LAUNCH TWO ACQUISITION CORP. CLASS A","NASDAQ"
"LPBBU","LAUNCH TWO ACQUISITION CORP","LPBBU","LAUNCH TWO ACQUISITION CORP. UNT","NASDAQ"
"LPCN","LIPOCINE INC","LPCN","LIPOCINE INC. COMMON STOCK","NASDAQ"
"LPCV","LAUNCHPAD CADENZA ACQUI-CL A","LPCV","LAUNCHPAD CADENZA ACQUISITION CORP I CLASS A","NASDAQ"
"LPCVU","LAUNCHPAD CADENZA ACQUISITIO","LPCVU","LAUNCHPAD CADENZA ACQUISITION CORP I UNT","NASDAQ"
"LPG","DORIAN LPG LTD","LPG","DORIAN LPG LTD","NYSE"
"LPL","LG DISPLAY CO LTD-ADR","LPL","LG DISPLAY COMPANY","NYSE"
"LPLA","LPL FINANCIAL HOLDINGS INC","LPLA","LPL FINANCIAL HOLDINGS","NASDAQ"
"LPRE","LONG POND REAL ESTAT SEL ETF","LPRE","LONG POND REAL ESTATE SELECT ETF","NYSE"
"LPRO","OPEN LENDING CORP","LPRO","OPEN LENDING CORPORATION CLASS A","NASDAQ"
"LPSN","LIVEPERSON INC","LPSN","LIVEPERSON","NASDAQ"
"LPTH","LIGHTPATH TECHNOLOGIES INC-A","LPTH","LIGHTPATH TECHNOLOGIES","NASDAQ"
"LPX","LOUISIANA-PACIFIC CORP","LPX","LOUISIANA-PACIFIC","NYSE"
"LQD","ISHR IBX USD INVGD CB ETF-UI","LQD","ISHARES IBOXX $ INVEST GRADE C","NYSE"
"LQDA","LIQUIDIA CORP","LQDA","LIQUIDIA CORP","NASDAQ"
"LQDB","ISHARES BBB RATE CORP BOND","LQDB","ISHARES BBB RATED CORPORATE BOND ETF","NYSE"
"LQDH","ISHARES INT HEDG CORP BD ETF","LQDH","ISHARES IR HDG LQD","NYSE"
"LQDI","ISHARES INFLATION HEDGED COR","LQDI","ISHARES INFLATION HEDGED CORP BOND ETF","BATS"
"LQDT","LIQUIDITY SERVICES INC","LQDT","LIQUIDITY SERVICE","NASDAQ"
"LQDW","ISHARES INGR CORP BD B-W ETF","LQDW","ISHARES INV GRADE CORP BOND BUYWRITE","BATS"
"LQTI","FT VEST INVST GRD TRGT I ETF","LQTI","FT VEST INVESTMENT GRADE & TARGET INCOME ETF","NYSE"
"LRCU","TRADR 2X LONG LRCX DAILY ETF","LRCU","TRADR 2X LONG LRCX DAILY ETF","BATS"
"LRCX","LAM RESEARCH CORP","LRCX","LAM RESEARCH","NASDAQ"
"LRE","LEAD REAL ESTATE CO LTD","LRE","LEAD REAL ESTATE CO., LTD ADS","NASDAQ"
"LRGC","AB US LC STRATEGIC EQ ETF","LRGC","AB US LARGE CAP STRATEGIC EQUITIES ETF","NYSE"
"LRGE","CLEARBRIDGE LARGE CAP GROWTH","LRGE","CLEARBRIDGE LARGE CAP GROWTH SELECT ETF","NASDAQ"
"LRGF","ISHARES US EQUITY FACTOR ETF","LRGF","ISHARES US EQUITY FACTOR ETF","NYSE"
"LRGG","NOMURA FOCUSED LARGE GROWTH","LRGG","NOMURA FOCUSED LARGE GROWTH ETF","NYSE"
"LRHC","LA ROSA HOLDINGS CORP","LRHC","LA ROSA HC.","NASDAQ"
"LRMR","LARIMAR THERAPEUTICS INC","LRMR","LARIMAR THERAPEUTICS INC","NASDAQ"
"LRN","STRIDE INC","LRN","STRIDE INC","NYSE"
"LRNZ","TRUESHRS TECH AI DEEP LR ETF","LRNZ","TRUESHARES TECHNOLOGY, AI & DEEP LEARNING ETF","NYSE"
"LSAF","LEADERSHARES ALPHAFACTOR US","LSAF","LEADERSHARES ALPHAFACTOR US CORE EQUITY ETF","NYSE"
"LSAK","LESAKA TECHNOLOGIES INC","LSAK","LESAKA TECHNOLOGIES, INC. COMMON STOCK","NASDAQ"
"LSAT","LEADERSHARES ALPHAFACT TACT","LSAT","LEADERSHARES ALPHAFACTOR TACTICAL FOCUSED ETF","NYSE"
"LSBK","LAKE SHORE BANCORP INC-MD","LSBK","LAKE SHORE BANCORP","NASDAQ"
"LSCC","LATTICE SEMICONDUCTOR CORP","LSCC","LATTICE SEMICONDUCTOR","NASDAQ"
"LSE","LEISHEN ENERGY HOLDING -A","LSE","LEISHEN ENERGY HC., LTD. CLASS A","NASDAQ"
"LSEQ","HARBOR LONG-SHORT EQUITY ETF","LSEQ","HARBOR LONG-SHORT EQUITY ETF","NYSE"
"LSF","LAIRD SUPERFOOD INC","LSF","LAIRD SUPERFOOD INC","NYSE_AMERICAN"
"LSGR","NATIXIS LOOMIS FOCUSED GRWTH","LSGR","NATIXIS LOOMIS SAYLES FOCUSED GROWTH ETF","NYSE"
"LSH","LAKESIDE HOLDING LTD","LSH","LAKESIDE HOLDING LIMITED","NASDAQ"
"LSPD","LIGHTSPEED COMMERCE INC","LSPD","LIGHTSPEED COMMERCE INC","NYSE"
"LST","LEUTHOLD SEL IND","LST","LEUTHOLD SELECT INDUSTRIES ETF","NYSE"
"LSTA","LISATA THERAPEUTICS INC","LSTA","LISATA THERAPEUTICS INC","NASDAQ"
"LSTR","LANDSTAR SYSTEM INC","LSTR","LANDSTAR SYSTEM","NASDAQ"
"LSVD","LSV DISCIPLINED VALUE ETF","LSVD","LSV DISCIPLINED VALUE ETF","NYSE"
"LTBR","LIGHTBRIDGE CORP","LTBR","LIGHTBRIDGE CORP","NASDAQ"
"LTC","LTC PROPERTIES INC","LTC","LTC PROPERTIES","NYSE"
"LTH","LIFE TIME GROUP HOLDINGS INC","LTH","LIFE TIME GROUP HOLDINGS INC","NYSE"
"LTL","PROSHARES ULTRA COMMUNICATIO","LTL","PROSHARES ULTRA COMM SVCS TRADING","NYSE"
"LTM","LATAM AIRLINES GROUP SA-ADR","LTM","LATAM AIRLINES GROUP SA","NYSE"
"LTPZ","PIMCO 15+ YR US TIPS INDX","LTPZ","PIMCO 15+ YEAR US TIPS INDEX E","NYSE"
"LTRN","LANTERN PHARMA INC","LTRN","LANTERN PHARMA INC. COMMON STOCK","NASDAQ"
"LTRX","LANTRONIX INC","LTRX","LANTRONIX","NASDAQ"
"LTTI","FT VEST 20 YR TSY & TARG INC","LTTI","FT VEST 20+ YEAR TREASURY & TARGET INCOME ETF","NYSE"
"LU","LUFAX HOLDING LTD-ADR","LU","LUFAX HOLDING LTD","NYSE"
"LUCD","LUCID DIAGNOSTICS INC","LUCD","LUCID DIAGNOSTICS INC. COMMON STOCK","NASDAQ"
"LUCK","LUCKY STRIKE ENTERTAINMENT C","LUCK","LUCKY STRIKE ENTERTAINMENT CORP","NYSE"
"LUCY","INNOVATIVE EYEWEAR INC","LUCY","INNOVATIVE EYEWEAR, INC.","NASDAQ"
"LUD","LUDA TECHNOLOGY GROUP LTD","LUD","LUDA TECHNOLOGY GROUP LTD","NYSE_AMERICAN"
"LULG","LEVERAGE SHARES 2X LULU","LULG","LEVERAGE SHARES 2X LONG LULU DAILY ETF","NASDAQ"
"LULU","LULULEMON ATHLETICA INC","LULU","LULULEMON ATHLETICA","NASDAQ"
"LUMN","LUMEN TECHNOLOGIES INC","LUMN","LUMEN TECHNOLOGIES INC","NYSE"
"LUNG","PULMONX CORP","LUNG","PULMONX CORPORATION COMMON STOCK","NASDAQ"
"LUNL","DEF DAI TAR 2X LG LUNR ETF","LUNL","DEFIANCE DAILY TARGET 2X LONG LUNR ETF","BATS"
"LUNR","INTUITIVE MACHINES INC","LUNR","INTUITIVE MACHINES, INC. CLASS A","NASDAQ"
"LUV","SOUTHWEST AIRLINES CO","LUV","SOUTHWEST AIRLINES","NYSE"
"LUXE","LUXEXPERIENCE BV","LUXE","LUXEXPERIENCE BV","NYSE"
"LVDS","JPM F DATA S LARGE VALUE ETF","LVDS","JPMORGAN FUNDAMENTAL DATA SCIENCE LARGE VALUE ETF","NASDAQ"
"LVHD","FRANKLIN U.S. LOW VOLATILITY","LVHD","FRANKLIN U.S. LOW VOLATILITY HIGH DIVIDEND ETF","NASDAQ"
"LVHI","FRANKLIN INTERNATIONAL LOW V","LVHI","LEGG MASON INTL LOW VLTY HI DVDND ETF","BATS"
"LVIG","LONGVIEW ADVNTG FXD INCM ETF","LVIG","LONGVIEW ADVANTAGE FIXED INCOME ETF","NASDAQ"
"LVLU","LULU'S FASHION LOUNGE HOLDIN","LVLU","LULUS FASHION LOUNGE HOLDINGS, INC.","NASDAQ"
"LVO","LIVEONE INC","LVO","LIVEONE, INC. COMMON STOCK","NASDAQ"
"LVS","LAS VEGAS SANDS CORP","LVS","LAS VEGAS SANDS","NYSE"
"LVWR","LIVEWIRE GROUP INC","LVWR","LIVEWIRE GROUP INC","NYSE"
"LW","LAMB WESTON HOLDINGS INC","LW","LAMB WESTON HOLDINGS INC","NYSE"
"LWAC","LIGHTWAVE ACQUISITION CORP-A","LWAC","LIGHTWAVE ACQUISITION CORP. CLASS A","NASDAQ"
"LWACU","LIGHTWAVE ACQUISITION CORP","LWACU","LIGHTWAVE ACQUISITION CORP. UNT","NASDAQ"
"LWAY","LIFEWAY FOODS INC","LWAY","LIFEWAY FOODS","NASDAQ"
"LWLG","LIGHTWAVE LOGIC INC","LWLG","LIGHTWAVE LOGIC, INC. COMMON STOCK","NASDAQ"
"LX","LEXINFINTECH HOLDINGS L-ADR","LX","LEXINFINTECH HOLDINGS LTD. ADS","NASDAQ"
"LXEH","LIXIANG EDUCATION HOLDIN-ADR","LXEH","LIXIANG EDUCATION HC., LTD. ADS","NASDAQ"
"LXEO","LEXEO THERAPEUTICS INC","LXEO","LEXEO THERAPEUTICS, INC.","NASDAQ"
"LXFR","LUXFER HOLDINGS PLC","LXFR","LUXFER HOLDINGS","NYSE"
"LXP","LXP INDUSTRIAL TRUST","LXP","LXP INDUSTRIAL TRUST","NYSE"
"LXRX","LEXICON PHARMACEUTICALS INC","LXRX","LEXICON PHARMACEUTICALS","NASDAQ"
"LXU","LSB INDUSTRIES INC","LXU","LSB INDUSTRIES","NYSE"
"LYB","LYONDELLBASELL INDU-CL A","LYB","LYONDELLBASELL INDUSTRIES","NYSE"
"LYEL","LYELL IMMUNOPHARMA INC","LYEL","LYELL IMMUNOPHARMA, INC. COMMON STOCK","NASDAQ"
"LYFT","LYFT INC-A","LYFT","LYFT, INC. CLASS A COMMON STOCK","NASDAQ"
"LYG","LLOYDS BANKING GROUP PLC-ADR","LYG","LLOYDS BANKING GROUP PLC ADS","NYSE"
"LYLD","CAMBRIA LARGECAP SHARE","LYLD","CAMBRIA TRUST CAMBRIA LARGE CAP SHAREHOLDER YIELD","BATS"
"LYTS","LSI INDUSTRIES INC","LYTS","LSI INDUSTRIES","NASDAQ"
"LYV","LIVE NATION ENTERTAINMENT IN","LYV","LIVE NATION ENTERTAINMENT","NYSE"
"LZ","LEGALZOOMCOM INC","LZ","LEGALZOOM.COM, INC. COMMON STOCK","NASDAQ"
"LZB","LA-Z-BOY INC","LZB","LA-Z-BOY","NYSE"
"LZM","LIFEZONE METALS LTD","LZM","LIFEZONE METALS LTD","NYSE"
"LZMH","LZ TECHNOLOGY HDS LTD -CL B","LZMH","LZ TECHNOLOGY HOLDINGS LIMITED CLASS B","NASDAQ"
"M","MACYS INC","M","MACY'S","NYSE"
"MA","MASTERCARD INC - A","MA","MASTERCARD","NYSE"
"MAA","MID-AMERICA APARTMENT COMM","MAA","MID-AMERICA","NYSE"
"MAAS","MAASE INC-A","MAAS","MAASE INC. CLASS A","NASDAQ"
"MAAY","GRANITESH YIELDBOOST MARA","MAAY","GRANITESHARES YIELDBOOST MARA ETF","NASDAQ"
"MAC","MACERICH CO-THE","MAC","MACERICH","NYSE"
"MACI","MELAR ACQUISITION CORP I-A","MACI","MELAR ACQUISITION CORP. I CLASS A","NASDAQ"
"MACIU","MELAR ACQUISITION CORP I","MACIU","MELAR ACQUISITION CORP. I UNT","NASDAQ"
"MADE","ISHARES US MANUFACTURING","MADE","ISHARES US MANUFACTURING ETF","NYSE"
"MAGA","POINT BRIDGE AMERICA FIRST E","MAGA","POINT BRIDGE GOP STOCK TRACKER ETF","BATS"
"MAGC","ROUNDHILL CHINA MAGNIFICENT","MAGC","ROUNDHILL CHINA MAGNIFICENT SEVEN ETF","BATS"
"MAGH","MAGNITUDE INTERNATIONAL LTD","MAGH","MAGNITUDE INTERNATIONAL LTD","NASDAQ"
"MAGO","TUTTLE CPTL MGNT IN BLST ETF","MAGO","TUTTLE CAPITAL MAGNIFICENT 7 INCOME BLAST ETF","BATS"
"MAGS","ROUNDHILL MAGNIFICENT SEVEN","MAGS","ROUNDHILL MAGNIFICENT SEVEN ETF","BATS"
"MAGX","RDHILL DAILY 2X LM SEVEN ETF","MAGX","ROUNDHILL DAILY 2X LONG MAGNIFICENT SEVEN ETF","BATS"
"MAGY","RONDHILL MGNI SVN CVR CL ETF","MAGY","ROUNDHILL ROUNDHILL MAGNIFICENT SEVEN COVERED CALL","BATS"
"MAIA","MAIA BIOTECHNOLOGY INC","MAIA","MAIA BIOTECHNOLOGY INC","NYSE_AMERICAN"
"MAIN","MAIN STREET CAPITAL CORP","MAIN","MAIN STREET CAPITAL","NYSE"
"MAKO","MAKO MINING CORP","MAKO","MAKO MINING CORP","NASDAQ"
"MAKX","PROSHARES S&P KENSHO SMRT FA","MAKX","PROSHARES S&P KENSHO SMART FACTORIES ETF","NYSE"
"MAMA","MAMA'S CREATIONS INC","MAMA","MAMAS CREATIONS, INC.","NASDAQ"
"MAMB","MONARCH AMBASS INC INDX ETF","MAMB","MONARCH AMBASSADOR INCOME ETF","BATS"
"MAMK","MAXSMAKING INC- CL A","MAMK","MAXSMAKING INC. CLASS A","NASDAQ"
"MAMO","MASSIMO GROUP","MAMO","MASSIMO GROUP","NASDAQ"
"MAN","MANPOWERGROUP INC","MAN","MANPOWERGROUP","NYSE"
"MANE","VERADERMICS INC","MANE","VERADERMICS INC","NYSE"
"MANH","MANHATTAN ASSOCIATES INC","MANH","MANHATTAN ASSOCIATES","NASDAQ"
"MANI","MAN ACTIVE INCOME ETF","MANI","MAN ACTIVE INCOME ETF","NYSE"
"MANU","MANCHESTER UNITED PLC-CL A","MANU","MANCHESTER UNITED","NYSE"
"MAPS","WM TECHNOLOGY INC","MAPS","WM TECHNOLOGY INC","NASDAQ"
"MAR","MARRIOTT INTERNATIONAL -CL A","MAR","MARRIOT INTERNATIONAL CLASS A","NASDAQ"
"MARA","MARA HOLDINGS INC","MARA","MARATHON DIGITAL HOLDINGS INC","NASDAQ"
"MARB","FIRST TRUST MERGER ARBITRAGE","MARB","FIRST TRUST MERGER ARBITRAGE ETF","NYSE"
"MARM","FTVESTUS MAX BUFF ETF MARCH","MARM","SHL TELEMEDICINE FT VEST US EQUITY MAX BUFFER MAR","BATS"
"MARO","YIELDMAX MARA OPTN IN ST ETF","MARO","YIELDMAX MARA OPTION INCOME STRATEGY ETF","NYSE"
"MARPS","MARINE PETROLEUM TRUST","MARPS","MARINE PETROLEUM TRUST","NASDAQ"
"MARS","ROUNDHILL SPACE & TCNLGY ETF","MARS","","BATS"
"MART","ALLIANZIM US EQ BFFR10 MR-US","MART","ALLIANZIM US LARGE CAP BUFFER10 MAR ETF","BATS"
"MARW","ALIANZIM US EQ BFR20 MAR-USD","MARW","ALLIANZIM US LARGE CAP BUFFER20 MAR ETF","BATS"
"MARZ","TRUESHARES STRUC OUTCOME MAR","MARZ","TRUESHARES STRUCTURED OUTCOME (MAR) ETF","BATS"
"MAS","MASCO CORP","MAS","MASCO","NYSE"
"MASI","MASIMO CORPORATION","MASI","MASIMO","NASDAQ"
"MASK","3 E NETWORK TECHNOLOGY GRP-A","MASK","3 E NETWORK TECHNOLOGY GROUP LTD CLASS A","NASDAQ"
"MASS","908 DEVICES INC","MASS","908 DEVICES INC. COMMON STOCK","NASDAQ"
"MAT","MATTEL INC","MAT","MATTEL","NASDAQ"
"MATE","MAN ACTIVE TRD ENHD ETF","MATE","MAN ACTIVE TREND ENHANCED ETF","NASDAQ"
"MATH","METALPHA TECHNOLOGY HOLDING","MATH","METALPHA TECHNOLOGY HOLDING LIMITED","NASDAQ"
"MATV","MATIV HOLDINGS INC","MATV","MATIV HOLDINGS INC","NYSE"
"MATW","MATTHEWS INTL CORP-CLASS A","MATW","MATTHEWS INTERNATIONAL","NASDAQ"
"MATX","MATSON INC","MATX","MATSON","NYSE"
"MAVF","MATRIX ADVISORS VALUE ETF","MAVF","MATRIX ADVISORS VALUE ETF","NYSE"
"MAX","MEDIAALPHA INC-CLASS A","MAX","MEDIAALPHA INC","NYSE"
"MAXI","SIMPLIFY BITCOIN STR PL INC","MAXI","SIMPLIFY BITCOIN STRATEGY PLUS INCOME ETF","NASDAQ"
"MAXJ","ISHARES LG CAP MAX BUFF JUN","MAXJ","ISHARES LARGE CAP MAX BUFFER JUN ETF","BATS"
"MAXN","MAXEON SOLAR TECHNOLOGIE","MAXN","MAXEON SOLAR TECHNOLOGIES LTD","NASDAQ"
"MAYM","FT VEST US EQ MAX BUF MAY","MAYM","FIRST TR VIII VEST US EQUITY MAX BUFFER MAY","BATS"
"MAYS","MAYS (J.W.) INC","MAYS","J.W. MAYS","NASDAQ"
"MAYT","ALL US EQU BUF10 MAY ETF-USD","MAYT","ALLIANZIM US LARGE CAP BUFFER10 MAY ETF","BATS"
"MAYU","ALLIANZIM US BF15 UNCAP MAY","MAYU","SHL TELEMED ALLIANZIM US EQ BUFFER15 UNCAP MAY","BATS"
"MAYW","ALIANZIM US EQ BFR20 MAY-USD","MAYW","ALLIANZIM US LARGE CAP BUFFER20 MAY ETF","BATS"
"MAYZ","TS STR OUTCOME MAY ETF","MAYZ","TRUESHARES STRUCTURED OUTCOME (MAY) ETF","BATS"
"MAZE","MAZE THERAPEUTICS INC","MAZE","MAZE THERAPEUTICS, INC.","NASDAQ"
"MB","MASTERBEEF GROUP","MB","MASTERBEEF GROUP","NASDAQ"
"MBAI","CHECK CAP LTD","MBAI","CHECK-CAP LTD.","NASDAQ"
"MBAV","M3-BRIGADE ACQUISITION V-A","MBAV","M3-BRIGADE ACQUISITION V CORP. CLASS A","NASDAQ"
"MBAVU","M3-BRIGADE ACQUISITION V COR","MBAVU","M3-BRIGADE ACQUISITION V CORP. UNT","NASDAQ"
"MBB","ISHARES MBS ETF","MBB","ISHARES BARCLAYS MBS BOND","NASDAQ"
"MBBA","ISHR MTGE BACK SEC ACT","MBBA","ISHARES MORTGAGE-BACKED SECURITIES ACTIVE ETF","BATS"
"MBBC","MARATHON BANCORP INC","MBBC","MARATHON BANCORP, INC.","NASDAQ"
"MBC","MASTERBRAND INC","MBC","MASTERBRAND INC","NYSE"
"MBCC","MONARCH BLUE CHIP COR INDX","MBCC","MONARCH BLUE CHIPS CORE ETF","BATS"
"MBI","MBIA INC","MBI","MBIA","NYSE"
"MBIN","MERCHANTS BANCORP-IN","MBIN","MERCHANTS BANCORP COMMON STOCK","NASDAQ"
"MBINL","MERCHANTS BANCORP","MBINL","MERCHANTS BAN (1/40 7.25% SERIES E PERPETUAL PF)","NASDAQ"
"MBINM","MERCHANTS BANCORP IND DEP SHS REPST","MBINM","MERCHANTS BANCORP DS (1/40 8.25% SERIES D PF)","NASDAQ"
"MBINN","MERCHANTS BANCORP","MBINN","MERCHANTS BANCORP DS PF SERIES C","NASDAQ"
"MBIO","MUSTANG BIO INC","MBIO","MUSTANG BIO, INC. COMMON STOCK","NASDAQ"
"MBLY","MOBILEYE GLOBAL INC-A","MBLY","MOBILEYE GLOBAL INC. CLASS A","NASDAQ"
"MBNE","SS NUVEEN MUNI ESG ETF","MBNE","SPDR NUVEEN MUNICIPAL BOND ESG ETF","BATS"
"MBNKO","MEDALLION BK SALT LAKE CITY UTAH NO","MBNKO","MEDALLION BANK PF SERIES G","NASDAQ"
"MBOT","MICROBOT MEDICAL INC","MBOT","MICROBOT MEDICAL INC","NASDAQ"
"MBRX","MOLECULIN BIOTECH INC","MBRX","MOLECULIN BIOTECH, INC. COMMON STOCK","NASDAQ"
"MBS","ANGEL OAK MORTG-BCKED SE ETF","MBS","ANGEL OAK MORTGAGE-BACKED SECURITIES ETF","NASDAQ"
"MBSD","FLEXSHARES DISCIPLINED DURAT","MBSD","FLEXSHARES DISCIPLINED DURATIO","NYSE"
"MBSF","REGAN FLOATING RATE MBS ETF","MBSF","REGAN FLOATING RATE MBS ETF","NYSE"
"MBSX","REGAN FIXED RATE MBS ETF","MBSX","REGAN FIXED RATE MBS ETF","NYSE"
"MBUU","MALIBU BOATS INC - A","MBUU","MALIBU BOATS, INC. CLASS A COM","NASDAQ"
"MBVI","M3-BRIGADE ACQUISITION-CL A","MBVI","M3-BRIGADE ACQUISITION VI CORP. CLASS A","NASDAQ"
"MBVIU","M3-BRIGADE ACQUISITION VI CO","MBVIU","M3-BRIGADE ACQUISITION VI CORP. UNT","NASDAQ"
"MBWM","MERCANTILE BANK CORP","MBWM","MERCANTILE BANK","NASDAQ"
"MBX","MBX BIOSCIENCES INC","MBX","MBX BIOSCIENCES, INC.","NASDAQ"
"MC","MOELIS & CO - CLASS A","MC","MOELIS & COMPANY","NYSE"
"MCB","METROPOLITAN BANK HOLDING CO","MCB","METROPOLITAN BANK HLDG CORP","NYSE"
"MCBS","METROCITY BANKSHARES INC","MCBS","METROCITY BANKSHARES INC COMMON STOCK","NASDAQ"
"MCD","MC DONALD'S-CORP","MCD","MCDONALD'S","NYSE"
"MCFT","MASTERCRAFT BOAT HOLDINGS IN","MCFT","MASTERCRAFT BOAT HOLDINGS INC","NASDAQ"
"MCGA","YORKVILLE ACQUISITION CORP-A","MCGA","YORKVILLE ACQUISITION CORP. CLASS A","NASDAQ"
"MCGAU","YORKVILLE ACQUISITION CORP","MCGAU","YORKVILLE ACQUISITION CORP. UNT","NASDAQ"
"MCH","MATTHEWS CHINA ACTIVE ETF","MCH","MATTHEWS CHINA ACTIVE ETF","NYSE"
"MCHB","MECHANICS BANCORP-A","MCHB","MECHANICS BANCORP CLASS A","NASDAQ"
"MCHI","ISHARES MSCI CHINA ETF","MCHI","ISHARES MSCI CHINA INDEX","NASDAQ"
"MCHP","MICROCHIP TECHNOLOGY INC","MCHP","MICROCHIP TECHNOLOGY","NASDAQ"
"MCHPP","MICROCHIP TECHNOLOGY INC","MCHPP","MICROCHIP TECH (1/20 7.50% SERIES A PF)","NASDAQ"
"MCHS","MATTHEWS CHINA DISCOVERY","MCHS","MATTHEWS CHINA DISCOVERY ACTIVE ETF","NASDAQ"
"MCHX","MARCHEX INC-CLASS B","MCHX","MARCHEX","NASDAQ"
"MCI","BARINGS CORPORATE INVESTORS","MCI","BARINGS CAP CORP INVSTRS","NYSE"
"MCK","MCKESSON CORP","MCK","MCKESSON","NYSE"
"MCN","XAI MADISON EQUITY PREMIUM I","MCN","XAI MADISON EQUITY PREMIUM INCOME FUND","NYSE"
"MCO","MOODY'S CORP","MCO","MOODY'S","NYSE"
"MCOW","PCR S&P MC 400 Q FCF ARIST","MCOW","PACER S&P MIDCAP 400 QUALITY FCF ARISTOCRATS","BATS"
"MCR","MFS CHARTER INCOME TRUST","MCR","MFS CHARTER INCOME COMMON","NYSE"
"MCRB","SERES THERAPEUTICS INC","MCRB","SERES THERAPEUTICS, INC. COMMON STOCK","NASDAQ"
"MCRI","MONARCH CASINO & RESORT INC","MCRI","MONARCH CASINO & RESORT","NASDAQ"
"MCRP","MICROPOLIS AI ROBOTICS","MCRP","MICROPOLIS AI ROBOTICS TRAINING","NYSE_AMERICAN"
"MCS","MARCUS CORPORATION","MCS","MARCUS","NYSE"
"MCTA","CHARMING MEDICAL LTD-A","MCTA","CHARMING MEDICAL LIMITED CLASS A","NASDAQ"
"MCVT","MILLER CONVERT TOT RET ETF","MCVT","MILLER TOTAL RETURN ETF","NYSE"
"MCW","MISTER CAR WASH INC","MCW","MISTER CAR WASH, INC.","NASDAQ"
"MCY","MERCURY GENERAL CORP","MCY","MERCURY GENERAL","NYSE"
"MD","PEDIATRIX MEDICAL GROUP INC","MD","PEDIATRIX MEDICAL GROUP INC","NYSE"
"MDA","MDA SPACE LTD","MDA","MDA SPACE LTD","NYSE"
"MDAI","SPECTRAL AI INC","MDAI","SPECTRAL AI, INC. CLASS A","NASDAQ"
"MDB","MONGODB INC","MDB","MONGODB, INC. CLASS A COMMON STOCK","NASDAQ"
"MDBH","MDB CAPITAL HOLDINGS LLC","MDBH","MDB CAPITAL HOLDINGS, LLC CLASS A COMMON","NASDAQ"
"MDCX","MEDICUS PHARMA LTD","MDCX","MEDICUS PHARMA LTD.","NASDAQ"
"MDGL","MADRIGAL PHARMACEUTICALS INC","MDGL","MADRIGAL PHARMACEUTICALS INC","NASDAQ"
"MDIA","MEDIACO HOLDING INC-CL A","MDIA","MEDIACO HOLDING INC","NASDAQ"
"MDIV","FT MULTI-ASSET DIVERS INC","MDIV","FIRST TRUST MULTI-ASSET DIV IN","NASDAQ"
"MDLN","MEDLINE INC-CL A","MDLN","MEDLINE INC. CLASS A","NASDAQ"
"MDLZ","MONDELEZ INTERNATIONAL INC-A","MDLZ","MONDELEZ INTERNATIONAL","NASDAQ"
"MDPL","MONARCH DIVIDEND PLUS INDEX","MDPL","NORTHERN LIGHTS FUND TRUST IV MONARCH DIV PLUS","BATS"
"MDRR","MEDALIST DIVERSIFIED INC","MDRR","MEDALIST DIVERSIFIED, INC.","NASDAQ"
"MDST","WESTWD SAT ENCD MDSTR IN ETF","MDST","WESTWOOD SALIENT ENHANCED MIDSTREAM INCOME ETF","NYSE"
"MDT","MEDTRONIC PLC","MDT","MEDTRONIC PLC","NYSE"
"MDU","MDU RESOURCES GROUP INC","MDU","MDU RESOURCES GROUP","NYSE"
"MDV","MODIV INDUSTRIAL INC","MDV","MODIV INDUSTRIAL INC","NYSE"
"MDWD","MEDIWOUND LTD","MDWD","MEDIWOUND LTD. ORDINARY SHARES","NASDAQ"
"MDXG","MIMEDX GROUP INC","MDXG","MIMEDX GROUP, INC COMMON STOCK","NASDAQ"
"MDXH","MDXHEALTH","MDXH","MDXHEALTH SA AMERICAN DEPOSITARY SHARES","NASDAQ"
"MDY","STATE STREET SPDR S&P MIDCAP","MDY","SPDR S&P MIDCAP 400","NYSE"
"MDYG","SS SPDR S&P 400 MC GR ETF","MDYG","STATE ST SPDR S&P 400 MID CAP GROWTH","NYSE"
"MDYV","SS SPDR S&P 400 MC VAL ETF","MDYV","STATE ST SPDR S&P 400 MID CAP VALUE ETF","NYSE"
"MEAR","ISHRS SHORT MAT MUNI ACT ETF","MEAR","ISHARES SHT MATR MUNI BOND ETF","BATS"
"MEC","MAYVILLE ENGINEERING CO INC","MEC","MAYVILLE ENGINEERING CO INC","NYSE"
"MED","MEDIFAST INC","MED","MEDIFAST","NYSE"
"MEDI","HARBOR HEALTH CARE ETF","MEDI","HARBOR HEALTH CARE ETF","NYSE"
"MEDP","MEDPACE HOLDINGS INC","MEDP","MEDPACE HOLDINGS, INC. COMMON STOCK","NASDAQ"
"MEDX","HORIZON KINETICS MEDICAL ETF","MEDX","HORIZON KINETICS MEDICAL ETF","NASDAQ"
"MEG","MONTROSE ENVIRONMENTAL GROUP","MEG","MONTROSE ENVIRONMENTAL GROUP INC","NYSE"
"MEGI","NYLI CBRE GBL INFR MGA TRM F","MEGI","NYLI CBRE GLOBAL INFRASTRUCTURE MEGATRENDS FUN","NYSE"
"MEGL","MAGIC EMPIRE GLOBAL LTD-A","MEGL","MAGIC EMPIRE GLOBAL LIMITED CLASS A","NASDAQ"
"MEHA","FUNCTIONAL BRANDS INC","MEHA","FUNCTIONAL BRANDS, INC.","NASDAQ"
"MEI","METHODE ELECTRONICS INC","MEI","METHODE ELECTRONICS","NYSE"
"MELI","MERCADOLIBRE INC","MELI","MERCADOLIBRE","NASDAQ"
"MEM","MATTHEWS EM MKT EQTY ACTIVE","MEM","MATTHEWS EMERGING MARKETS EQUITY ETF","NYSE"
"MEMA","MAN ACT EM ALT ETF","MEMA","MAN ACTIVE EMERGING MARKETS ALTERNATIVE ETF","NASDAQ"
"MEME","ROUNDHILL MEME STOCK ETF","MEME","ROUNDHILL MEME STOCK ETF","NYSE"
"MEMS","MATTHEWS EM DISCOVERY","MEMS","MATTHEWS EMERGING MARKETS DISCOVERY ACTIVE ETF","NASDAQ"
"MEMX","MATTHEWS EM EX CHINA ACTIVE","MEMX","MATTHEWS EMERGING MARKETS EX CHINA ACTIVE ETF","NYSE"
"MEMY","TUTL CAP MEME STK IN B ETF","MEMY","TUTTLE CAPITAL MEME INCOME BLAST ETF","BATS"
"MENS","JYONG BIOTECH LTD","MENS","JYONG BIOTECH LTD.","NASDAQ"
"MEOH","METHANEX CORP","MEOH","METHANEX","NASDAQ"
"MERC","MERCER INTERNATIONAL INC","MERC","MERCER INTERNATIONAL","NASDAQ"
"MESH","MESHFLOW ACQUISITION CO-CL A","MESH","MESHFLOW ACQUISITION CORP. CLASS A","NASDAQ"
"MESHU","MESHFLOW ACQUISITION CORP","MESHU","MESHFLOW ACQUISITION CORP. UNT","NASDAQ"
"MESO","MESOBLAST LTD- SPON ADR","MESO","MESOBLAST LIMITED ADS","NASDAQ"
"MET","METLIFE INC","MET","METLIFE","NYSE"
"META","Facebook Inc.","META","META PLATFORMS, INC. CLASS A","NASDAQ"
"METC","RAMACO RESOURCES INC-A","METC","RAMACO RESOURCES, INC. COMMON STOCK","NASDAQ"
"METCB","RAMACO RESOURCES INC-B","METCB","RAMACO RESOURCES, INC. CLASS B","NASDAQ"
"METCI","RAMACO RESOURCES INC","METCI","RAMACO RESOURCES, INC. 8.250% SRNT 2030","NASDAQ"
"METCZ","RAMACO RESOURCES INC","METCZ","RAMACO RESOURCES, INC. 8.375% SRNT 2029","NASDAQ"
"METD","DIREX DLY META BR 1X ETF-USI","METD","DIREXION DAILY META BEAR 1X ETF","NASDAQ"
"METL","SPROTT ACT METALS&MINERS ETF","METL","SPROTT ACTIVE METALS & MINERS ETF","NASDAQ"
"METU","DIREX DLY META BUL 2X ETF-US","METU","DIREXION DAILY META BULL 2X ETF","NASDAQ"
"METV","ROUNDHILL BALL METAVERSE ETF","METV","ROUNDHILL BALL METAVERSE ETF","NYSE"
"METW","ROUNDHILL META WEEKLYPAY ETF","METW","ROUNDHILL ETF TRUST ROUNDHILL META WEEKLYPAY ETF","BATS"
"MEVO","M EVO GLOBAL ACQUISITIO-CL A","MEVO","M EVO GLOBAL ACQUISITION CORP II CLASS A","NASDAQ"
"MEVOU","M EVO GLOBAL ACQUISITION COR","MEVOU","M EVO GLOBAL ACQUISITION CORP II UNT","NASDAQ"
"MEXX","DIREXION DL MX BLL 3X ETF-UI","MEXX","DIREXION DAILY MSCI MEXICO BULL 3X ETF","NYSE"
"MFA","MFA FINANCIAL INC","MFA","MFA FINANCIAL","NYSE"
"MFAN","MFA FINANCIAL INC","MFAN","MFA FINANCIAL INC 8.875% NTS","NYSE"
"MFAO","MFA FINL INC SR NT 09.000% 08-15-29","MFAO","MFA FINANCIAL, INC. 9.000% SRNT 2029","NYSE"
"MFC","MANULIFE FINANCIAL CORP","MFC","MANULIFE FINANCIAL","NYSE"
"MFDX","PIMCO RAFI DYNAMIC MULTI-FAC","MFDX","PIMCO RAFI DYNAMIC MULTI-FACTOR INTERNATIONAL EQUI","NYSE"
"MFEM","PIMCO RAFI DYNAMIC MULTI-FAC","MFEM","PIMCO RAFI DYNAMIC MULTI-FACTOR EMERGING MKTS","NYSE"
"MFG","MIZUHO FINANCIAL GROUP-ADR","MFG","MIZUHO FINANCIAL GROUP","NYSE"
"MFI","MF INTERNATIONAL LTD-A","MFI","MF INTERNATIONAL LIMITED","NASDAQ"
"MFIC","MIDCAP FINANCIAL INVESTMENT","MFIC","MIDCAP FINANCIAL INVESTMENT CORPORATION","NASDAQ"
"MFICL","MIDCAP FINANCIAL INVEST","MFICL","MIDCAP FIN INVESTMENT CORP 8.00% NT 2028","NASDAQ"
"MFIG","MOTLEY FOOL INNOVAT GF ETF","MFIG","MOTLEY FOOL INNOVATIVE GROWTH ETF","NASDAQ"
"MFIN","MEDALLION FINANCIAL CORP","MFIN","MEDALLION FINANCIAL CORP. COMMON STOCK","NASDAQ"
"MFLX","FIRST TRUST EXCHANGE-TRADED","MFLX","FIRST TR FLEXIBLE MUNICIPAL HIGH INCOME ETF","NASDAQ"
"MFM","MFS MUNICIPAL INCOME TRUST","MFM","MFS MUNICIPAL INCOME COMMON","NYSE"
"MFMO","MOTLEY FOOL ASSET MANAGEMENT","MFMO","MOTLEY FOOL MOMENTUM FACTOR ETF","NASDAQ"
"MFSB","MFS ACTIVE CORE PLUS BOND","MFSB","MFS ACTIVE CORE PLUS BOND ETF","NYSE"
"MFSG","MFS ACTIVE GROWTH","MFSG","MFS ACTIVE GROWTH ETF","NYSE"
"MFSI","MFS ACTIVE INTERNATIONAL","MFSI","MFS ACTIVE INTERNATIONAL ETF","NYSE"
"MFSV","MFS ACTIVE VALUE","MFSV","MFS ACTIVE VALUE ETF","NYSE"
"MFUL","MINDFUL CONSERVATIVE ETF","MFUL","MINDFUL CONSERVATIVE ETF","BATS"
"MFUS","PIMCO RAFI DYNAMIC MULTI-FAC","MFUS","PIMCO RAFI DYNAMIC MULTI-FACTOR U.S. EQUIT","NYSE"
"MFUT","CAMBRIA CHESAPEAKE PURE TRND","MFUT","TIDAL TRUST II CAMBRIA CHESAPEAKE PURE TREND ETF","BATS"
"MFVL","MOTLEY FOOL VALUE FACTOR ETF","MFVL","MOTLEY FOOL VALUE FACTOR ETF","NASDAQ"
"MG","MISTRAS GROUP INC","MG","MISTRAS GROUP","NYSE"
"MGA","MAGNA INTERNATIONAL INC","MGA","MAGNA INTERNATIONAL","NYSE"
"MGC","VANGUARD MEGA CAP ETF","MGC","VANGUARD MEGA CAP ETF","NYSE"
"MGEE","MGE ENERGY INC","MGEE","MGE ENERGY","NASDAQ"
"MGF","MFS GOVT MARKETS INC TRUST","MGF","MFS GOVERNMENT MARKETS INCOME","NYSE"
"MGIH","MILLENNIUM GROUP INTERNATION","MGIH","MILLENNIUM GROUP INTERNATIONAL HOLDINGS LIMITED","NASDAQ"
"MGK","VANGUARD MEGA CAP GROWTH ETF","MGK","CRSP US MEGA CAP GROWTH IND","NYSE"
"MGLD","MARYGOLD COMPANIES INC-THE","MGLD","MARYGOLD COMPANIES INC","NYSE_AMERICAN"
"MGM","MGM RESORTS INTERNATIONAL","MGM","MGM RESORTS INTERNATIONAL","NYSE"
"MGMT","BALLAST SMALL-MID CAP ETF","MGMT","BALLAST SMALL/MID CAP ETF","NYSE"
"MGN","MEGAN HOLDINGS LTD-CL A","MGN","MEGAN HOLDINGS LIMITED CLASS A","NASDAQ"
"MGNI","MAGNITE INC","MGNI","MAGNITE, INC. COMMON STOCK","NASDAQ"
"MGNR","AMER BEAC GLG NTRL RSRCS ETF","MGNR","AMERICAN BEACON GLG NATURAL RESOURCES ETF","NYSE"
"MGNX","MACROGENICS INC","MGNX","MACROGENICS, INC. COMMON STOCK","NASDAQ"
"MGOV","FT INTERMED GOVT OPPT ETF","MGOV","FIRST TRUST INTERMEDIATE GOVT OPPORTUNITIES ETF","NYSE"
"MGPI","MGP INGREDIENTS INC","MGPI","MGP INGREDIENTS","NASDAQ"
"MGR","AFFILIATED MANAGERS GROU","MGR","AFFILIATED MANAGERS GROUP, INC. 5.875% JRSBNT 2059","NYSE"
"MGRB","AFFILIATED MANAGERS GROU","MGRB","AFFILIATED MANAGERS GROUP INC","NYSE"
"MGRC","MCGRATH RENTCORP","MGRC","MCGRATH RENTCORP","NASDAQ"
"MGRD","AFFILIATED MANAGERS GROU","MGRD","AFFILIATED MANAGERS GROUP INC 4.2% NTS","NYSE"
"MGRE","AFFILIATED MANAGERS GROUP INC","MGRE","AFFILIATED MANAGERS GROUP INC 6.75% NTS","NYSE"
"MGRT","MEGA FORTUNE CO LTD","MGRT","MEGA FORTUNE COMPANY LIMITED","NASDAQ"
"MGRX","MANGOCEUTICALS INC","MGRX","MANGOCEUTICALS, INC.","NASDAQ"
"MGTX","MEIRAGTX HOLDINGS PLC","MGTX","MEIRAGTX HOLDINGS PLC ORDINARY SHARES","NASDAQ"
"MGV","VANGUARD MEGA CAP VALUE ETF","MGV","CRSP US MEGA CAP VALUE IND","NYSE"
"MGX","METAGENOMI THERAPEUTICS INC","MGX","METAGENOMI THERAPEUTICS, INC.","NASDAQ"
"MGY","MAGNOLIA OIL & GAS CORP - A","MGY","MAGNOLIA OIL & GAS CORP","NYSE"
"MGYR","MAGYAR BANCORP INC","MGYR","MAGYAR BANCORP","NASDAQ"
"MH","MCGRAW HILL INC","MH","MCGRAW HILL INC","NYSE"
"MHD","BLACKROCK MUNIHOLDINGS FUND","MHD","BLACKROCK MUNIHOLDINGS FUND CO","NYSE"
"MHF","WESTERN ASSET MUNICIPAL HIGH","MHF","WESTERN ASSET MUNI HIGH INCOME","NYSE"
"MHH","MASTECH DIGITAL INC","MHH","MASTECH DIGITAL INC","NYSE_AMERICAN"
"MHK","MOHAWK INDUSTRIES INC","MHK","MOHAWK INDUSTRIES","NYSE"
"MHLA","MAIDEN HOLDINGS LTD","MHLA","MAIDEN HOLDINGS LTD","NYSE"
"MHNC","MAIDEN HOLDINGS NORTH AMERICA LTD","MHNC","MAIDEN HOLDINGS NORTH AMERICA","NYSE"
"MHO","M-I HOMES INC","MHO","M/I HOMES","NYSE"
"MI","NFT LTD-A","MI","NFT LTD","NYSE_AMERICAN"
"MIAX","MIAMI INTERNATIONAL HOLDINGS","MIAX","MIAMI INTERNATIONAL HOLDINGS INC","NYSE"
"MICC","MAGNUM ICE CREAM CO NV-THE","MICC","THE MAGNUM ICE CREAM CO N.V.","NYSE"
"MID","AMERICAN CENTURY MID CAP GRO","MID","AMERICAN CENTURY MID CAP GROWTH IMPACT ETF","NYSE"
"MIDD","MIDDLEBY CORP","MIDD","MIDDLEBY","NASDAQ"
"MIDU","DIRXN DLY MID CAP BL 3XE-USI","MIDU","DIREXION DAILY MID CAP BULL 3X ETF","NYSE"
"MIG","VANECK MOODY'S ANALYTICS IG","MIG","VANECK MOODYS ANALYTICS IG CRP BND ETF","BATS"
"MIGI","MAWSON INFRASTRUCTURE GROUP","MIGI","MAWSON INFRASTRUCTURE GROUP INC.","NASDAQ"
"MIGO","MIG CORE ETF","MIGO","MIG CORE ETF","NYSE"
"MILN","GLOBAL X MILLENNIAL CONSUMER","MILN","GLOBAL X MILLENNIALS THEMATIC ETF","NASDAQ"
"MIMI","MINT INCORPORATION LTD-A","MIMI","MINT INCORPORATION LIMITED CLASS A","NASDAQ"
"MIN","MFS INTERMEDIATE INC TRUST","MIN","MFS INTERMEDIATE INCOME COMMON","NYSE"
"MIND","MIND TECHNOLOGY INC","MIND","MIND TECHNOLOGY INC","NASDAQ"
"MINE","MAYFAIR GOLD CORP","MINE","MAYFAIR GOLD CORP","NYSE_AMERICAN"
"MINO","PIMCO MUNICIPAL INCOME OPPOR","MINO","PIMCO MUNICIPAL INCOME OPPORTUNITIES ACTIVE ETF","NYSE"
"MINT","PIMCO ENHANCED SHORT MATURIT","MINT","PIMCO ENHANCED SHORT MATURITY","NYSE"
"MINV","MATTHEWS ASIA INNOVATORS ACT","MINV","MATTHEWS ASIA INNOVATORS ETF","NYSE"
"MINY","YIELDMAX STRAT M&M P O I ETF","MINY","YIELDMAX STRATEGIC METALS & MINING PORTFOLIO OPT","NYSE"
"MIR","MIRION TECHNOLOGIES INC","MIR","MIRION TECHNOLOGIES INC","NYSE"
"MIRA","MIRA PHARMACEUTICALS INC","MIRA","MIRA PHARMACEUTICALS, INC.","NASDAQ"
"MIRM","MIRUM PHARMACEUTICALS INC","MIRM","MIRUM PHARMACEUTICALS, INC.","NASDAQ"
"MISL","FIRST TRUST INDXX AERO & DEF","MISL","FIRST TRUST INDXX AEROSPACE & DEFENSE ETF","NYSE"
"MIST","MILESTONE PHARMACEUTICALS IN","MIST","MILESTONE PHARMACEUTICALS INC.","NASDAQ"
"MITK","MITEK SYSTEMS INC","MITK","MITEK SYSTEMS","NASDAQ"
"MITN","AG MTG INVT TR INC SR NT DUE 02-15-","MITN","TPG MORTGAGE INVESTMENT TRUST 9.5% NTS","NYSE"
"MITP","AG MORTGAGE INVESTMENT TRUST INC","MITP","AG MORTGAGE INVESTMENT TRUST INC 9.5% NTS","NYSE"
"MITQ","MOVING IMAGE TECHNOLOGIES IN","MITQ","MOVING IMAGE TECHNOLOGIES INC","NYSE_AMERICAN"
"MITT","TPG MORTGAGE INVESTMENT TRUS","MITT","TPG MORTGAGE INVESTMENT TRUST INC","NYSE"
"MIY","BLACKROCK MUNIYIELD MI QLTY","MIY","BLACKROCK MUNIYIELD MICH QLTY","NYSE"
"MJ","AMPLIFY ALTERNAT HARVEST ETF","MJ","AMPLIFY ALTERNATIVE HARVEST ETF","NYSE"
"MKAM","MKAM ETF","MKAM","MKAM ETF","NASDAQ"
"MKC","MCCORMICK & CO-NON VTG SHRS","MKC","MCCORMICK","NYSE"
"MKDW","MKD TECH INC","MKDW","MKDWELL TECH INC.","NASDAQ"
"MKL","MARKEL GROUP INC","MKL","MARKEL GROUP INC","NYSE"
"MKLY","MCKINLEY ACQUISITION CO-CL A","MKLY","MCKINLEY ACQUISITION CORPORATION CLASS A","NASDAQ"
"MKLYU","MCKINLEY ACQUISITION CORP","MKLYU","MCKINLEY ACQUISITION CORPORATION UNT","NASDAQ"
"MKOR","MATTHEWS KOREA ACTIVE ETF","MKOR","MATTHEWS KOREA ACTIVE ETF","NYSE"
"MKSI","MKS INC","MKSI","MKS INC.","NASDAQ"
"MKTN","FED HRMS MDT MKT NEUTRAL ETF","MKTN","FEDERATED HERMES MDT MARKET NEUTRAL ETF","NYSE"
"MKTW","MARKETWISE INC","MKTW","MARKETWISE INC","NASDAQ"
"MKTX","MARKETAXESS HOLDINGS INC","MKTX","MARKETAXESS HOLDINGS","NASDAQ"
"MKZR","MACKENZIE REALTY CAPITAL INC","MKZR","MACKENZIE REALTY CAPITAL, INC.","NASDAQ"
"MLAA","MOUNTAIN LAKE ACQUISITI-CL A","MLAA","MOUNTAIN LAKE ACQUISITION CORP. II CLASS A","NASDAQ"
"MLAAU","MOUNTAIN LAKE ACQUISITION CO","MLAAU","MOUNTAIN LAKE ACQUISITION CORP. II UNT","NASDAQ"
"MLAB","MESA LABORATORIES INC","MLAB","MESA LABORATORIES","NASDAQ"
"MLAC","MOUNTAIN LAKE ACQUISITION-A","MLAC","MOUNTAIN LAKE ACQUISITION CORP. CLASS A","NASDAQ"
"MLACU","MOUNTAIN LAKE ACQUISITION CO","MLACU","MOUNTAIN LAKE ACQUISITION CORP. UNT","NASDAQ"
"MLCI","MOUNT LOGAN CAPITAL INC","MLCI","MOUNT LOGAN CAPITAL INC.","NASDAQ"
"MLCIL","MOUNT LOGAN CAPITAL INC","MLCIL","MOUNT LOGAN CAPITAL INC. 8.00% NT 2031","NASDAQ"
"MLCO","MELCO RESORTS & ENTERT-ADR","MLCO","MELCO RESORTS & ENTERTAINMENT LTD","NASDAQ"
"MLDR","GLOBAL X INTERMTE TTL ETF","MLDR","GLOBAL X INTERMEDIATE TERM TREASURY LADDER","NYSE"
"MLEC","MOOLEC SCIENCE SA","MLEC","MOOLEC SCIENCE SA","NASDAQ"
"MLGO","MICROALGO INC","MLGO","MICROALGO, INC.","NASDAQ"
"MLI","MUELLER INDUSTRIES INC","MLI","MUELLER INDUSTRIES","NYSE"
"MLKN","MILLERKNOLL INC","MLKN","MILLERKNOLL, INC. COMMON STOCK","NASDAQ"
"MLM","MARTIN MARIETTA MATERIALS","MLM","MARTIN MARIETTA","NYSE"
"MLN","VANECK LONG MUNI ETF","MLN","VANECK VECTORS AMT FREE LONG MUNI","BATS"
"MLP","MAUI LAND & PINEAPPLE CO","MLP","MAUI LAND & PINEAPPLE","NYSE"
"MLPA","GLOBAL X MLP ETF","MLPA","GLOBAL X MLP ETF","NYSE"
"MLPB","ETRACS ALERIAN INFRAST SER B","MLPB","ETRACS ALERIAN MLP INFRSTCTR SER B","NYSE"
"MLPD","GBL X MLP & ENRG INFR CC ETF","MLPD","GLOBAL X MLP & ENERGY INFRASTRUCTURE COVERED CALL","NYSE"
"MLPI","NEOS MLP ENRGY HGH INC ETF","MLPI","NEOS MLP & ENERGY INFRASTRUCTURE HIGH INCOME ETF","BATS"
"MLPR","ETRACS 150% ALERIAN MLP ETN","MLPR","ETRACS QUARTERLY PAY 1.5X LVRGD ALERIAN MLP ETN","NYSE"
"MLPX","GLOBAL X MLP & ENERGY INFRAS","MLPX","GLOBAL X MLP & ENERGY INFRASTR","NYSE"
"MLR","MILLER INDUSTRIES INC-TENN","MLR","MILLER INDUSTRIES","NYSE"
"MLSS","MILESTONE SCIENTIFIC INC","MLSS","MILESTONE SCIENTIFIC","NYSE_AMERICAN"
"MLTX","MOONLAKE IMMUNOTHERAPEUTICS","MLTX","MOONLAKE IMMUNOTHERAPEUTICL A","NASDAQ"
"MLYS","MINERALYS THERAPEUTICS INC","MLYS","MINERALYS THERAPEUTICS, INC.","NASDAQ"
"MMA","MIXED MARTIAL ARTS GROUP LTD","MMA","MIXED MARTIAL ARTS GROUP LTD","NYSE_AMERICAN"
"MMAX","ISHARES LARG CM BUFF MAR ETF","MMAX","ISHARES LARGE CAP MAX BUFFER MAR ETF","BATS"
"MMCA","NYLI MACKAY CA MUNI INTERM","MMCA","NYLI MACKAY CALIFORNIA MUNICIPAL INTERMEDIATE ETF","NYSE"
"MMD","NYLI MACKAY DT MUNI OPPO FND","MMD","NYLI MACKAY DEFINEDTERM MUNI OPP","NYSE"
"MMED","MINIMED GROUP INC","MMED","MINIMED GROUP, INC.","NASDAQ"
"MMI","MARCUS & MILLICHAP INC","MMI","MARCUS & MILLICHAP INC","NYSE"
"MMID","MFS ACTIVE MID CAP ETF","MMID","MFS ACTIVE MID CAP ETF","NYSE"
"MMIN","NYLI MACKAY MUNI INSURED ETF","MMIN","NYLI MACKAY MUNI INSURED ETF","NYSE"
"MMIT","NYLI MACKAY MUNI INTRM ETF","MMIT","NYLI MACKAY MUNI INTERMEDIATE ETF","NYSE"
"MMKT","TEXAS CAP GOVT MNY MRKT ETF","MMKT","TEXAS CAPITAL GOVERNMENT MONEY MARKET ETF","NYSE"
"MMLG","FIRST TRUST MULTI-MAN LG ETF","MMLG","FIRST TR MULTI-MANAGER LARGE GROWTH ETF","NYSE"
"MMLP","MARTIN MIDSTREAM PARTNERS LP","MMLP","MARTIN MIDSTREAM PARTNERS","NASDAQ"
"MMM","3M CO","MMM","3M","NYSE"
"MMS","MAXIMUS INC.","MMS","MAXIMUS","NYSE"
"MMSC","FIRST TRUST MULTI-MANAGER SM","MMSC","FIRST TR MULTI-MANAGER SMALL CAP OPPORTUNITIES ETF","NYSE"
"MMSI","MERIT MEDICAL SYSTEMS INC","MMSI","MERIT MEDICAL SYSTEMS","NASDAQ"
"MMT","MFS MULTIMARKET INC TRUST","MMT","MFS MULTI-MARKET INCOME COMMON","NYSE"
"MMTM","SS SPDR S&P 1500 MOM TILT","MMTM","STATE ET SPDR S&P 1500 MOMENTUM TILT","NYSE"
"MMTX","MILUNA ACQUISITION CL A","MMTX","MILUNA ACQUISITION CORP CLASS A","NASDAQ"
"MMTXU","MILUNA ACQUISITION CORP","MMTXU","MILUNA ACQUISITION CORP UNT","NASDAQ"
"MMU","WESTERN ASSET MANAGED MUNICI","MMU","WESTERN ASSET MANAGED MUNI COM","NYSE"
"MMYT","MAKEMYTRIP LTD","MMYT","MAKEMYTRIP","NASDAQ"
"MNA","NYLI MERGER ARBITRAG ETF-USD","MNA","NYLI MERGER ARBITRAGE ETF","NYSE"
"MNDO","MIND CTI LTD","MNDO","MIND C.T.I.","NASDAQ"
"MNDR","MOBILE-HEALTH NETWORK SOLUTI","MNDR","MOBILE-HEALTH NETWORK SOLUTIONS CLASS A","NASDAQ"
"MNDY","MONDAY.COM LTD","MNDY","MONDAY.COM LTD. ORDINARY SHARES","NASDAQ"
"MNKD","MANNKIND CORP","MNKD","MANNKIND","NASDAQ"
"MNOV","MEDICINOVA INC","MNOV","MEDICINOVA","NASDAQ"
"MNPR","MONOPAR THERAPEUTICS INC","MNPR","MONOPAR THERAPEUTICS INC. COMMON STOCK","NASDAQ"
"MNR","MACH NATURAL RESOURCES LP","MNR","MACH NATURAL RESOURCES INC","NYSE"
"MNRO","MONRO INC","MNRO","MONRO INC","NASDAQ"
"MNRS","GRAYSCALE BITCOIN MINERS ETF","MNRS","GRAYSCALE BITCOIN MINERS ETF","NYSE"
"MNSB","MAINSTREET BANCSHARES INC","MNSB","MAINSTREET BANCSHARES, INC.","NASDAQ"
"MNSBP","MAINSTREET BANCSHARES INC","MNSBP","MAINSTREET BANCSHARES DS REP PFD","NASDAQ"
"MNSO","MINISO GROUP HOLDING LTD-ADR","MNSO","MINISO GROUP HOLDING LTD","NYSE"
"MNST","MONSTER BEVERAGE CORP","MNST","MONSTER BEVERAGE","NASDAQ"
"MNTK","MONTAUK RENEWABLES INC","MNTK","MONTAUK RENEWABLES, INC. COMMON STOCK","NASDAQ"
"MNTN","MNTN INC-A","MNTN","MNTN INC","NYSE"
"MNTS","MOMENTUS INC","MNTS","MOMENTUS INC","NASDAQ"
"MNVT","MOONVEST ETF","MNVT","MOONVEST ETF","NASDAQ"
"MNY","MONEYHERO LTD-A","MNY","MONEYHERO LIMITED CLASS A","NASDAQ"
"MNZL","MANZIL RUSELL HA USA B M ETF","MNZL","MANZIL RUSSELL HALAL USA BROAD MARKET ETF","NASDAQ"
"MO","ALTRIA GROUP INC","MO","ALTRIA","NYSE"
"MOAT","VANECK MORNINGSTAR WIDE MOAT","MOAT","VANECK VECTORS MORNINGSTAR WID","BATS"
"MOB","MOBILICOM LTD-AUSTRALIA","MOB","MOBILICOM LIMITED","NASDAQ"
"MOBX","MOBIX LABS INC","MOBX","MOBIX LABS, INC. CLASS A","NASDAQ"
"MOD","MODINE MANUFACTURING CO","MOD","MODINE MANUFACTURING","NYSE"
"MODD","MODULAR MEDICAL INC","MODD","MODULAR MEDICAL, INC. COMMON STOCK","NASDAQ"
"MODL","VICTORYSHARES WESTEND US SEC","MODL","VICTORYSHARES WESTEND U.S. SECTOR ETF","NASDAQ"
"MOGU","MOGU INC-ADR","MOGU","MOGU INC.","NYSE"
"MOH","MOLINA HEALTHCARE INC","MOH","MOLINA HEALTHCARE","NYSE"
"MOLN","MOLECULAR PARTNERS AG -ADR","MOLN","MOLECULAR PARTNERS AG ADS","NASDAQ"
"MOMO","HELLO GROUP INC -SPN ADR","MOMO","HELLO GROUP INC ADS","NASDAQ"
"MOO","VANECK AGRIBUSINESS ETF","MOO","VANECK AGRIBUSINESS ETF","NYSE"
"MOOD","RELATIVE SENTIMENT TACT ALLO","MOOD","RELATIVE SENTIMENT TACTICAL ALLOCATION ETF","NASDAQ"
"MORN","MORNINGSTAR INC","MORN","MORNINGSTAR","NASDAQ"
"MORT","VANECK MORTGAGE REIT INCOME","MORT","VANECK MORTGAGE REIT INCOME ETF","NYSE"
"MOS","MOSAIC CO-THE","MOS","MOSAIC","NYSE"
"MOTG","VANECK MSTAR GL WIDE MOAT","MOTG","VANECK MORNINGSTAR GLOBAL WIDE MOAT ETF","BATS"
"MOTI","VANECK MSTAR INT MOAT ETF","MOTI","VANECK VECTORS MSTAR INTL MOAT ETF","BATS"
"MOTO","GUINN ATK SMRT TRNS & TECH-U","MOTO","GUINNESS ATKINSON SMART TRANSPORTATION & TECH","NYSE"
"MOV","MOVADO GROUP INC","MOV","MOVADO GROUP","NYSE"
"MOVE","CORVEX INC","MOVE","CORVEX, INC.","NASDAQ"
"MP","MP MATERIALS CORP","MP","MP MATERIALS CORP","NYSE"
"MPA","BLACKROCK MUNIYIELD PA QLTYV","MPA","BLACKROCK MUNIYIELD PA QLTY","NYSE"
"MPAA","MOTORCAR PARTS OF AMERICA IN","MPAA","MOTORCAR PARTS OF AMERICA","NASDAQ"
"MPB","MID PENN BANCORP INC","MPB","MID PENN BANCORP","NASDAQ"
"MPC","MARATHON PETROLEUM CORP","MPC","MARATHON PETROLEUM","NYSE"
"MPG","LEVERAGE SHARES 2X MP","MPG","LEVERAGE SHARES 2X LONG MP DAILY ETF","NASDAQ"
"MPL","DEF DAILY TARGET 2XL MP ETF","MPL","DEFIANCE DAILY TARGET 2XLONG MP ETF","NYSE"
"MPLT","MAPLIGHT THERAPEUTICS INC","MPLT","MAPLIGHT THERAPEUTICS, INC.","NASDAQ"
"MPLX","MPLX LP","MPLX","MPLX LP","NYSE"
"MPLY","MONOPOLY ETF","MPLY","STRATEGY SHARES MONOPOLY ETF","BATS"
"MPRO","MONARCH PROCAP INDEX ETF","MPRO","MONARCH PROCAP ETF","BATS"
"MPT","MEDICAL PROPERTIES TRUST INC","MPT","MEDICAL PROPERTIES TRUST","NYSE"
"MPTI","M-TRON INDUSTRIES INC","MPTI","M-TRON INDUSTRIES INC","NYSE_AMERICAN"
"MPU","MEGA MATRIX INC","MPU","MEGA MATRIX INC","NYSE_AMERICAN"
"MPV","BARINGS PARTICIPATION INVEST","MPV","BARINGS CAPITAL PARTICIPATION INVSTRS","NYSE"
"MPWR","MONOLITHIC POWER SYSTEMS INC","MPWR","MONOLITHIC POWER SYSTEMS","NASDAQ"
"MPX","MARINE PRODUCTS CORP","MPX","MARINE PRODUCTS","NYSE"
"MQ","MARQETA INC-A","MQ","MARQETA, INC. CLASS A COMMON STOCK","NASDAQ"
"MQY","BLACKROCK MUNIYIELD QUALITY","MQY","BLACKROCK MUNIYIELD QUALITY CO","NYSE"
"MRAL","GRANITE 2X LONG MARA ETF","MRAL","GRANITESHARES 2X LONG MARA DAILY ETF","NASDAQ"
"MRAM","EVERSPIN TECHNOLOGIES INC","MRAM","EVERSPIN TECHNOLOGIES, INC.","NASDAQ"
"MRBK","MERIDIAN CORP","MRBK","MERIDIAN BANK COMMON STOCK","NASDAQ"
"MRCP","PGIM S&P 500 BUFFER 12 ETF -","MRCP","PGIM US LARGE-CAP BUFFER 12 ETF JAN MAR","BATS"
"MRCY","MERCURY SYSTEMS INC","MRCY","MERCURY SYSTEMS","NASDAQ"
"MRDN","MERIDIAN HOLDINGS INC","MRDN","MERIDIAN HOLDINGS INC.","NASDAQ"
"MREO","MEREO BIOPHARMA GROUP PL-ADR","MREO","MEREO BIOPHARMA GROUP PLC ADS","NASDAQ"
"MRGR","PROSHARES MERGER ETF","MRGR","PROSHARES MERGER ETF","BATS"
"MRK","MERCK & CO INC","MRK","MERCK","NYSE"
"MRKR","MARKER THERAPEUTICS INC","MRKR","MARKER THERAPEUTICS INC","NASDAQ"
"MRLN","MERLIN INC","MRLN","MERLIN, INC.","NASDAQ"
"MRM","MEDIROM HEALTHCARE TECHNOLOG","MRM","MEDIROM HEALTHCARE TECHNOLOGIES INC. ADS","NASDAQ"
"MRNA","MODERNA INC","MRNA","MODERNA, INC. COMMON STOCK","NASDAQ"
"MRNO","MURANO GLOBAL INVESTMENTS PL","MRNO","MURANO GLOBAL INVESTMENTS PLC","NASDAQ"
"MRNX","DEFIANCE DT 2X LG MRNA ETF","MRNX","DEFIANCE DAILY TARGET 2X LONG MRNA","NYSE"
"MRNY","YLDMX MRNA OPT INC STRTG ETF","MRNY","YIELDMAX MRNA OPTION INCOME STRATEGY ETF","NYSE"
"MRP","MILLROSE PROPERTIES","MRP","MILLROSE PROPERTIES INC","NYSE"
"MRSH","MARSH & MCLENNAN COS","MRSH","MARSH","NYSE"
"MRSK","TOEWS AGILITY SHARES MANAGED","MRSK","TOEWS AGILITY SHARES MANAGED RISK ETF","NYSE"
"MRT","MARTI TECHNOLOGIES INC","MRT","MARTI TECHNOLOGIES INC","NYSE_AMERICAN"
"MRTN","MARTEN TRANSPORT LTD","MRTN","MARTEN TRANSPORT","NASDAQ"
"MRVI","MARAVAI LIFESCIENCES HLDGS-A","MRVI","MARAVAI LIFESCIENCES HOLDINGS, INC.","NASDAQ"
"MRVL","MARVELL TECHNOLOGY INC","MRVL","MARVELL TECHNOLOGY","NASDAQ"
"MRVU","DIREXIN DLY MRVL BULL 2X ETF","MRVU","DIREXION DAILY MRVL BULL 2X ETF","NASDAQ"
"MRX","MAREX GROUP PLC","MRX","MAREX GROUP PLC","NASDAQ"
"MS","MORGAN STANLEY","MS","MORGAN STANLEY","NYSE"
"MSA","MSA SAFETY INC","MSA","MSA SAFETY INC","NYSE"
"MSAI","MULTISENSOR AI HOLDINGS INC","MSAI","INFRARED CAMERAS HOLDINGS, INC.","NASDAQ"
"MSB","MESABI TRUST","MSB","MESABI TRUST","NYSE"
"MSBI","MIDLAND STATES BANCORP INC","MSBI","MIDLAND STATES BANCORP, INC.","NASDAQ"
"MSBIP","MIDL.STS BANC.INC ILL DEP.SHS REPST","MSBIP","MIDLAND STATES BAN (1/40 7.750% PF SERIES A)","NASDAQ"
"MSBT","MORGAN STANLEY BITCOIN TRUST","MSBT","MORGAN STANLEY BITCOIN TRUST","NYSE"
"MSC","STUDIO CITY INTERNATIONA-ADR","MSC","STUDIO CITY INTERNATIONAL HOLDINGS LTD","NYSE"
"MSCI","MSCI INC","MSCI","MSCI","NYSE"
"MSD","MORGAN STANLEY EMRG MKT DEBT","MSD","MS EMERGING MARKETS DEBT COMMO","NYSE"
"MSDD","GRANITE 2X SHORT MSTR ETF","MSDD","GRANITESHARES 2X SHORT MSTR DAILY ETF","NASDAQ"
"MSDL","MORGAN STANLEY DIRECT LENDIN","MSDL","MORGAN STANLEY DIRECT LENDING FUND","NYSE"
"MSEX","MIDDLESEX WATER CO","MSEX","MIDDLESEX WATER","NASDAQ"
"MSFD","DIRXN DLY MSFT BEAR 1X E-USI","MSFD","DIREXION DAILY MSFT BEAR 1X ETF","NASDAQ"
"MSFL","GRANITESHARES 2X LONG MSFT","MSFL","GRANITESHARES 2X LONG MSFT DAILY ETF","NASDAQ"
"MSFO","YIELDMAX MSFT OPTION IS ETF","MSFO","YIELDMAX MSFT OPTION INCOME STRATEGY ETF","NYSE"
"MSFT","MICROSOFT CORP","MSFT","MICROSOFT","NASDAQ"
"MSFU","DIREXION DAILY MSFT BULL 2X","MSFU","DIREXION DAILY MSFT BULL 2X ETF","NASDAQ"
"MSFW","ROUNDHILL MSFT WEEKLYPAY ETF","MSFW","ROUNDHILL ETF TRUST ROUNDHILL MSFT WEEKLYPAY ETF","BATS"
"MSFX","T-REX 2X LNG MICROSOFT DLY","MSFX","OPPTY TRUST T-REX 2X LONG MICROSOFT DAILY TARGET","BATS"
"MSFY","KURV YLD PREM STR MSFT ETF","MSFY","KURV YIELD PREMIUM STRATEGY MICROSOFT ETF","BATS"
"MSGE","MADISON SQUARE GARDEN ENTERT","MSGE","MADISON SQUARE GARDEN ENTERTAINMENT CORP. CLASS A","NYSE"
"MSGM","MOTORSPORT GAMES INC-A","MSGM","MOTORSPORT GAMES INC. CLASS A","NASDAQ"
"MSGS","MADISON SQUARE GARDEN SPORTS","MSGS","MADISON SQUARE GARDEN SPORTS CORP","NYSE"
"MSGY","MASONGLORY LTD","MSGY","MASONGLORY LIMITED","NASDAQ"
"MSI","MOTOROLA SOLUTIONS INC","MSI","MOTOROLA SOLUTIONS","NYSE"
"MSIF","MSC INCOME FUND INC","MSIF","MSC INCOME FUND, INC.","NYSE"
"MSII","REX MSTR GROWTH & INCOME ETF","MSII","REX MSTR GROWTH & INCOME ETF","BATS"
"MSLC","MS LARGE CAP EQUITY ETF","MSLC","MORGAN STANLEY PATHWAY LARGE CAP EQUITY ETF","NYSE"
"MSLE","SATELLOS BIOSCIENCE INC","MSLE","SATELLOS BIOSCIENCE INC.","NASDAQ"
"MSM","MSC INDUSTRIAL DIRECT CO-A","MSM","MSC INDUSTRIAL DIRECT CO","NYSE"
"MSMR","M-S MANAGED RISK ETF","MSMR","MCELHENNY SHEFFIELD MANAGED RISK ETF","BATS"
"MSN","EMERSON RADIO CORP","MSN","EMERSON RADIO","NYSE_AMERICAN"
"MSOO","LVRG SHR 2X ACLR MSTR M ETF","MSOO","LEVERAGE SHARES 2x CAPPED ACCELERATED MSTR","BATS"
"MSOS","ADVISORSHARES PURE US CANN","MSOS","ADVISORSHARES PURE US CANNABIS ETF","NYSE"
"MSOX","ADVISORSHARE MSOS DLY LVR-US","MSOX","ADVISORSHARES MSOS 2X DAILY ETF","NYSE"
"MSS","MAISON SOLUTIONS INC-A","MSS","MAISON SOLUTIONS INC. CLASS A","NASDAQ"
"MSSM","MS SMALL-MID CAP EQUITY ETF","MSSM","MORGAN STANLEY PATHWAY SMALL-MID CAP EQUITY ETF","NYSE"
"MSSS","MONARCH SELECT SUBSEC IN ETF","MSSS","MONARCH SELECT SUBSECTOR INDEX ETF","BATS"
"MST","DEFIANCE LEV L+ INC MSTR ETF","MST","DEFIANCE LEVERAGED LONG INCOME MSTR ETF","NASDAQ"
"MSTB","LHA MARKET STATE TACTICAL","MSTB","LHA MARKET STATE TACTICAL BETA ETF","BATS"
"MSTK","TUTTLE CAP MSTR 0DTE CC ETF","MSTK","OPPTY TUTTLE CAPITAL MSTR 0DTE COVERED CALL","BATS"
"MSTP","GRANITE 2X LONG MSTR ETF","MSTP","GRANITESHARES 2X LONG MSTR DAILY ETF","NASDAQ"
"MSTQ","LHA MARKET STATE TACTICAL Q","MSTQ","LHA MARKET STATE TACTICALl Q ETF","BATS"
"MSTR","STRATEGY INC","MSTR","STRATEGY INC CLASS A","NASDAQ"
"MSTU","T-REX 2X LONG MSTR DT ETF","MSTU","OPPTY TRUST T-REX 2X LONG MSTR DAILY TARGET","BATS"
"MSTW","ROUNDHILL MSTR WEEKLYPAY ETF","MSTW","ROUNDHILL ETF TRUST ROUNDHILL MSTR WEEKLYPAY ETF","BATS"
"MSTX","DEFIANCE DLY TRG 2X LNG MSTR","MSTX","TIDAL TRUST II DEFIANCE DAILY TARGET 2X LONG MSTR","NASDAQ"
"MSTY","YIELDMAX MSTR OPTION IS ETF","MSTY","YIELDMAX MSTR OPTION INCOME STRATEGY ETF","NYSE"
"MSTZ","T-REX 2X INVERSE MSTR DT ETF","MSTZ","ETF OPPTY TRUST T-REX -2X MSTR DAILY TARGET ETF","BATS"
"MSW","MING SHING GROUP HOLDINGS LT","MSW","MING SHING GROUP HOLDINGS LIMITED","NASDAQ"
"MT","ARCELORMITTAL-NY REGISTERED","MT","ARCELORMITTAL","NYSE"
"MTA","METALLA ROYALTY & STREAMING","MTA","METALLA ROYALTY & STREAMING LTD","NYSE_AMERICAN"
"MTB","M & T BANK CORP","MTB","M&T BANK","NYSE"
"MTBA","SIMPLIFY MBS ETF","MTBA","SIMPLIFY MBS ETF","NYSE"
"MTC","MMTEC INC","MTC","MMTEC INC","NASDAQ"
"MTCH","MATCH GROUP INC","MTCH","MATCH GROUP","NASDAQ"
"MTD","METTLER-TOLEDO INTERNATIONAL","MTD","METTLER-TOLEDO INTL","NYSE"
"MTDR","MATADOR RESOURCES CO","MTDR","MATADOR RESOURCES","NYSE"
"MTEK","MARIS - TECH LTD","MTEK","15607","NASDAQ"
"MTEN","MINGTENG INT CORP-A","MTEN","MINGTENG INTERNATIONAL CORPORATION INC. CLASS A","NASDAQ"
"MTEX","MANNATECH INC","MTEX","MANNATECH","NASDAQ"
"MTG","MGIC INVESTMENT CORP","MTG","MGIC INVESTMENT","NYSE"
"MTGP","WISDOMTREE MTGE PLUS BOND","MTGP","WISDOMTREE MORTGAGE PLUS BOND FUND","NYSE"
"MTH","MERITAGE HOMES CORP","MTH","MERITAGE HOMES","NYSE"
"MTLS","MATERIALISE NV-ADR","MTLS","MATERIALISE NV AMERICAN DEPOSI","NASDAQ"
"MTN","VAIL RESORTS INC","MTN","VAIL RESORTS","NYSE"
"MTNB","MATINAS BIOPHARMA HOLDINGS I","MTNB","MARTINAS BIOPHARMA HOLDINGS INC","NYSE_AMERICAN"
"MTR","MESA ROYALTY TRUST","MTR","MESA ROYALTY TRUST","NYSE"
"MTRA","INVESCO INTERNATIONAL GF ETF","MTRA","INVESCO INTERNATIONAL GROWTH FOCUS ETF","BATS"
"MTRN","MATERION CORP","MTRN","MATERION","NYSE"
"MTRX","MATRIX SERVICE CO","MTRX","MATRIX SERVICE","NASDAQ"
"MTSI","MACOM TECHNOLOGY SOLUTIONS H","MTSI","MACOM TECHNOLOGY SOLUTION","NASDAQ"
"MTUM","ISHARES MSCI USA MOMENTUM FA","MTUM","ISHARES MSCI USA MOMENTUM FACTOR ETF","BATS"
"MTUS","METALLUS INC","MTUS","METALLUS INC","NYSE"
"MTVA","METAVIA INC","MTVA","METAVIA INC.","NASDAQ"
"MTW","MANITOWOC COMPANY INC","MTW","MANITOWOC","NYSE"
"MTX","MINERALS TECHNOLOGIES INC","MTX","MINERALS TECHNOLOGIES","NYSE"
"MTYY","GRANITE YIELDBOOST MSTR ETF","MTYY","GRANITESHARES YIELDBOOST MSTR ETF","NASDAQ"
"MTZ","MASTEC INC","MTZ","MASTEC","NYSE"
"MU","MICRON TECHNOLOGY INC","MU","MICRON TECHNOLOGY","NASDAQ"
"MUA","BLACKROCK MUNIASSETS FUND","MUA","BLACKROCK MUNIASSETS FUND COMM","NYSE"
"MUB","ISHARES NATIONAL MUNI BOND E","MUB","ISHARES S&P NATIONAL MUNI BOND","NYSE"
"MUC","BLACKROCK MUNIHOLD CA QLTY","MUC","BLACKROCK MUNIHLDS CALI QLTY","NYSE"
"MUD","DIREXION DAILY MU BEAR 1X ET","MUD","DIREXION DAILY MU BEAR 1X ETF","NASDAQ"
"MUFG","MITSUBISHI UFJ FINL-SPON ADR","MUFG","MITSUBISHI UFJ FINANCIAL GROUP INC","NYSE"
"MUJ","BLACKROCK MUNIHOLD NJ QLTY","MUJ","BLACKROCK MUNIHLDS NJ QLTY FD","NYSE"
"MULL","GRANITESHARES 2X LONG MU ETF","MULL","GRANITESHARES 2X LONG MU DAILY ETF","NASDAQ"
"MULT","FRANKLIN MULTISECTO INCO ETF","MULT","FRANKLIN MULTISECTOR INCOME ETF","NASDAQ"
"MUNI","PIMCO INTERMEDIATE MUNICIPAL","MUNI","PIMCO INTERMEDIATE MUNICIPAL B","NYSE"
"MUNY","VANGUARD NY TAX-EX BOND","MUNY","VANGUARD NEW YORK TAX-EXEMPT BOND","BATS"
"MUR","MURPHY OIL CORP","MUR","MURPHY OIL","NYSE"
"MUSA","MURPHY USA INC","MUSA","MURPHY USA INC","NYSE"
"MUSE","TCW MULTIS CREDIT INCOME ETF","MUSE","TCW MULTISECTOR CREDIT INCOME ETF","NYSE"
"MUSI","AMERICAN CENT MUTLISEC INCOM","MUSI","AMERICAN CENTURY MULTISECTOR INCOME ETF","NYSE"
"MUSQ","MUSQ GLOBAL MUSIC INDUSTRY I","MUSQ","MUSQ GLOBAL MUSIC INDUSTRY INDEX ETF","NYSE"
"MUST","COLUMBIA MULTI-SECT MUNI INC","MUST","COLUMBIA MULTI-SECTOR MUNI INCOME ETF","NYSE"
"MUU","DIREXION DAILY MU BULL 2X ET","MUU","DIREXION DAILY MU BULL 2X ETF","NASDAQ"
"MUX","MCEWEN INC","MUX","MCEWEN INC","NYSE"
"MUZE","MUZERO ACQUISITION CORP-CL A","MUZE","MUZERO ACQUISITION CORP CLASS A","NASDAQ"
"MUZEU","MUZERO ACQUISITION CORP","MUZEU","MUZERO ACQUISITION CORP UNT","NASDAQ"
"MVAL","VANECK MRNGST WD MT VLU ETF","MVAL","VANECK MORNINGSTAR WIDE MOAT VALUE ETF","BATS"
"MVBF","MVB FINANCIAL CORP","MVBF","MVB FINANCIAL CORP. COMMON STOCK","NASDAQ"
"MVFD","MONARCH VOL FACT DVD TI ETF","MVFD","MONARCH VOLUME FACTOR DIVIDEND TREE ETF","BATS"
"MVFG","MONARCH VF GLB UNCON ETF","MVFG","MONARCH VOLUME FACTOR GLOBAL UNCONSTRAINED ETF","BATS"
"MVIS","MICROVISION INC","MVIS","MICROVISION","NASDAQ"
"MVLL","GRANITE 2X LONG MRVL ETF","MVLL","GRANITESHARES 2X LONG MRVL DAILY ETF","NASDAQ"
"MVPA","MILLER VALUE PARTNERS APP","MVPA","MILLER VALUE PARTNERS APPRECIATION ETF","NYSE"
"MVPL","MILLER VALUE PATNR LEVG ETF","MVPL","MILLER VALUE PARTNERS LEVERAGE ETF","NYSE"
"MVRL","ETRACS 150% MORTGAG REIT ETN","MVRL","ETRACS MONTHLY PAY 1.5X LVRGD MORTGAGE REIT ETN","NYSE"
"MVST","MICROVAST HOLDINGS INC","MVST","MICROVAST HOLDINGS INC","NASDAQ"
"MVV","PROSHARES ULTRA MIDCAP400","MVV","PROSHARES ULTRA MIDCAP400","NYSE"
"MWA","MUELLER WATER PRODUCTS INC-A","MWA","MUELLER WATER PRODUCTS","NYSE"
"MWG","MULTI WAYS HOLDINGS LTD-CL A","MWG","MULTI WAYS HOLDINGS LTD","NYSE_AMERICAN"
"MWH","SOLV ENERGY INC-CL A","MWH","SOLV ENERGY, INC. CLASS A","NASDAQ"
"MWYN","MARWYNN HOLDINGS INC","MWYN","MARWYNN HOLDINGS, INC.","NASDAQ"
"MX","MAGNACHIP SEMICONDUCTOR CORP","MX","MAGNACHIP SEMICONDUCTOR","NYSE"
"MXC","MEXCO ENERGY CORP","MXC","MEXCO ENERGY","NYSE_AMERICAN"
"MXCT","MAXCYTE INC","MXCT","MAXCYTE, INC. COMMON STOCK","NASDAQ"
"MXE","MEXICO EQUITY AND INCOME FD","MXE","MEXICO EQUITY & INCOME COMMON","NYSE"
"MXF","MEXICO FUND INC","MXF","MEXICO FUND COMMON","NYSE"
"MXI","ISHARES GLOBAL MATERIALS ETF","MXI","ISHARES S&P GLOBAL MATERIALS","NYSE"
"MXL","MAXLINEAR INC","MXL","MAXLINEAR, INC. COMMON STOCK","NASDAQ"
"MYCF","STATE STREET MY2026 CORPORAT","MYCF","STATE STREET MY2026 CRP BND ETF","NASDAQ"
"MYCH","STATE STREET MY2028 CORPORAT","MYCH","STATE STREET MY2028 CRP BND ETF","NASDAQ"
"MYCI","STATE STREET MY2029 CORPORAT","MYCI","STATE STREET MY2029 CRP BND ETF","NASDAQ"
"MYCJ","STATE STREET MY2030 CORPORAT","MYCJ","STATE STREET MY2030 CRP BND ETF","NASDAQ"
"MYCK","STATE STREET MY2031 CORPORAT","MYCK","STATE STREET MY2031 CRP BND ETF","NASDAQ"
"MYE","MYERS INDUSTRIES INC","MYE","MYERS INDUSTRIES","NYSE"
"MYFW","FIRST WESTERN FINANCIAL INC","MYFW","FIRST WESTERN FINANCIAL, INC.","NASDAQ"
"MYGN","MYRIAD GENETICS INC","MYGN","MYRIAD GENETICS","NASDAQ"
"MYI","BLACKROCK MUNIYIELD QLTY III","MYI","BLACKROCK MUNIYLD QLTY FD III","NYSE"
"MYLD","CAMBRIA MICRO&SMCAP YIELD","MYLD","CAMBRIA MICRO AND SMAAP SHAREHOLDER YIELD","BATS"
"MYMG","STATE STREET MY2027 MUNICIPA","MYMG","STATE STREET MY2027 MUNI BND ETF","NASDAQ"
"MYMH","STATE STREET MY2028 MUNICIPA","MYMH","STATE STREET MY2028 MUNI BND ETF","NASDAQ"
"MYN","BLACKROCK MUNIYIELD NY QLTY","MYN","BLACKROCK MUNIYLD NY QLTY FUND","NYSE"
"MYND","MYND.AI INC","MYND","MYND. AI INC","NYSE_AMERICAN"
"MYO","MYOMO INC","MYO","MYOMO INC","NYSE_AMERICAN"
"MYPS","PLAYSTUDIOS INC","MYPS","PLAYSTUDIOS, INC. CLASS A COMMON STOCK","NASDAQ"
"MYRG","MYR GROUP INC-DELAWARE","MYRG","MYR GROUP INC.","NASDAQ"
"MYSE","MYSEUM INC","MYSE","MYSEUM.AI, INC.","NASDAQ"
"MYSZ","MY SIZE INC","MYSZ","MY SIZE, INC. COMMON STOCK","NASDAQ"
"MYY","PROSHARES SHORT MIDCAP 400","MYY","PROSHARES SHORT MIDCAP400","NYSE"
"MZTI","MARZETTI COMPANY-THE","MZTI","THE MARZETTI COMPANY","NASDAQ"
"NA","NANO LABS LTD-CL A","NA","NANO LABS LTD ADS","NASDAQ"
"NAAS","NAAS TECHNOLOGY INC-ADR","NAAS","NAAS TECHNOLOGY INC. ADS","NASDAQ"
"NABL","N-ABLE INC","NABL","N-ABLE INC","NYSE"
"NAC","NUVEEN CA QLTY MUNI INC","NAC","NUVEEN CA QUALITY MUNI INCOME FD","NYSE"
"NACP","IMPACT SHARES NAACP MINORITY","NACP","IMPACT SHARES NAACP MINORITY EMPOWERMENT","NYSE"
"NAD","NUVEEN QUALITY MUNICIPAL INC","NAD","NUVEEN DIVIDEND ADVANTAGE MUNI FD","NYSE"
"NAGE","NIAGEN BIOSCIENCE INC","NAGE","NIAGEN BIOSCIENCE, INC.","NASDAQ"
"NAII","NATURAL ALTERNATIVES INTL","NAII","NATURAL ALTERNATIVES","NASDAQ"
"NAIL","DIRE DAIL HB & SB 3X ETF-USD","NAIL","MARKET VECTORS HOMEBUILDR & SPS BULL 3X","NYSE"
"NAK","NORTHERN DYNASTY MINERALS","NAK","NORTHERN DYNASTY MINERALS","NYSE_AMERICAN"
"NAKA","NAKAMOTO INC","NAKA","NAKAMOTO INC.","NASDAQ"
"NAMI","JINXIN TECHNOLOGY HOLDIN-ADR","NAMI","JINXIN TECHNOLOGY HC ADS","NASDAQ"
"NAMM","NAMIB MINERALS","NAMM","NAMIB MINERALS","NASDAQ"
"NAMS","NEWAMSTERDAM PHARMA CO NV","NAMS","NEWAMSTERDAM PHARMA COMPANY N.V.","NASDAQ"
"NAN","NUVEEN NY QLTY MUNI INC","NAN","NUVEEN NY QUALITY MUNICIPAL INCOME FD","NYSE"
"NANC","UNUSUAL SUBVERSIVE DT ETF","NANC","UNUSUAL WHALES SUBVERSIVE DEMOCRATIC","BATS"
"NANR","STA STR SP S&P NOR AN RES-UI","NANR","STATE ST SPDR S&P NORTH AM NATURAL RESOURCES","NYSE"
"NAPR","INNOVATOR GROWTH 100 POWER B","NAPR","INNOVATOR GROWTH-100 POWER BUFFER ETF APR","BATS"
"NASA","TEMA SPACE INNOVATORS ETF","NASA","TEMA SPACE INNOVATORS ETF","NYSE"
"NAT","NORDIC AMERICAN TANKERS LTD","NAT","NORDIC AMERICAN TANKERS","NYSE"
"NATH","NATHAN'S FAMOUS INC","NATH","NATHANS FAMOUS","NASDAQ"
"NATL","NCR ATLEOS CORP","NATL","NCR ATLEOS CORP","NYSE"
"NATO","THEMES TRANSATLANTIC DEFENSE","NATO","THEMES TRANSATLANTIC DEFENSE ETF","NASDAQ"
"NATR","NATURES SUNSHINE PRODS INC","NATR","NATURES SUNSHINE PRODUCTS","NASDAQ"
"NAUG","INNOV G-100 POWR BF ETF -AUG","NAUG","INNOVATOR GROWTH-100 POWER BUFFER ETF AUG","BATS"
"NAUT","NAUTILUS BIOTECHNOLOGY INC","NAUT","NAUTILUS BIOTECHNOLOGY INC","NASDAQ"
"NAVI","NAVIENT CORP","NAVI","NAVIENT CORPORATION COMMON STO","NASDAQ"
"NAVN","NAVAN INC-CL A","NAVN","NAVAN, INC. CLASS A","NASDAQ"
"NAZ","NUVEEN AZ QLTY MUNI INC","NAZ","NUVEEN AZ QUALITY INCOME MUNI","NYSE"
"NB","NIOCORP DEVELOPMENTS LTD","NB","NIOCORP DEVELOPMENTS LTD.","NASDAQ"
"NBB","NUVEEN TAXABLE MUNICIPAL INC","NBB","NUVEEN BUILD AMERICA BOND COMM","NYSE"
"NBBK","NB BANCORP INC","NBBK","NB BANCORP, INC.","NASDAQ"
"NBCE","NEUBERGER CHINA EQUITY ETF","NBCE","NEUBERGER CHINA EQUITY ETF","NYSE"
"NBCM","NEUBERGER COMMODITY STRATEGY","NBCM","NEUBERGER COMMODITY STRATEGY ETF","NYSE"
"NBCR","NEUBERGER CORE EQUITY ETF","NBCR","NEUBERGER CORE EQUITY ETF","NYSE"
"NBET","NEUBERGER ENERGY TRANSITION &","NBET","NEUBERGER ENERGY TRANSITION & INFRASTRUCTURE ETF","NYSE"
"NBGX","NEUBERGER GROWTH ETF","NBGX","NEUBERGER GROWTH ETF","NYSE"
"NBH","NEUBERGER MUNICIPAL FUND INC","NBH","NEUBERGER MUNICIPAL FUND INC","NYSE_AMERICAN"
"NBHC","NATIONAL BANK HOLD-CL A","NBHC","NATIONAL BANK HOLDINGS","NYSE"
"NBIE","NEUBGR INTL CRE EQ ETF","NBIE","NEUBERGER INTERNATIONAL CORE EQUITY ETF","NYSE"
"NBIG","LEVERAGE SHARES 2X NBIS","NBIG","LEVERAGE SHARES 2X LONG NBIS DAILY ETF","NASDAQ"
"NBIL","GRANITE 2X LONG NBIL ETF","NBIL","GRANITESHARES 2X LONG NBIS DAILY ETF","NASDAQ"
"NBIS","NEBIUS GROUP NV","NBIS","NEBIUS GROUP N.V. CLASS A","NASDAQ"
"NBIX","NEUROCRINE BIOSCIENCES INC","NBIX","NEUROCRINE BIOSCIENCES","NASDAQ"
"NBIZ","TRADR 2X SHRT NBIS DAILY ETF","NBIZ","TRADR 2X SHORT NBIS DAILY ETF","BATS"
"NBJP","NEUBERGER JAPAN EQUITY ETF","NBJP","NEUBERGER JAPAN EQUITY ETF","NYSE"
"NBN","NORTHEAST BANK","NBN","NORTHEAST BANCORP","NASDAQ"
"NBOS","NEUBERGER OPTION STRATEGY ET","NBOS","NEUBERGER OPTION STRATEGY ETF","NYSE"
"NBP","NOVABRIDGE BIOSCIENCES","NBP","NOVABRIDGE BIOSCIENCES ADS","NASDAQ"
"NBR","NABORS INDUSTRIES LTD","NBR","NABORS INDUSTRIES","NYSE"
"NBRG","NEWBRIDGE ACQUISITION LTD-A","NBRG","NEWBRIDGE ACQUISITION LIMITED CLASS A SHARE","NASDAQ"
"NBRGU","NEWBRIDGE ACQUISITION LTD","NBRGU","NEWBRIDGE ACQUISITION LIMITED UNT","NASDAQ"
"NBSD","NEUBERGER SHORT DURATION INC","NBSD","NEUBERGER SHORT DURATION INCOME ETF","NYSE"
"NBTB","N B T BANCORP INC","NBTB","NBT BANCORP","NASDAQ"
"NBTX","NANOBIOTIX SA - ADR","NBTX","NANOBIOTIX S.A. ADS","NASDAQ"
"NBXG","NEUBERGER NEXT GENERATION CO","NBXG","NEUBERGER NEXT GENERATION NNECTIVITY FUND","NYSE"
"NC","NACCO INDUSTRIES-CL A","NC","NACCO INDUSTRIES","NYSE"
"NCA","NUVEEN CALIFORNIA MUNI VAL","NCA","NUVEEN CALIFORNIA MUNICIPAL VALUE FUND","NYSE"
"NCDL","NUVEEN CHURCHILL DIRECT LEND","NCDL","NUVEEN CHURCHILL DIRECT LENDING CORP","NYSE"
"NCEL","NEWCELX LTD","NCEL","NEWCELX LTD.","NASDAQ"
"NCEW","NEW CENTURY LOGISTICS BVI LT","NCEW","NEW CENTURY LOGISTICS (BVI) LIMITED","NASDAQ"
"NCI","NEO-CONCEPT INTL GROUP HLD-A","NCI","NEO-CONCEPT INTL GROUP HOLDINGS LTD CLASS A","NASDAQ"
"NCIQ","HASHDEX NASDAQ CME CRYPTO IN","NCIQ","HASHDEX NASDAQ CME CRYPTO ETF","NASDAQ"
"NCL","NORTHANN CORP","NCL","NORTHANN CORP.","NYSE_AMERICAN"
"NCLH","NORWEGIAN CRUISE LINE HOLDIN","NCLH","NORWEGIAN CRUISE LINE HOLDINGS","NYSE"
"NCLO","NUVEEN AA-BBB CLO ETF","NCLO","NUVEEN AA-BBB CLO ETF","NYSE"
"NCMI","NATIONAL CINEMEDIA INC","NCMI","NATIONAL CINEMEDIA","NASDAQ"
"NCNA","NUCANA PLC-ADR","NCNA","NUCANA PLC AMERICAN DEPOSITARY SHARE","NASDAQ"
"NCNO","NCINO INC","NCNO","NCINO, INC. COMMON STOCK","NASDAQ"
"NCPL","NETCAPITAL INC","NCPL","NETCAPITAL INC. COMMON STOCK","NASDAQ"
"NCRA","NOCERA INC","NCRA","NOCERA INC COMMON STOCK","NASDAQ"
"NCSM","NCS MULTISTAGE HOLDINGS INC","NCSM","NCS MULTISTAGE HOLDINGS, INC.","NASDAQ"
"NCT","INTERCONT CAYMAN LTD CLASS A","NCT","INTERCONT (CAYMAN) LIMITED CLASS A","NASDAQ"
"NCTY","THE9 LTD-ADR","NCTY","THE9 LTD","NASDAQ"
"NCV","VIRTUS CONVERTIBLE & INCOME","NCV","VIRTUS CONVERTIBLE & INCOME","NYSE"
"NCZ","VIRTUS CONVERTIBLE & INCOME","NCZ","VIRTUS EQUITY & CONVERTIBLE","NYSE"
"NDAA","NED DR360 DYN ALLOCATION ETF","NDAA","NED DAVIS RESEARCH 360 DYNAMIC ALLOCATION ETF","NASDAQ"
"NDAQ","NASDAQ INC","NDAQ","NASDAQ INC COMMON STOCK","NASDAQ"
"NDEC","IN GRO-100 PWR BUF ETF - DEC","NDEC","INNOVATOR GROWTH-100 POWER BUFFER ETF DEC","BATS"
"NDIA","GLOBAL X INDIA ACTIVE ETF","NDIA","GLOBAL X INDIA ACTIVE ETF","NYSE"
"NDIV","AMP EGY&NAT RE COV CAL-USDIN","NDIV","AMPLIFY NAT RES DIV INCOME ETF","NYSE"
"NDLS","NOODLES & CO","NDLS","NOODLES & CO CLASS A","NASDAQ"
"NDMO","NUVEEN DYNAMIC MUNICIPAL OPP","NDMO","NUVEEN DYNAMIC MUNICIPAL OPPORTUNITIES FUND","NYSE"
"NDOW","ANYDRUS ADVANTAGE ETF","NDOW","LLABORATIVE INVESTMENT SER TRUST ANYDRUS ADVANTAGE","BATS"
"NDRA","ENDRA LIFE SCIENCES INC","NDRA","ENDRA LIFE SCIENCES INC. COMMON STOCK","NASDAQ"
"NDSN","NORDSON CORP","NDSN","NORDSON","NASDAQ"
"NE","NOBLE CORP PLC","NE","NOBLE CORP","NYSE"
"NEA","NUVEEN AMT-FR QLTY MUNI INC","NEA","NUVEEN AMT FREE MUNI INCOME FD","NYSE"
"NEAR","ISHARES SH DBA ETF USD INC","NEAR","ISHARES SHORT MATURITY BOND ET","BATS"
"NEBX","TRADR 2X LNG NBIS DLY ETF","NEBX","TRADR 2X LONG NBIS DAILY ETF","BATS"
"NECB","NORTHEAST COMMUNITY BANCORP","NECB","NORTHEAST COMMUNITY BANCORP, INC.","NASDAQ"
"NEE","NEXTERA ENERGY INC","NEE","NEXTERA ENERGY","NYSE"
"NEGG","NEWEGG COMMERCE INC","NEGG","NEWEGG COMMERCE INC","NASDAQ"
"NEHI","NEOS ETH HIGH INCOME ETF","NEHI","NEOS ETHEREUM HIGH INCOME ETF","BATS"
"NELS","NELSON SELECT ETF","NELS","COLLABORATIVE INVESTMENT SERIES NELSON SELECT","BATS"
"NEM","NEWMONT CORP","NEM","NEWMONT CORP","NYSE"
"NEMD","NEUBERGER EMERGING MARKETS D","NEMD","NEUBERGER EMERGING MARKETS DEBT HARD CURRENCY ETF","NYSE"
"NEMG","LEVERAGE SHARES 2X NEM","NEMG","LEVERAGE SHARES 2X LONG NEM DAILY ETF","NASDAQ"
"NEN","NEW ENGLAND REALTY ASSOC-LP","NEN","NEW ENGLAND REALTY","NYSE_AMERICAN"
"NEO","NEOGENOMICS INC","NEO","NEOGENOMICS","NASDAQ"
"NEOG","NEOGEN CORP","NEOG","NEOGEN","NASDAQ"
"NEON","NEONODE INC","NEON","NEONODE","NASDAQ"
"NEOV","NEOVOLTA INC","NEOV","NEOVOLTA INC.","NASDAQ"
"NEPH","NEPHROS INC","NEPH","NEPHROS, INC. COMMON STOCK","NASDAQ"
"NERD","ROUNDHILL VIDEO GAMES ETF","NERD","ROUNDHILL VIDEO GAMES ETF","BATS"
"NERV","MINERVA NEUROSCIENCES INC","NERV","MINERVA NEUROSCIENCES, INC COM","NASDAQ"
"NESR","NATIONAL ENERGY SERVICES REU","NESR","NATIONAL ENERGY SERVICES REUNITED CORP","NASDAQ"
"NET","CLOUDFLARE INC - CLASS A","NET","CLOUDFLARE INC","NYSE"
"NETG","LEVERAGE SHARES 2X NET","NETG","LEVERAGE SHARES 2X LONG NET DAILY ETF","NASDAQ"
"NETL","CLTPNT NT LEAS RL EST-USD IN","NETL","COLTERPOINT NETLEASE REAL ESTATE ETF","NYSE"
"NEU","NEWMARKET CORP","NEU","NEWMARKET","NYSE"
"NEUP","NEUPHORIA THERAPEUTICS INC","NEUP","NEUPHORIA THERAPEUTICS INC.","NASDAQ"
"NEWP","NEW PACIFIC METALS CORP","NEWP","NEW PACIFIC METALS CORP","NYSE_AMERICAN"
"NEWT","NEWTEKONE INC","NEWT","NEWTEKONE INC","NASDAQ"
"NEWTG","NEWTEKONE INC","NEWTG","NEWTEKONE, INC. 8.50% SRNT 2029","NASDAQ"
"NEWTH","NEWTEKONE INC","NEWTH","NEWTEKONE, INC. 8.625% SRNT 2029","NASDAQ"
"NEWTI","NEWTEKONE INC","NEWTI","NEWTEKONE, INC. 8.00% SRNT 2028","NASDAQ"
"NEWTO","NEWTEKONE INC","NEWTO","NEWTEKONE, INC. 8.50% SRNT 2031","NASDAQ"
"NEWTP","NEWTEKONE INC DEP SHS REPSTG 1-40TH","NEWTP","NEWTEKONE, INC. DS, PF SERIES B","NASDAQ"
"NEWZ","STCKSPS AI-PW S US ALL C ETF","NEWZ","STOCKSNIPS AI-POWERED SENTIMENT US ALL CAP ETF","NASDAQ"
"NEXA","NEXA RESOURCES SA","NEXA","NEXA RESOURCES S.A.","NYSE"
"NEXM","NEXMETALS MINING CORP","NEXM","NEXMETALS MINING CORP.","NASDAQ"
"NEXN","NEXXEN INTERNATIONAL LTD","NEXN","NEXXEN INTERNATIONAL LTD.","NASDAQ"
"NEXR","NEXERA TECHNOLOGIES LTD","NEXR","NEXERA TECHNOLOGIES LTD","NASDAQ"
"NEXT","NEXTDECADE CORP","NEXT","NEXTDECADE CORP","NASDAQ"
"NFBK","NORTHFIELD BANCORP INC","NFBK","NORTHFIELD BANCORP","NASDAQ"
"NFE","NEW FORTRESS ENERGY INC","NFE","NEW FORTRESS ENERGY LLC","NASDAQ"
"NFG","NATIONAL FUEL GAS CO","NFG","NATIONAL FUEL GAS CO","NYSE"
"NFGC","NEW FOUND GOLD CORP","NFGC","NEW FOUND GOLD CORP","NYSE_AMERICAN"
"NFJ","VIRTUS DVD INTRST & PRM STR","NFJ","VIRTUS DIVIDEND, INTEREST & PREMIUM STRATEGY FUND","NYSE"
"NFLP","KURV YLD PREM STR NFLX ETF","NFLP","KURV YIELD PREMIUM STRATEGY NETFLIX ETF","BATS"
"NFLT","VIRTUS NEWFLEET MULTI-SECTOR","NFLT","VIRTUS NEWFLEET MULTI-SECTOR BOND ETF","NYSE"
"NFLU","T-REX 2X LONG NFLX DT ETF","NFLU","OPPTY TRUST T-REX 2X LONG NFLX DAILY TARGET","BATS"
"NFLW","ROUNDHILL NFLX WEEKLYPAY ETF","NFLW","ROUNDHILL ETF TRUST ROUNDHILL NFLX WEEKLYPAY ETF","BATS"
"NFLX","NETFLIX INC","NFLX","NETFLIX","NASDAQ"
"NFLY","YIELDMAX NFLX OPTION IS ETF","NFLY","YIELDMAX NFLX OPTION INCOME STRATEGY ETF","NYSE"
"NFRA","FLEXSHARES STOXX GLOBAL BROA","NFRA","FLEXSHARES STOXX GLOBAL BROAD","NYSE"
"NFRX","HARRI STRE INFRASTR ACTI ETF","NFRX","HARRISON STREET INFRASTRUCTURE ACTIVE ETF","NASDAQ"
"NFTY","FIRST TRUST INDIA NIFTY 50 E","NFTY","FIRST TR INDIA NIFTY 50 EQUAL WEIGHT ETF","NASDAQ"
"NFXL","DIRXN DLY NFLX BULL 2X-US IN","NFXL","DIREXION DAILY NFLX BULL 2X ETF","NASDAQ"
"NFXS","DIREXION DAILY NFLX BEAR 1X","NFXS","DIREXION DAILY NFLX BEAR 1X ETF","NASDAQ"
"NG","NOVAGOLD RESOURCES INC","NG","NOVAGOLD RESOURCES","NYSE_AMERICAN"
"NGEN","NERVGEN PHARMA CORP","NGEN","NERVGEN PHARMA CORP.","NASDAQ"
"NGG","NATIONAL GRID PLC-SP ADR","NGG","NATIONAL GRID","NYSE"
"NGHT","NICHOLS BTCN TRS AFTRDRK ETF","NGHT","NICHOLAS BITCOIN AND TREASURIES AFTERDARK ETF","NASDAQ"
"NGL","NGL ENERGY PARTNERS LP","NGL","NGL ENERGY PARTNERS","NYSE"
"NGNE","NEUROGENE INC","NGNE","NEUROGENE, INC.","NASDAQ"
"NGS","NATURAL GAS SERVICES GROUP","NGS","NATURAL GAS SERVICES","NYSE"
"NGVC","NATURAL GROCERS BY VITAMIN C","NGVC","NATURAL GROCERS","NYSE"
"NGVT","INGEVITY CORP","NGVT","INGEVITY CORP","NYSE"
"NHC","NATIONAL HEALTHCARE CORP","NHC","NATIONAL HEALTHCARE","NYSE_AMERICAN"
"NHI","NATL HEALTH INVESTORS INC","NHI","NATIONAL HEALTH INVESTORS","NYSE"
"NHIC","NEWHOLD INVESTMENT COR III-A","NHIC","NEWHOLD INVESTMENT CORP III CLASS A","NASDAQ"
"NHICU","NEWHOLD INVESTMENT CORP III","NHICU","NEWHOLD INVESTMENT CORP III UNT","NASDAQ"
"NHPAP","HEALTHCARE TRUST","NHPAP","NATIONAL HEALTHCARE PROPERTIES 7.375% SERIES A PF","NASDAQ"
"NHPBP","HEALTHCARE TRUST","NHPBP","NATIONAL HEALTHCARE PROPERTIES 7.125% SERIES B PF","NASDAQ"
"NHS","NEUBERGER HIGH YIELD STRATEG","NHS","NEUBERGER HIGH YIELD STRATEGIES","NYSE_AMERICAN"
"NHTC","NATURAL HEALTH TRENDS CORP","NHTC","NATURAL HEALTH TRENDS","NASDAQ"
"NHYB","NUVEEN HIGH YILD CORP BD ETF","NHYB","NUVEEN HIGH YIELD CORPORATE BOND ETF","NYSE"
"NI","NISOURCE INC","NI","NISOURCE","NYSE"
"NIC","NICOLET BANKSHARES INC","NIC","NICOLET BANKSHARES INC","NYSE"
"NICE","NICE LTD - SPON ADR","NICE","NICE LTD ADR","NASDAQ"
"NIE","VIRTUS EQUITY & CONVERTIBLE","NIE","VIRTUS EQUITY & CONVERTIBLE INCOME FUND","NYSE"
"NIHI","NEOS MSCI EAFE HIGH INCOME-U","NIHI","NEOS ETF TRUST NEOS MSCI EAFE HIGH INCOME ETF","BATS"
"NIKL","SPROTT NICKEL MINERS ETF","NIKL","SPROTT NICKEL MINERS ETF","NASDAQ"
"NIM","NUVEEN SELECT MATURIT MUNI","NIM","NUVEEN SELECT MATURITIES MUNI","NYSE"
"NINE","NINE ENERGY SERVICE INC","NINE","NINE ENERGY SERVICE INC","NYSE_AMERICAN"
"NIO","NIO INC - ADR","NIO","NIO INC","NYSE"
"NIOG","LEVERAGE SHARES 2X NIO","NIOG","LEVERAGE SHARES 2X LONG NIO DAILY ETF","NASDAQ"
"NIPG","NIP GROUP INC","NIPG","NIP GROUP INC. ADS","NASDAQ"
"NIQ","NIQ GLOBAL INTELLIGENCE PLC","NIQ","NIQ GLOBAL INTELLIGENCE PLC","NYSE"
"NITE","THE NIGHTVIEW FUND","NITE","NIGHTVIEW FUND","NYSE"
"NIU","NIU TECHNOLOGIES-SPONS ADR","NIU","NIU TECHNOLOGIES ADS","NASDAQ"
"NIVF","NEWGENIVF GROUP LTD-A","NIVF","NEWGENIVF GROUP LIMITED CLASS A","NASDAQ"
"NIXT","RA DELETIONS ETF","NIXT","RESEARCH AFFILIATES DELETIONS ETF","NASDAQ"
"NIXX","NIXXY INC","NIXX","NIXXY, INC.","NASDAQ"
"NJAN","INNOVATOR GROWTH 100 POWER B","NJAN","INNOVATOR GROWTH-100 POWER BUFFER ETF JAN","BATS"
"NJR","NEW JERSEY RESOURCES CORP","NJR","NEW JERSEY RESOURCES","NYSE"
"NJUL","INNOVATOR GROWTH 100 POWER B","NJUL","INNOVATOR GROWTH-100 POWER BUFFER ETF JUL","BATS"
"NJUN","INNOVATOR G-100 P B ETF - JU","NJUN","INNOVATOR GROWTH 100 POWER BUFFER ETF JUN","BATS"
"NKE","NIKE INC -CL B","NKE","NIKE","NYSE"
"NKSH","NATIONAL BANKSHARES INC-VA","NKSH","NATIONAL BANKSHARES","NASDAQ"
"NKTR","NEKTAR THERAPEUTICS","NKTR","NEKTAR THERAPEUTICS","NASDAQ"
"NKTX","NKARTA INC","NKTX","NKARTA, INC. COMMON STOCK","NASDAQ"
"NKX","NUVEEN CA AMT-FR MUNI INC","NKX","NUVEEN CA AMT-TAX QUALITY MUNI INCOME FUND","NYSE"
"NL","NL INDUSTRIES","NL","NL INDUSTRIES","NYSE"
"NLOP","NET LEASE OFFICE PROPERTY","NLOP","NET LEASE OFFICE PROPERTIES","NYSE"
"NLR","VANECK URANI & NUCLR ETF-USD","NLR","VANECK URANIUM AND NUCLEAR ETF","NYSE"
"NLSI","NEOS LONG-SHRT EQTY INCM ETF","NLSI","NEOS LONG/SHORT EQUITY INCOME ETF","BATS"
"NLY","ANNALY CAPITAL MANAGEMENT IN","NLY","ANNALY CAPITAL","NYSE"
"NMAI","NUVEEN MULTI-ASSET INCOME","NMAI","NUVEEN MULTI ASSET INCOME FUND","NYSE"
"NMAR","INNOVATOR GRW-100 PB ETF MAR","NMAR","INNOVATOR GROWTH-100 POWER BUFFER ETF MAR","BATS"
"NMAX","NEWSMAX INC","NMAX","NEWSMAX INC CLASS B","NYSE"
"NMAY","INNOVATOR GRW-100 PB ETF MAY","NMAY","INNOVATOR GROWTH-100 POWER BUFFER ETF MAY","BATS"
"NMB","SIMPLIFY NATIONAL MUNI BND","NMB","SIMPLIFY NATIONAL MUNI BOND","NYSE"
"NMBL","NOVA TIDE FLEXIBL ALOCAT ETF","NMBL","NOVATIDE FLEXIBLE ALLOCATION ETF","NYSE"
"NMCO","NUVEEN MUNICIPAL CREDIT OPP","NMCO","NUVEEN MUNICIPAL CREDIT OPPORTUNITIES FUND","NYSE"
"NMFC","NEW MOUNTAIN FINANCE CORP","NMFC","NEW MOUNTAIN FINANCE","NASDAQ"
"NMFCZ","NEW MOUNTAIN FINANCE COR","NMFCZ","NEW MOUNTAIN FINANCE CORPORATION 8.250% NT 2028","NASDAQ"
"NMG","NOUVEAU MONDE GRAPHITE INC","NMG","NOUVEAU MONDE GRAPHITE INC","NYSE"
"NMI","NUVEEN MUNICIPAL INCOME","NMI","NUVEEN MUNICIPAL INCOME COMMON","NYSE"
"NMIH","NMI HOLDINGS INC","NMIH","NMI HOLDINGS INC. CLASS A COMM","NASDAQ"
"NML","NEUBERGER ENERGY INFRASTRUCT","NML","NEUBERGER MLP AND ENERGY FUND","NYSE_AMERICAN"
"NMM","NAVIOS MARITIME PARTNERS LP","NMM","NAVIOS MARITIME PARTNERS","NYSE"
"NMP","NMP ACQUISITION CORP - A","NMP","NMP ACQUISITION CORP. CLASS A","NASDAQ"
"NMR","NOMURA HOLDINGS INC-SPON ADR","NMR","NOMURA HOLDINGS","NYSE"
"NMRA","NEUMORA THERAPEUTICS INC","NMRA","NEUMORA THERAPEUTICS, INC.","NASDAQ"
"NMRK","NEWMARK GROUP INC-CLASS A","NMRK","NEWMARK GROUP INC","NASDAQ"
"NMS","NUVEEN MN QLTY MUNI INC","NMS","NUVEEN MINNESOTA QUALITY MUNI INCOME F","NYSE"
"NMT","NUVEEN MA QLTY MUNI INC","NMT","NUVEEN MA QUALITY MUNI INCOME FUND","NYSE"
"NMTC","NEUROONE MEDICAL TECHNOLOGIE","NMTC","NEUROONE MEDICAL TECHNOLOGIES CORPORATION","NASDAQ"
"NMZ","NUVEEN MUNI HI INC OPPORT","NMZ","NUVEEN MUNI HIGH INC OPP COMMO","NYSE"
"NN","NEXTNAV INC","NN","NEXTNAV INC. COMMON STOCK","NASDAQ"
"NNBR","NN INC","NNBR","NN","NASDAQ"
"NNDM","NANO DIMENSION LTD - ADR","NNDM","NANO DIMENSION LTD. ADS","NASDAQ"
"NNE","NANO NUCLEAR ENERGY INC","NNE","NANO NUCLEAR ENERGY INC.","NASDAQ"
"NNI","NELNET INC-CL A","NNI","NELNET","NYSE"
"NNN","NNN REIT INC","NNN","NNN REIT","NYSE"
"NNNN","ANBIO BIOTECHNOLOGY LTD","NNNN","ANBIO BIOTECHNOLOGY CLASS A","NASDAQ"
"NNOV","INNOVATOR G-100 PB ETF - NOV","NNOV","INNOVATOR GROWTH-100 POWER BUFFER ETF NOV","BATS"
"NNOX","NANO-X IMAGING LTD","NNOX","NANO-X IMAGING LTD ORDINARY SHARES","NASDAQ"
"NNVC","NANOVIRICIDES INC","NNVC","NANOVIRICIDES, INC.","NYSE_AMERICAN"
"NNY","NUVEEN NEW YORK MUNI VAL","NNY","NUVEEN NEW YORK MUNICIPAL VALUE","NYSE"
"NOA","NORTH AMERICAN CONSTRUCTION","NOA","NORTH AMERICAN ENERGY","NYSE"
"NOAH","NOAH HOLDINGS LTD-SPON ADS","NOAH","NOAH HOLDINGS","NYSE"
"NOBL","PROSHARES S&P 500 DIVIDEND A","NOBL","POWERSHARES S&P 500 ARISTOCRAT","BATS"
"NOC","NORTHROP GRUMMAN CORP","NOC","NORTHROP GRUMMAN","NYSE"
"NOCT","INNOVATOR GROWTH-100 POWER B","NOCT","INNOVATOR GROWTH-100 POWER BUFFER ETF- OCT","BATS"
"NODE","VANECK ONCHAIN ECONOMY ETF","NODE","VANECK ONCHAIN ECONOMY ETF","BATS"
"NODK","NI HOLDINGS INC","NODK","NI HOLDINGS, INC. COMMON STOCK","NASDAQ"
"NOEM","CO2 ENERGY TRANSITION CORP","NOEM","CO2 ENERGY TRANSITION CORP.","NASDAQ"
"NOEMU","CO2 ENERGY TRANSITION CORP","NOEMU","CO2 ENERGY TRANSITION CORP. UNT","NASDAQ"
"NOG","NORTHERN OIL AND GAS INC","NOG","NORTHERN OIL & GAS","NYSE"
"NOK","NOKIA CORP-SPON ADR","NOK","NOKIA","NYSE"
"NOM","NUVEEN MO QLTY MUNI INC","NOM","NUVEEN MO QUALITY MUNI INCOME FUND","NYSE"
"NOMA","NOMADAR CORP-A","NOMA","NOMADAR CORP. CLASS A","NASDAQ"
"NOMD","NOMAD FOODS LTD","NOMD","NOMAD FOODS LIMITED","NYSE"
"NORW","GLOBAL X MSCI NORWAY ETF","NORW","GLOBAL X MSCI NORWAY ETF","NYSE"
"NOTV","INOTIV INC","NOTV","INOTIV INC","NASDAQ"
"NOV","NOV INC","NOV","NATIONAL OILWELL VARCO, INC.","NYSE"
"NOVM","FT VEST US EQ MAX BUF NOV","NOVM","FIRST TR VIII VEST US EQUITY MAX BUFFER NOV","BATS"
"NOVP","PGIM S&P 500 BUFFER 12 ETF -","NOVP","SHL TELEMEDICINE PGIM US LARGE-CAP BUFFER 12 NOV","BATS"
"NOVT","NOVANTA INC","NOVT","NOVANTA INC. COMMON STOCK","NASDAQ"
"NOVTU","NOVANTA INC PREFERRED","NOVTU","NOVANTA INC. TANGIBLE EQUITY UNT","NASDAQ"
"NOVZ","TRUESHARES STRUC OUTCOME NOV","NOVZ","NOVAGEN INGENIUM INC","BATS"
"NOW","SERVICENOW INC","NOW","SERVICENOW","NYSE"
"NP","NEPTUNE INSURANCE HOLDI-CL A","NP","NEPTUNE INSURANCE HOLDINGS INC","NYSE"
"NPAC","NEW PROVIDENCE ACQUISITION-A","NPAC","NEW PROVIDENCE ACQUISITION CORP. III CLASS A","NASDAQ"
"NPACU","NEW PROVIDENCE ACQUISITION C","NPACU","NEW PROVIDENCE ACQUISITION CORP. III UNT","NASDAQ"
"NPB","NORTHPOINTE BANCSHARES INC","NPB","NORTHPOINTE BANCSHARES INC","NYSE"
"NPCE","NEUROPACE INC","NPCE","NEUROPACE, INC. COMMON STOCK","NASDAQ"
"NPCT","NUVEEN CORE PLUS IMPACT","NPCT","NUVEEN CORE PLUS IMPACT FUND","NYSE"
"NPFD","NUVEEN VAR RT PREF & INC","NPFD","NUVEEN VARIABLE RATE PF & INCOME FUND","NYSE"
"NPFE","NPF CORE EQUITY ETF","NPFE","","BATS"
"NPFI","NUVEEN PREFERRED & INCOME","NPFI","NUVEEN PF AND INCOME ETF","NASDAQ"
"NPK","NATIONAL PRESTO INDS INC","NPK","NATIONAL PRESTO","NYSE"
"NPKI","NPK INTERNATIONAL INC","NPKI","NPK INTERNATIONAL INC","NYSE"
"NPO","ENPRO INC","NPO","ENPRO INDUSTRIES","NYSE"
"NPT","TEXXON HOLDING LTD","NPT","TEXXON HOLDING LIMITED","NASDAQ"
"NPV","NUVEEN VA QLTY MUNI INC","NPV","NUVEEN VA QUALITY INCOME MUNI","NYSE"
"NPWR","NET POWER INC","NPWR","NET POWER INC","NYSE"
"NQP","NUVEEN PA QLTY MUNI INC","NQP","NUVEEN PA INVSTMT QUALITY MUNI","NYSE"
"NRC","NATIONAL RESEARCH CORP","NRC","NATIONAL RESEARCH CORPORATION","NASDAQ"
"NRDS","NERDWALLET INC-CL A","NRDS","NERDWALLET, INC. CLASS A COMMON STOCK","NASDAQ"
"NRDY","NERDY INC","NRDY","NERDY INC","NYSE"
"NREF","NEXPOINT REAL ESTATE FINANCE","NREF","NEXPOINT REAL ESTATE FINANCE INC","NYSE"
"NRES","XTRACKERS RREEF GLB NAT RES","NRES","XTRACKERS RREEF GLOBAL NATURAL RESOURCES ETF","NASDAQ"
"NRG","NRG ENERGY INC","NRG","NRG ENERGY","NYSE"
"NRGD","MICROS US BIGOIL -3X INV LEV","NRGD","MICROSECTORS US BIG OIL -3 INVERSE LEV 2/17/45","NYSE"
"NRGU","MICROSECTORS B OIL 3XLEV ETN","NRGU","MICROSECTORS US BIG OIL 3 LEVERAGED ETN 2/17/45","NYSE"
"NRGV","ENERGY VAULT HOLDINGS INC","NRGV","ENERGY VAULT HOLDINGS INC","NYSE"
"NRIM","NORTHRIM BANCORP INC","NRIM","NORTHRIM BANCORP","NASDAQ"
"NRIX","NURIX THERAPEUTICS INC","NRIX","NURIX THERAPEUTICS, INC.","NASDAQ"
"NRK","NUVEEN NY AMT-FR MUNI INC","NRK","NUVEEN NEW YORK AMT FREE QUALITY MUNI","NYSE"
"NRO","NEU RE EST SEC INC FD INC-US","NRO","NEUBERGER REAL EST SECURITIES INCOME","NYSE_AMERICAN"
"NRP","NATURAL RESOURCE PARTNERS LP","NRP","NATURAL RESOURCES PARTNER","NYSE"
"NRSH","AZTLAN NRTH AMRC NRH SS ETF","NRSH","AZTLAN NO AMER NEARSHORING STOCK SELECTION ETF","NYSE"
"NRSN","NEUROSENSE THERAPEUTICS LTD","NRSN","NEUROSENSE THERAPEUTICS LTD.","NASDAQ"
"NRT","NORTH EUROPEAN OIL RTY TRUST","NRT","NORTH EUROPEAN OIL RLTY","NYSE"
"NRUC","NATIONAL RURAL UTILITIES COOPERATIVE FINANCE CORP","NRUC","NATIONAL RURAL UTILITIES COOP 5.5% SUB NTS","NYSE"
"NRXP","NRX PHARMACEUTICALS INC","NRXP","NRX PHARMACEUTICALS INC","NASDAQ"
"NRXS","NEURAXIS INC","NRXS","NEURAXIS INC","NYSE_AMERICAN"
"NSA","NATIONAL STORAGE AFFILIATES","NSA","NATIONAL STORAGE AFFILIATES TRUST","NYSE"
"NSC","NORFOLK SOUTHERN CORP","NSC","NORFOLK SOUTHERN","NYSE"
"NSEP","INNOVATOR G100 PB ETF-SEP","NSEP","INNOVATOR GROWTH-100 POWER BUFFER ETF SEP","BATS"
"NSI","NAT SEC EMERG MARK INDEX ETF","NSI","NATIONAL SECURITY EMERGING MARKETS ETF","NASDAQ"
"NSIT","INSIGHT ENTERPRISES INC","NSIT","INSIGHT ENTERPRISES","NASDAQ"
"NSP","INSPERITY INC","NSP","INSPERITY","NYSE"
"NSPR","INSPIREMD INC","NSPR","INSPIREMD, INC.","NASDAQ"
"NSRX","NASUS PHARMA LTD","NSRX","NASUS PHARMA LTD","NYSE_AMERICAN"
"NSSC","NAPCO SECURITY TECHNOLOGIES","NSSC","NAPCO SECURITY SYSTEMS","NASDAQ"
"NSTS","NSTS BANCORP INC","NSTS","NSTS BANCORP, INC. COMMON STOCK","NASDAQ"
"NSYS","NORTECH SYSTEMS INC","NSYS","NORTECH SYSTEMS","NASDAQ"
"NTAP","NETAPP INC","NTAP","NETAPP","NASDAQ"
"NTB","BANK OF N.T. BUTTERFIELD&SON","NTB","THE BANK OF N.T. BUTTERFIELD & SON LTD","NYSE"
"NTCL","NETCLASS TECHNOLOGY INC","NTCL","NETCLASS TECHNOLOGY INC CLASS A","NASDAQ"
"NTCT","NETSCOUT SYSTEMS INC","NTCT","NETSCOUT SYSTEMS","NASDAQ"
"NTES","NETEASE INC-ADR","NTES","NETEASE","NASDAQ"
"NTGR","NETGEAR INC","NTGR","NETGEAR","NASDAQ"
"NTHI","NEONC TECHNOLOGIES HOLDINGS","NTHI","NEONC TECHNOLOGIES HOLDINGS, INC.","NASDAQ"
"NTIC","NORTHERN TECHNOLOGIES INTL","NTIC","NORTHERN TECHNOLOGIES","NASDAQ"
"NTIP","NETWORK-1 TECHNOLOGIES INC","NTIP","NETWORK 1 TECHNOLOGIES INC","NYSE_AMERICAN"
"NTLA","INTELLIA THERAPEUTICS INC","NTLA","INTELLIA THERAPEUTICS, INC.","NASDAQ"
"NTNX","NUTANIX INC - A","NTNX","NUTANIX, INC. CLASS A COMMON STOCK","NASDAQ"
"NTR","NUTRIEN LTD","NTR","NUTRIEN LTD","NYSE"
"NTRA","NATERA INC","NTRA","NATERA, INC. COMMON STOCK","NASDAQ"
"NTRB","NUTRIBAND INC","NTRB","NUTRIBAND INC. COMMON STOCK","NASDAQ"
"NTRP","NEXTTRIP INC","NTRP","NEXTTRIP, INC.","NASDAQ"
"NTRS","NORTHERN TRUST CORP","NTRS","NORTHERN TRUST","NASDAQ"
"NTRSO","NORTHERN TRUST CORP","NTRSO","NORTHERN TRUST CORPORATION DS (1/1,000 SER E PF)","NASDAQ"
"NTSD","WISDOMTREE EFF US+INTL EQ FD","NTSD","WISDOMTREE EFFICIENT U.S. PLUS INTERNATIONAL","NYSE"
"NTSE","WISDOMTREE EMERGING MARKETS","NTSE","WISDOMTREE EMERGING MARKETS EFFICIENT CORE FUND","NYSE"
"NTSI","WISDOMTREE INTERNATIONAL EFF","NTSI","WISDOMTREE INTERNATIONAL EFFICIENT CORE FUND","NYSE"
"NTSK","NETSKOPE INC-CL A","NTSK","NETSKOPE, INC. CLASS A","NASDAQ"
"NTST","NETSTREIT CORP","NTST","NETSTREIT CORP","NYSE"
"NTSX","WISDOMTREE US EFFICIENT CORE","NTSX","WISDOMTREE US EFFICIENT CORE FUND","NYSE"
"NTWK","NETSOL TECHNOLOGIES INC","NTWK","NETSOL TECHNOLOGIES","NASDAQ"
"NTWO","NEWBURY STREET II AC-CLASS A","NTWO","NEWBURY STREET II ACQUISITION CORP CLASS A","NASDAQ"
"NTWOU","NEWBURY STREET II ACQUISITIO","NTWOU","NEWBURY STREET II ACQUISITION CORP UNT","NASDAQ"
"NTZ","NATUZZI SPA-SP ADR","NTZ","INDUSTRIE NATUZZI","NYSE"
"NU","NU HOLDINGS LTD-CAYMAN ISL-A","NU","NU HOLDINGS LTD","NYSE"
"NUAI","NEW ERA ENERGY & DIGITAL INC","NUAI","NEW ERA ENERGY & DIGITAL, INC.","NASDAQ"
"NUBD","NUVEEN ESG US AGGREGATE BOND","NUBD","NUVEEN ESG US AGGREGATE BOND ETF","NYSE"
"NUCL","EAGLE NUCLEAR ENERGY CORP","NUCL","EAGLE NUCLEAR ENERGY CORP.","NASDAQ"
"NUDM","NUVEEN ESG INTL DEVEL MRK EQ","NUDM","NUVEEN ESG INTL DVPD MKTS EQTY ETF","BATS"
"NUDV","NUVEEN ESG DIVIDEND ETF","NUDV","NUVEEN ESG DIVIDEND ETF","BATS"
"NUE","NUCOR CORP","NUE","NUCOR","NYSE"
"NUEM","NUVEEN ESG EMERGING MARKETS","NUEM","NUSHARES ESG EMERGING MKTS EQTY ETF","BATS"
"NUG","LEVERAGE SHARES 2X NU","NUG","LEVERAGE SHARES 2X LONG NU DAILY ETF","NASDAQ"
"NUGO","NUVEEN GROWTH OPPORTUNITIES","NUGO","NUVEEN GROWTH OPPORTUNITIES ETF","NYSE"
"NUGT","DIRXN DLY GM INDX B2X ETF-UI","NUGT","DIREXION DAILY GOLD MINERS INDEX BULL 2X ETF","NYSE"
"NUGY","GRANITESHARES YILDBST GM ETF","NUGY","GRANITESHARES YIELDBOOST GOLD MINERS ETF","NASDAQ"
"NUHY","NUVEEN ESG HI YLD CORP BND","NUHY","NUVEEN ESG HIGH YIELD CRP BND ETF","NYSE"
"NUKX","NICHOLS NUCLEAR INCOME ETF","NUKX","NICHOLAS NUCLEAR INCOME ETF","NYSE"
"NUKZ","RANGE NUCLEAR RENAISSANCE","NUKZ","RANGE NUCLEAR RENAISSANCE INDEX ETF","NYSE"
"NULC","NUVEEN ESG LARGE-CAP ETF","NULC","NUVEEN ESG LARGE-CAP ETF","BATS"
"NULG","NUVEEN ESG LRG-CAP GRW ETF","NULG","NUSHARES ESG LARGE CAP GROWTH ETF","BATS"
"NULV","NUVEEN ESG LARGE-CAP VAL ETF","NULV","NUSHARES ESG LARGE CAP VALUE ETF","BATS"
"NUMG","NUVEEN ESG MID-CAP GROW ETF","NUMG","NUSHARES ESG MIDCAP GROWTH ETF","BATS"
"NUMV","NUVEEN ESG MID-CAP VALUE ETF","NUMV","NUSHARES ESG MIDCAP VALUE ETF","BATS"
"NURE","NUVEEN SHORT-TERM REIT ETF","NURE","NUSHARES SHORT-TERM REIT ETF","BATS"
"NUS","NU SKIN ENTERPRISES INC - A","NUS","NU SKIN ENTERPRISES","NYSE"
"NUSC","NUVEEN ESG SMALL-CAP ETF","NUSC","NUSHARES ESG SMALL CAP ETF","BATS"
"NUTR","NUSATRIP INC","NUTR","NUSATRIP INCORPORATED","NASDAQ"
"NUTX","NUTEX HEALTH INC","NUTX","NUTEX HEALTH INC. COMMON STOCK","NASDAQ"
"NUV","NUVEEN MUNICIPAL VALUE","NUV","NUVEEN MUNICIPAL VALUE COMMON","NYSE"
"NUVB","NUVATION BIO INC","NUVB","NUVATION BIO INC","NYSE"
"NUVL","NUVALENT INC-A","NUVL","NUVALENT, INC. CLASS A COMMON STOCK","NASDAQ"
"NUW","NUVEEN AMT-FREE MUNI VAL","NUW","NUVEEN MUNICIPAL VALUE FUND 2","NYSE"
"NUWE","NUWELLIS INC","NUWE","NUWELLIS INC","NASDAQ"
"NVA","NOVA MINERALS LTD-ADR","NVA","NOVA MINERALS LIMITED ADS","NASDAQ"
"NVAX","NOVAVAX INC","NVAX","NOVAVAX","NASDAQ"
"NVBT","ALL US EQU BUF10 NOV ETF-USD","NVBT","ALLIANZIM US LARGE CAP BUFFER10 NOV ETF","BATS"
"NVBU","ALLIANZIM US BF15 UNCAP NOV","NVBU","ALLIANZIM US EQUITY BUFFER15 UNCAPPED NOV ETF","BATS"
"NVBW","ALNZIM US EQT BFR2 NO ET-USD","NVBW","ALLIANZIM US LARGE CAP BUFFER20 NOV ETF","BATS"
"NVCR","NOVOCURE LTD","NVCR","NOVOCURE LIMITED ORDINARY SHARES","NASDAQ"
"NVCT","NUVECTIS PHARMA INC","NVCT","NUVECTIS PHARMA, INC.","NASDAQ"
"NVD","GRANITESH 2XSHT NVDA ETF-USD","NVD","GRANITESHARES 1.5X SHORT NVDA DAILY ETF","NASDAQ"
"NVDA","NVIDIA CORP","NVDA","NVIDIA","NASDAQ"
"NVDB","PROSHARES ULTRA NVDA","NVDB","PROSHARES ULTRA NVDA","NYSE"
"NVDD","DIREXION DAILY NVDA BEAR 1X","NVDD","DIREXION DAILY NVDA BEAR 1X ETF","NASDAQ"
"NVDG","LEVERAGE SHARES 2X NVDA","NVDG","LEVERAGE SHARES 2X LONG NVDA DAILY ETF","NASDAQ"
"NVDL","GRANITESH 2X LNG NVDA ETF","NVDL","GRANITESHARES 1.5X LONG NVDA DAILY ETF","NASDAQ"
"NVDO","LEV SH 2X CA ACC NVDA M ETF","NVDO","LEVERAGE SHARES 2x CAPPED ACCELERATED NVDA","BATS"
"NVDQ","T-REX 2X INVERSE NVIDIA DLY","NVDQ","ETF OPPTY TRUST T-REX -2X NVIDIA DAILY TARGET ETF","BATS"
"NVDS","TRADR 1.5X SHT NVDA ETF-USDI","NVDS","AXS 1.25X NVDA BEAR DAILY ETF","NASDAQ"
"NVDU","DIREXION DAILY NVDA BULL 2X","NVDU","DIREXION DAILY NVDA BULL 2X ETF","NASDAQ"
"NVDW","ROUNDHILL NVDA WEEKLYPAY ETF","NVDW","ROUNDHILL ETF TRUST ROUNDHILL NVDA WEEKLYPAY ETF","BATS"
"NVDX","T-REX 2X LNG NVIDIA DLY TRGT","NVDX","OPPTY TRUST T-REX 2X LONG NVIDIA DAILY TARGET","BATS"
"NVDY","YIELDMAX NVDA OPTION INC ETF","NVDY","YIELDMAX NVDA OPTION INCOME STRATEGY ETF","NYSE"
"NVEC","NVE CORP","NVEC","NVE","NASDAQ"
"NVG","NUVEEN AMT-FR MUNI CRDT","NVG","NUVEEN AMT-FREE MUNICIPAL CREDIT INCOME FUND","NYSE"
"NVGS","NAVIGATOR HOLDINGS LTD","NVGS","NAVIGATOR HOLDINGS LTD","NYSE"
"NVII","REX NVDA GROWTH & INCOME ETF","NVII","REX NVDA GROWTH & INCOME ETF","BATS"
"NVIR","HORIZON KIN ENRG & REMED ETF","NVIR","HORIZON KINETICS ENERGY AND REMEDIATION ETF","NYSE"
"NVIT","YLDMX NVDA PRF & DT 25 ETF","NVIT","YIELDMAX NVDA PERFORMANCE & DISTRIBUTION TARGET 25","BATS"
"NVMI","NOVA LTD","NVMI","NOVA LTD","NASDAQ"
"NVNI","NVNI GROUP LTD","NVNI","NVNI GROUP LIMITED","NASDAQ"
"NVNO","ENVVENO MEDICAL CORP","NVNO","ENVVENO MEDICAL CORPORATION","NASDAQ"
"NVO","NOVO-NORDISK A-S-SPONS ADR","NVO","NOVO-NORDISK","NYSE"
"NVOH","NOVO NORDISK A-S B SHRS ADRH","NVOH","NOVO NORDISK A/S B SHARES ADR HEDGED","NYSE"
"NVOX","DEFIANCE DLY TRG 2X LNG NVO","NVOX","DEFIANCE DAILY TARGET 2X LONG NVO ETF","NYSE"
"NVR","NVR INC","NVR","NVR","NYSE"
"NVRI","ENVIRI CORP","NVRI","ENVIRI CORP","NYSE"
"NVS","NOVARTIS AG-SPONSORED ADR","NVS","NOVARTIS","NYSE"
"NVST","ENVISTA HOLDINGS CORP","NVST","ENVISTA HOLDINGS CORP","NYSE"
"NVT","NVENT ELECTRIC PLC","NVT","NVENT ELECTRIC PLC WHEN ISS","NYSE"
"NVTS","NAVITAS SEMICONDUCTOR CORP","NVTS","NAVITAS SEMICONDUCTOR CORPORATION","NASDAQ"
"NVTX","TRADR 2X LNG NVTS DLY ETF","NVTX","TRADR 2X LONG NVTS DAILY ETF","BATS"
"NVVE","NUVVE HOLDING CORP","NVVE","NUVVE HOLDING CORP. COMMON STOCK","NASDAQ"
"NVX","NOVONIX LTD-ADR","NVX","NOVONIX LIMITED ADS","NASDAQ"
"NVYY","GRANITE YIELDBOOST NVDA","NVYY","GRANITESHARES YIELDBOOST NVDA ETF","NASDAQ"
"NWAX","NEW AMERICA ACQUISITION-CL A","NWAX","NEW AMERICA ACQUISITION I CORP","NYSE"
"NWBI","NORTHWEST BANCSHARES INC","NWBI","NORTHWEST BANCSHARES","NASDAQ"
"NWE","NORTHWESTERN ENERGY GROUP IN","NWE","NORTHWESTERN","NASDAQ"
"NWFL","NORWOOD FINANCIAL CORP","NWFL","NORWOOD FINANCIAL","NASDAQ"
"NWG","NATWEST GROUP PLC -SPON ADR","NWG","NATWEST GROUP PLC","NYSE"
"NWGL","CL WORKSHOP GROUP LTD","NWGL","CLASS WORKSHOP GROUP LIMITED ADS","NASDAQ"
"NWL","NEWELL BRANDS INC","NWL","NEWELL BRANDS INC","NASDAQ"
"NWN","NORTHWEST NATURAL HOLDING CO","NWN","NORTHWEST NATURAL HOLDING CO","NYSE"
"NWPX","NWPX INFRASTRUCTURE INC","NWPX","NWPX INFRASTRUCTURE, INC.","NASDAQ"
"NWS","NEWS CORP - CLASS B","NWS","NEWS CORPORATION","NASDAQ"
"NWSA","NEWS CORP - CLASS A","NWSA","NEWS CORP CLASS A","NASDAQ"
"NWTG","NEWTON GOLF COMPANY INC","NWTG","NEWTON GOLF COMPANY, INC.","NASDAQ"
"NX","QUANEX BUILDING PRODUCTS","NX","QUANEX BUILDING PRODUCTS","NYSE"
"NXDR","NEXTDOOR HOLDINGS INC","NXDR","NEXTDOOR HOLDINGS, INC. CLASS A","NYSE"
"NXDT","NEXPOINT DIVERSIFIED REAL ES","NXDT","NEXPOINT DIVERSIFIED REAL ESTATE TRUST","NYSE"
"NXE","NEXGEN ENERGY LTD","NXE","NEXGEN ENERGY LTD","NYSE"
"NXGL","NEXGEL INC","NXGL","NEXGEL, INC COMMON STOCK","NASDAQ"
"NXJ","NUVEEN NJ QLTY MUNI INC","NXJ","NUVEEN NJ QUALITY MUNI INCOME FUND","NYSE"
"NXL","NEXALIN TECHNOLOGY INC","NXL","NEXALIN TECHNOLOGY, INC.","NASDAQ"
"NXP","NUVEEN SELECT TAX-FREE INC","NXP","NUVEEN SELECT TAXFREE INCOME C","NYSE"
"NXPI","NXP SEMICONDUCTORS NV","NXPI","NXP SEMICONDUCTOR","NASDAQ"
"NXPL","NEXTPLAT CORP","NXPL","NEXTPLAT CORP COMMON STOCK","NASDAQ"
"NXRT","NEXPOINT RESIDENTIAL","NXRT","NEXPOINT RESIDENTIAL TRUST, IN","NYSE"
"NXST","NEXSTAR MEDIA GROUP INC","NXST","NEXSTAR MEDIA GROUP","NASDAQ"
"NXT","NEXTPOWER INC-CL A","NXT","NEXTPOWER INC. CLASS A","NASDAQ"
"NXTC","NEXTCURE INC","NXTC","NEXTCURE, INC. COMMON STOCK","NASDAQ"
"NXTE","AXS GREEN ALPHA ETF","NXTE","AXS GREEN ALPHA ETF","NYSE"
"NXTG","FIRST TRUST INDXX NEXTG ETF","NXTG","FIRST TRUST INDXX NEXTG ETF","NASDAQ"
"NXTI","SIMPLIFY NEXT INTG C IDX ETF","NXTI","SIMPLIFY NEXT INTANGIBLE CORE ETF","BATS"
"NXTS","NEXENTIS TECHNOLOGIES INC","NXTS","NEXENTIS TECHNOLOGIES INC.","NASDAQ"
"NXTT","NEXT TECHNOLOGY HOLDING INC","NXTT","NEXT TECHNOLOGY HOLDING INC.","NASDAQ"
"NXUS","NUVEEN INTNATINAL AGG BD ETF","NXUS","NUVEEN INTERNATIONAL AGGREGATE BOND ETF","NYSE"
"NXXT","NEXTNRG INC","NXXT","NEXTNRG, INC.","NASDAQ"
"NYAX","NAYAX LTD","NYAX","NAYAX LTD.","NASDAQ"
"NYC","AMERICAN STRATEGIC INVESTM-A","NYC","NEW YORK CITY REIT INC","NYSE"
"NYF","ISHARES NEW YORK MUNI BOND E","NYF","ISHARES NEW YORK MUNI BOND","NYSE"
"NYSX","GLOBAL X NYSE 100 ETF","NYSX","GLOBAL X NYSE 100 ETF","NYSE"
"NYT","NEW YORK TIMES CO-A","NYT","NEW YORK TIMES","NYSE"
"NYXH","NYXOAH SA","NYXH","NYXOAH SA ORDINARY SHARES","NASDAQ"
"NZAC","STATE STREET SPDR MSCI ACWI","NZAC","SPDR SHARES FUND STATE STREET SPDR MSCI ACWI CLIMA","NASDAQ"
"NZF","NUVEEN MUNICIPAL CREDIT INC","NZF","NUVEEN MUNICIPAL CREDIT INCOME FUND","NYSE"
"NZUS","SS SPDR MSCI U CL P AL ETF","NZUS","STATE STREET SPDR MSCI USA CLIMATE PARIS ALIGNED","NASDAQ"
"O","REALTY INCOME CORP","O","REALTY INCOME","NYSE"
"OABI","OMNIAB INC","OABI","OMNIAB, INC.","NASDAQ"
"OACC","OAKTREE ACQUISITION CORP I-A","OACC","OAKTREE ACQ CORP III LIFE SCIENCES CLASS A","NASDAQ"
"OACCU","OAKTREE ACQUISITION III LIFE","OACCU","OAKTREE ACQUISITION CORP. III LIFE SCIENCES UNT","NASDAQ"
"OAEM","ONEASCENT EMRG MARKETS ETF","OAEM","ONEASCENT EMERGING MARKETS ETF","NYSE"
"OAIM","ONEASCENT INTL EQTY ETF","OAIM","ONEASCENT INTERNATIONAL EQUITY ETF","NYSE"
"OAKG","OAKMARK GLOBAL LARGE CAP ETF","OAKG","OAKMARK GLOBAL LARGE CAP ETF","NYSE"
"OAKI","OAKMARK INTERNATIONAL LC ETF","OAKI","OAKMARK INTERNATIONAL LARGE CAP ETF","NYSE"
"OAKM","OAKMARK US LARGE CAP ETF","OAKM","OAKMARK US LARGE CAP ETF","NYSE"
"OALC","ONEASCENT LARGE CAP CORE","OALC","ONEASCENT LARGE CAP CORE ETF","NYSE"
"OARK","YIELDMAX INNOVATION OPTION I","OARK","YIELDMAX ARKK OPTION INCOME STRATEGY ETF","NYSE"
"OASC","ONEASCENT ENHANCED SMALL AND","OASC","ONEASCENT ENHANCED SMALL AND MID CAP","NYSE"
"OBA","OXLEY BRIDGE ACQUISITIO-CL A","OBA","OXLEY BRIDGE ACQUISITION LIMITED CLASS A","NASDAQ"
"OBAI","OUR BOND INC","OBAI","OUR BOND, INC.","NASDAQ"
"OBAWU","OXLEY BRIDGE ACQUISITION LTD","OBAWU","OXLEY BRIDGE ACQUISITION LIMITED UNT","NASDAQ"
"OBDC","BLUE OWL CAPITAL CORP","OBDC","BLUE OWL CAPITAL CORP","NYSE"
"OBE","OBSIDIAN ENERGY LTD","OBE","OBSIDIAN ENERGY LTD","NYSE_AMERICAN"
"OBIL","F-M US TREASURY 12 MONTH BIL","OBIL","US TREASURY 12 MONTH BILL ETF","NASDAQ"
"OBIO","ORCHESTRA BIOMED HOLDINGS IN","OBIO","ORCHESTRA BIOMED HOLDINGS, INC.","NASDAQ"
"OBK","ORIGIN BANCORP INC","OBK","ORIGIN BANCORP INC","NYSE"
"OBND","SS LOOMIS SAYLES OP BOND ETF","OBND","SPDR LOOMIS SAYLES OPPORTUNISTIC BOND ETF","BATS"
"OBOR","KRANESHARES MSCI ONE BELT ON","OBOR","KRANESHARES MSCI ONE BELT ONE ROAD ETF","NYSE"
"OBT","ORANGE COUNTY BANCORP INC","OBT","ORANGE COUNTY BANCORP, INC.","NASDAQ"
"OBTC","OSPREY BITCOIN TRUST","OBTC","OSPREY BITCOIN TRUST COMMON UNT OF BENEFICIAL INT","NASDAQ"
"OC","OWENS CORNING","OC","OWENS-CORNING","NYSE"
"OCC","OPTICAL CABLE CORP","OCC","OPTICAL CABLE","NASDAQ"
"OCCI","OFS CREDIT COMPANY INC","OCCI","OFS CREDIT COMPANY, INC. COMMON STOCK","NASDAQ"
"OCCIM","OFS CREDIT COMPANY INC","OCCIM","OFS CREDIT COMPANY, INC. 7.875% SERIES F TERM PF","NASDAQ"
"OCCIN","OFS CR CO INC TERM PFD STK SER E %","OCCIN","OFS CREDIT CO, INC. 5.25% SER E TERM PF DUE 2026","NASDAQ"
"OCCIO","OFS CREDIT COMPANY","OCCIO","OFS CREDIT COMPANY, INC. 6.125% SERIES C TERM PF","NASDAQ"
"OCFC","OCEANFIRST FINANCIAL CORP","OCFC","OCEANFIRST FINANCIAL","NASDAQ"
"OCG","ORIENTAL CULTURE HOLDING LTD","OCG","ORIENTAL CULTURE HOLDING LTD","NASDAQ"
"OCGN","OCUGEN INC","OCGN","OCUGEN INC","NASDAQ"
"OCS","OCULIS HOLDING AG","OCS","OCULIS HOLDING AG","NASDAQ"
"OCSL","OAKTREE SPECIALTY LENDING CO","OCSL","OAKTREE SPECIALTY LENDING CORPORATION","NASDAQ"
"OCTB","APTUS OCTOBER BUFFER ETF","OCTB","APTUS OCT BUFFER ETF","BATS"
"OCTH","INNVTR PR INC20 BAR ETF-OCT","OCTH","INNOVATOR PREMIUM INCOME 20 BARRIER ETF OCT","BATS"
"OCTJ","INN PREM INCOME 30 BARR OCT","OCTJ","INNOVATOR PREMIUM INCOME 30 BARRIER ETF OCT","BATS"
"OCTM","FT VEST US EQ MAX BUF OCT","OCTM","FIRST TR VIII VEST US EQUITY MAX BUFFER OCT","BATS"
"OCTP","PGIM S&P 500 BUFFER 12 ETF -","OCTP","SHL TELEMEDICINE PGIM US LARGE-CAP BUFFER 12 OCT","BATS"
"OCTT","ALL US EQU BUF10 OCT ETF-USD","OCTT","ALLIANZIM US LARGE CAP BUFFER10 OCT ETF","BATS"
"OCTU","ALLIANZIM US BF15 UNCAP OCT","OCTU","ALLIANZIM US EQUITY BUFFER15 UNCAPPED OCT","BATS"
"OCTW","ALIANZIM US EQ BFR20 OCT-USD","OCTW","ALLIANZIM US LARGE CAP BUFFER20 OCT ETF","BATS"
"OCTZ","TRUESHARES STRUC OUTCOME OCT","OCTZ","TRUESHARES STRUCTURED OUTCOME OCT ETF","BATS"
"OCUL","OCULAR THERAPEUTIX INC","OCUL","OCULAR THERAPEUTIX, INC. COMMO","NASDAQ"
"ODC","OIL-DRI CORP OF AMERICA","ODC","OIL-DRI CORP OF AMERICA","NYSE"
"ODD","ODDITY TECH LTD-CL A","ODD","ODDITY TECH LTD. CLASS A","NASDAQ"
"ODDS","PACER BLUESTAR DIG ENTERTAIN","ODDS","PACER FUNDS PACER BLUESTAR DIGITAL ENTERTAINMENT","NASDAQ"
"ODFL","OLD DOMINION FREIGHT LINE","ODFL","OLD DOMINION FREIGHT LNS","NASDAQ"
"ODTE","VEGASH SPX NDX RTY PR I ETF","ODTE","VEGASHARES SPX NDX RTY PREMIUM INCOME ETF","NASDAQ"
"ODV","OSISKO DEVELOPMENT CORP","ODV","OSISKO DEVELOPMENT CORP","NYSE"
"ODYS","ODYSIGHT.AI INC","ODYS","ODYSIGHT.AI INC.","NASDAQ"
"OEC","ORION SA","OEC","ORION S.A.","NYSE"
"OEF","ISHARES S&P 100 ETF","OEF","ISHARES S&P 100 INDEX","NYSE"
"OEFA","ALPS O'SHARES INTL DEV QLTY","OEFA","ALPS OSHARES INTL DEVELOPED QUALITY DIV ETF","NYSE"
"OEI","OPTIMIZE EQUITY INCOME ETF","OEI","OPTIMIZED EQUITY INCOME ETF","NYSE"
"OESX","ORION ENERGY SYSTEMS INC","OESX","ORION ENERGY SYSTEMS, INC. COMMON STOCK","NASDAQ"
"OFAL","OFA GROUP-A","OFAL","OFA GROUP CLASS A","NASDAQ"
"OFG","OFG BANCORP","OFG","OFG BANCORP","NYSE"
"OFIX","ORTHOFIX MEDICAL INC","OFIX","ORTHOFIX INTERNATIONAL","NASDAQ"
"OFLX","OMEGA FLEX INC","OFLX","OMEGA FLEX","NASDAQ"
"OFRM","ONCE UPON A FARM PBC","OFRM","ONCE UPON A FARM PBC","NYSE"
"OFS","OFS CAPITAL CORP","OFS","OFS CAPITAL","NASDAQ"
"OFSSH","OFS CAPITAL CORP","OFSSH","OFS CAPITAL CORPORATION 4.95% NT 2028","NASDAQ"
"OFSSO","OFS CAPITAL CORP","OFSSO","OFS CAPITAL CORPORATION 7.50% NT 2028","NASDAQ"
"OGC","OCEANAGOLD CORP","OGC","OCEANAGOLD CORP","NYSE"
"OGCP","EMPIRE STATE REALTY OP-S60","OGCP","EMPIRE STATE REALTY OP LP","NYSE"
"OGE","OGE ENERGY CORP","OGE","OGE ENERGY","NYSE"
"OGEN","ORAGENICS INC","OGEN","ORAGENICS, INC.","NYSE_AMERICAN"
"OGI","ORGANIGRAM GLOBAL INC","OGI","ORGANIGRAM GLOBAL INC.","NASDAQ"
"OGIG","ALPS OSHARES GLOBAL INTERNET","OGIG","O'SHARES GLOBAL INTERNET GIANTS ETF","NYSE"
"OGN","ORGANON & CO","OGN","ORGANON & CO","NYSE"
"OGS","ONE GAS INC","OGS","ONE GAS INC","NYSE"
"OGSP","OBRA HIGH GRADE STRUCTURED","OGSP","OBRA HIGH GRADE STRUCTURED PRODUCTS ETF","NYSE"
"OHI","OMEGA HEALTHCARE INVESTORS","OHI","OMEGA HEALTHCARE","NYSE"
"OI","O-I GLASS INC","OI","O-I GLASS INC","NYSE"
"OIA","INVESCO MUNICIPAL INCOME OPP","OIA","INVESCO MUNI INCOME OPPS TRUST","NYSE"
"OIH","VANECK OIL SERVICES ETF","OIH","VANECK OIL SERVICES ETF","NYSE"
"OII","OCEANEERING INTL INC","OII","OCEANEERING INTERNATIONAL","NYSE"
"OILD","MICRO OG EXP PROD 3X INV LEV","OILD","MICROSCTRS OIL & GAS EXP. & PROD. -3X LVRGD ETN","NYSE"
"OILK","PROS K-1 FREE CR OIL ETF-USD","OILK","PROSHARES K-1 FREE CRUDE OIL STRATEGY","BATS"
"OILT","TEXAS OIL INDEX ETF","OILT","TEXAS CAPITAL TEXAS OIL INDEX ETF","NYSE"
"OILU","MICRO OG EXP PROD 3X LEVG","OILU","MICROSCTRS OIL & GAS EXP. & PROD. 3X LVRGD ETN","NYSE"
"OIM","ONEIM ACQUISITION CL-A","OIM","ONEIM ACQUISITION CORP. CLASS A","NASDAQ"
"OIMAU","ONEIM ACQUISITION CORP","OIMAU","ONEIM ACQUISITION CORP. UNT","NASDAQ"
"OIO","OIO GROUP","OIO","OIO GROUP","NASDAQ"
"OIS","OIL STATES INTERNATIONAL INC","OIS","OIL STATES INTERNATIONAL","NYSE"
"OKE","ONEOK INC","OKE","ONEOK","NYSE"
"OKLL","DEFIANC D TRGT 2X L OKLO ETF","OKLL","DEFIANCE DAILY TARGET 2X LONG OKLO ETF","NASDAQ"
"OKLO","OKLO INC","OKLO","OKLO INC","NYSE"
"OKLS","DEFIANCE DT 2X SH OKLO ETF","OKLS","DEFIANCE DAILY TARGET 2X SHORT OKLO","NYSE"
"OKTA","OKTA INC","OKTA","OKTA, INC. CL A COMMON STOCK","NASDAQ"
"OKTG","LEVERAGE SHARES 2X OKTA","OKTG","LEVERAGE SHARES 2X LONG OKTA DAILY ETF","NASDAQ"
"OKUR","ONKURE THERAPEUTICS INC-A","OKUR","ONKURE THERAPEUTICS, INC. CLASS A","NASDAQ"
"OKYO","OKYO PHARMA LTD","OKYO","OKYO PHARMA LIMITED AMERICAN DEPOSITARY","NASDAQ"
"OLB","OLB GROUP INC","OLB","THE OLB GROUP, INC. COMMON STOCK","NASDAQ"
"OLED","UNIVERSAL DISPLAY CORP","OLED","UNIVERSAL DISPLAY CORPORATION","NASDAQ"
"OLLI","OLLIE'S BARGAIN OUTLET HOLDI","OLLI","OLLIES BARGAIN OUTLET HOLDINGS, INC.","NASDAQ"
"OLMA","OLEMA PHARMACEUTICALS INC","OLMA","OLEMA PHARMACEUTICALS, INC.","NASDAQ"
"OLN","OLIN CORP","OLN","OLIN","NYSE"
"OLP","ONE LIBERTY PROPERTIES INC","OLP","ONE LIBERTY PROPERTIES","NYSE"
"OLPX","OLAPLEX HOLDINGS INC","OLPX","OLAPLEX HOLDINGS, INC.","NASDAQ"
"OM","OUTSET MEDICAL INC","OM","OUTSET MEDICAL, INC. COMMON STOCK","NASDAQ"
"OMAB","GRUPO AEROPORTUARIO CEN-ADR","OMAB","CENTRAL NORTH AIRPORT","NASDAQ"
"OMAH","VISTASHARES TRG 15 BERKSHIRE","OMAH","VISTASHARES TARGET 15 BERKSHIRE SELECT INCOME ETF","NYSE"
"OMC","OMNICOM GROUP","OMC","OMNICOM GROUP","NYSE"
"OMCL","OMNICELL INC","OMCL","OMNICELL","NASDAQ"
"OMDA","OMADA HEALTH INC","OMDA","OMADA HEALTH, INC.","NASDAQ"
"OMER","OMEROS CORP","OMER","OMEROS","NASDAQ"
"OMEX","ODYSSEY MARINE EXPLORATION","OMEX","ODYSSEY MARINE","NASDAQ"
"OMF","ONEMAIN HOLDINGS INC","OMF","ONEMAIN HOLDINGS INC","NYSE"
"OMFL","INVESCO RUSSELL 1000 DYN M-F","OMFL","INVESCO RUSSELL 1000 DYNAMIC MULTIFACTOR ETF","BATS"
"OMFS","INVESCO RSL 2000 DYN MLTFCTR","OMFS","INVESCO RUSSELL 2000 DYNAMIC MULTIFACTOR ETF","BATS"
"OMH","OHMYHOME LTD-A","OMH","OHMYHOME LIMITED CLASS A","NASDAQ"
"OMSE","OMS ENERGY TECHNOLOGIES INC","OMSE","OMS ENERGY TECHNOLOGIES INC.","NASDAQ"
"ON","ON SEMICONDUCTOR","ON","ON SEMICONDUCTOR CORP","NASDAQ"
"ONB","OLD NATIONAL BANCORP","ONB","OLD NATIONAL","NASDAQ"
"ONBPO","OLD NATL BANCORP","ONBPO","OLD NATIONAL BANCORP DS (1/40 SERIES C PF)","NASDAQ"
"ONBPP","FIRST MIDWEST BANCORP","ONBPP","OLD NATIONAL BANCORP DS (1/40 SERIES A PF)","NASDAQ"
"ONC","BEONE MEDICINES LTD-ADR","ONC","BEONE MEDICINES LTD. ADS","NASDAQ"
"ONCH","1RT ACQUISITION CORP-A","ONCH","1RT ACQUISITION CORP. CLASS A","NASDAQ"
"ONCHU","1RT ACQUISITION CORP","ONCHU","1RT ACQUISITION CORP. UNT","NASDAQ"
"ONCO","ONCONETIX INC","ONCO","ONCONETIX, INC.","NASDAQ"
"ONCY","ONCOLYTICS BIOTECH INC","ONCY","ONCOLYTICS BIOTECH, INC. COMMON SHARES","NASDAQ"
"ONDG","LEVERAGE SHARES 2X ONDS","ONDG","LEVERAGE SHARES 2X LONG ONDS DAILY ETF","NASDAQ"
"ONDL","DEF DAILY T2XL ONDS ETF","ONDL","DEFIANCE DAILY TARGET 2X LONG ONDS ETF","BATS"
"ONDS","ONDAS INC","ONDS","ONDAS INC.","NASDAQ"
"ONDU","TRADR 2XL ONDS DAILY ETF","ONDU","TRADR 2X LONG ONDS DAILY ETF","BATS"
"ONEG","ONECONSTRUCTION GROUP LTD","ONEG","ONECONSTRUCTION GROUP LIMITED","NASDAQ"
"ONEH","TRUESHARES EQUITY HEDGE ETF","ONEH","","BATS"
"ONEO","SS SPDR R1000 MOM FOC ETF","ONEO","STATE ST SPDR RUSSELL 1000 MOMENTUM FOCUS","NYSE"
"ONEQ","FIDELITY NASDAQ COMP INDX","ONEQ","FIDELITY NASDAQ COMPOSITE INDEX ETF","NASDAQ"
"ONEV","SS SPDR R1000 LO VOL FOC ETF","ONEV","STATE ST SPDR RUSSELL 1000 LOW VOLATILITY FOCUS","NYSE"
"ONEW","ONEWATER MARINE INC-CL A","ONEW","ONEWATER MARINE INC. CLASS A","NASDAQ"
"ONEY","SS SPDR R1000 YIELD FOC ETF","ONEY","STATE ST SPDR RUSSELL 1000 YIELD FOCUS","NYSE"
"ONEZ","TRUESHR SEASONALITY LA B ETF","ONEZ","TRUESHARES SEASONALITY LADDERED BUFFERED ETF","BATS"
"ONFO","ONFOLIO HOLDINGS INC","ONFO","ONFOLIO HOLDINGS, INC","NASDAQ"
"ONIT","ONITY GROUP INC","ONIT","ONITY GROUP INC","NYSE"
"ONL","ORION PROPERTIES INC","ONL","ORION PROPERTIES INC","NYSE"
"ONLN","PROSHARES ONLINE RETAIL ETF","ONLN","PROSHARES ONLINE RETAIL ETF","NYSE"
"ONMD","ONEMEDNET CORP","ONMD","ONEMEDNET CORP CLASS A","NASDAQ"
"ONON","ON HOLDING AG-CLASS A","ONON","ON HOLDING AG","NYSE"
"ONTO","ONTO INNOVATION INC","ONTO","ONTO INNOVATION INC","NYSE"
"OOMA","OOMA INC","OOMA","OOMA INC","NYSE"
"OOSP","OBRA OPP STRUCTURED PROD ETF","OOSP","OBRA OPPORTUNISTIC STRUCTURED PRODUCTS ETF","NYSE"
"OPAD","OFFERPAD SOLUTIONS INC","OPAD","OFFERPAD SOLUTIONS INC","NYSE"
"OPAL","OPAL FUELS INC-A","OPAL","OPAL FUELS INC. CLASS A","NASDAQ"
"OPBK","OP BANCORP","OPBK","OP BANCORP COMMON STOCK","NASDAQ"
"OPCH","OPTION CARE HEALTH INC","OPCH","OPTION CARE HEALTH, INC. COMMON STOCK","NASDAQ"
"OPEG","LEVERAGE SHARES 2X OPEN","OPEG","LEVERAGE SHARES 2X LONG OPEN DAILY ETF","NASDAQ"
"OPEN","OPENDOOR TECHNOLOGIES INC","OPEN","OPENDOOR TECHNOLOGIES INC","NASDAQ"
"OPER","CLEARSHARES ULTRA-SHORT MATU","OPER","CLEARSHARES ULTRA-SHORT MATURITY ETF","NYSE"
"OPEX","TRADR 2X LONG OPEN DAILY ETF","OPEX","TRADR 2X LONG OPEN DAILY ETF","BATS"
"OPFI","OPPFI INC","OPFI","OPPFI INC","NYSE"
"OPHC","OPTIMUMBANK HOLDINGS INC","OPHC","OPTIMUMBANK HOLDINGS INC","NYSE_AMERICAN"
"OPK","OPKO HEALTH INC","OPK","OPKO HEALTH","NASDAQ"
"OPLN","OPENLANE INC","OPLN","OPENLANE INC","NYSE"
"OPP","RIVERNRTH-DOUBLELNE STR OPP","OPP","RIVERNORTH/DOUBLELINE STRATEGIC OPPTY FUND","NYSE"
"OPPE","WISDOMTREE EUROPEAN OPPORT","OPPE","WISDOMTREE EUROPEAN OPPORTUNITIES FUND","NYSE"
"OPPJ","WISDOMTREE JAPAN OPPORTUNITI","OPPJ","WISDOMTREE JAPAN OPPORTUNITIES FUND","NASDAQ"
"OPRA","OPERA LTD-ADR","OPRA","OPERA LIMITED ADS","NASDAQ"
"OPRT","OPORTUN FINANCIAL CORP","OPRT","OPORTUN FINANCIAL CORPORATION","NASDAQ"
"OPRX","OPTIMIZERX CORP","OPRX","OPTIMIZERX CORPORATION COMMON STOCK","NASDAQ"
"OPTT","OCEAN POWER TECHNOLOGIES INC","OPTT","OCEAN POWER","NYSE_AMERICAN"
"OPTU","OPTIMUM COMMUNICATIONS INC-A","OPTU","OPTIMUM COMMUNICATIONS INC","NYSE"
"OPTZ","OPTIMIZE STRATEGY INDEX ETF","OPTZ","OPTIMIZE STRATEGY ETF","NASDAQ"
"OPXS","OPTEX SYSTEMS HOLDINGS INC","OPXS","OPTEX SYSTEMS HOLDINGS, INC.","NASDAQ"
"OPY","OPPENHEIMER HOLDINGS-CL A","OPY","OPPENHEIMER HOLDINGS","NYSE"
"OR","OR ROYALTIES INC","OR","OR ROYALTIES INC","NYSE"
"ORA","ORMAT TECHNOLOGIES INC","ORA","ORMAT TECHNOLOGIES","NYSE"
"ORBS","EIGHTCO HOLDINGS INC","ORBS","EIGHTCO HOLDINGS INC.","NASDAQ"
"ORC","ORCHID ISLAND CAPITAL INC","ORC","ORCHID ISLAND CAPITAL INC","NYSE"
"ORCL","ORACLE CORP","ORCL","ORACLE CORP","NYSE"
"ORCS","DRXN DLY ORCL BEAR 1X ETF","ORCS","DIREXION DAILY ORCL BEAR 1X ETF","NASDAQ"
"ORCU","DIREXION DA ORCL BULL 2X ETF","ORCU","DIREXION DAILY ORCL BULL 2X ETF","NASDAQ"
"ORCX","DEFINCE D TRGT 2X L ORCL ETF","ORCX","DEFIANCE DAILY TARGET 2X LONG ORCL ETF","NASDAQ"
"ORGN","ORIGIN MATERIALS INC","ORGN","ORIGIN MATERIALS INC","NASDAQ"
"ORGO","ORGANOGENESIS HOLDINGS INC","ORGO","ORGANOGENESIS HOLDINGS INC","NASDAQ"
"ORI","OLD REPUBLIC INTL CORP","ORI","OLD REPUBLIC","NYSE"
"ORIC","ORIC PHARMACEUTICALS INC","ORIC","ORIC PHARMACEUTICALS, INC. COMMON STOCK","NASDAQ"
"ORIO","ORION DIGITAL CORP","ORIO","ORION DIGITAL CORP.","NASDAQ"
"ORIQ","ORIGIN INVESTMENT CORP I","ORIQ","ORIGIN INVESTMENT CORP I","NASDAQ"
"ORIQU","ORIGIN INVESTMENT CORP I","ORIQU","ORIGIN INVESTMENT CORP I UNT","NASDAQ"
"ORIS","ORIENTAL RISE HOLDINGS LTD","ORIS","ORIENTAL RISE HOLDINGS LIMITED","NASDAQ"
"ORKA","ORUKA THERAPEUTICS INC","ORKA","ORUKA THERAPEUTICS, INC.","NASDAQ"
"ORKT","ORANGEKLOUD TECHNOLOGY INC","ORKT","ORANGEKLOUD TECHNOLOGY INC. CLASS A","NASDAQ"
"ORLA","ORLA MINING LTD","ORLA","ORLA MINING LTD","NYSE_AMERICAN"
"ORLG","LEVERAGE SHARES 2X ORLY","ORLG","LEVERAGE SHARES 2X LONG ORLY DAILY ETF","NASDAQ"
"ORLY","O'REILLY AUTOMOTIVE INC","ORLY","O'REILLY AUTOMOTIVE","NASDAQ"
"ORMP","ORAMED PHARMACEUTICALS INC","ORMP","ORAMED PHARMACEUTICALS INC. CO","NASDAQ"
"ORN","ORION GROUP HOLDINGS INC","ORN","ORION GROUP HOLDINGS","NYSE"
"ORO","ARROW VALTORO ETF","ORO","ARROW INVESTMENTS TRUST ARROW VALTORO ETF","BATS"
"ORR","MILITIA LONG-SHRT EQUITY ETF","ORR","MILITIA LONG/SHORT EQUITY ETF","NASDAQ"
"ORRF","ORRSTOWN FINL SERVICES INC","ORRF","ORRSTOWN FINANCIAL","NASDAQ"
"OSBC","OLD SECOND BANCORP INC","OSBC","OLD SECOND BANCORP","NASDAQ"
"OSCG","LEVERAGE SHARES 2X OSCR","OSCG","LEVERAGE SHARES 2X LONG OSCR DAILY ETF","NASDAQ"
"OSCR","OSCAR HEALTH INC - CLASS A","OSCR","OSCAR HEALTH INC","NYSE"
"OSCV","OPUS SMALL CAP VALUE ETF","OSCV","OPUS SMALL CAP VALUE ETF","BATS"
"OSCX","DEF DAILY T2X LONG OSCR","OSCX","DEFIANCE DAILY TARGET 2X LONG OSCR ETF","NASDAQ"
"OSEA","HARBOR INTL COMPOUNDERS ETF","OSEA","HARBOR INTERNATIONAL COMPOUNDERS ETF","NYSE"
"OSG","OCTAVE SPECIALTY GROUP INC","OSG","OCTAVE SPECIALTY GROUP INC","NYSE"
"OSIS","OSI SYSTEMS INC","OSIS","OSI SYSTEMS","NASDAQ"
"OSK","OSHKOSH CORP","OSK","OSHKOSH","NYSE"
"OSPN","ONESPAN INC","OSPN","ONESPAN INC. COMMON STOCK","NASDAQ"
"OSRH","OSR HOLDINGS INC","OSRH","OSR HOLDINGS, INC.","NASDAQ"
"OSS","ONE STOP SYSTEMS INC","OSS","ONE STOP SYSTEMS, INC. COMMON STOCK","NASDAQ"
"OST","OSTIN TECHNOLOGY GROUP CO LT","OST","OSTIN TECHNOLOGY GROUP CO., LTD.","NASDAQ"
"OSTX","OS THERAPIES INC","OSTX","OS THERAPIES INC","NYSE_AMERICAN"
"OSUR","ORASURE TECHNOLOGIES INC","OSUR","ORASURE TECHNOLOGIES","NASDAQ"
"OSW","ONESPAWORLD HOLDINGS LTD","OSW","ONESPAWORLD HOLDINGS LTD","NASDAQ"
"OTEX","OPEN TEXT CORP","OTEX","OPEN TEXT CORPORATION","NASDAQ"
"OTF","BLUE OWL TECHNOLOGY FINANCE","OTF","BLUE OWL TECHNOLOGY FINANCE CORP","NYSE"
"OTGA","OTG ACQUISITION CORP I-CL A","OTGA","OTG ACQUISITION CORP. I CLASS A","NASDAQ"
"OTGAU","OTG ACQUISITION CORP I","OTGAU","OTG ACQUISITION CORP. I UNT","NASDAQ"
"OTGL","OTG LATIN AMERICA ETF","OTGL","OTG LATIN AMERICA ETF","NASDAQ"
"OTH","OFF THE HOOK YS INC","OTH","OFF THE HOOK YS INC","NYSE_AMERICAN"
"OTIS","OTIS WORLDWIDE CORP","OTIS","OTIS WORLDWIDE CORP","NYSE"
"OTLK","OUTLOOK THERAPEUTICS INC","OTLK","OUTLOOK THERAPEUTICS INC","NASDAQ"
"OTLY","OATLY GROUP AB","OTLY","OATLY GROUP AB ADS","NASDAQ"
"OTTR","OTTER TAIL CORP","OTTR","OTTER TAIL","NASDAQ"
"OUNZ","VANECK MERK GOLD ETF","OUNZ","VAN ECK MERK GOLD SHARES","NYSE"
"OUSA","ALPS OSHARES US QUALITY DIVI","OUSA","OSHARES US QUALITY DVD ETF","NYSE"
"OUSM","ALPS OSHARES US SMALL-CAP QU","OUSM","O'SHARES US SMALL CAP QUALITY DVDND","NYSE"
"OUST","OUSTER INC","OUST","OUSTER, INC.","NASDAQ"
"OUT","OUTFRONT MEDIA INC","OUT","OUTFRONT MEDIA INC","NYSE"
"OVB","OVERLAY SHARES CORE BOND ETF","OVB","OVERLAY SHARES CORE BOND ETF","BATS"
"OVBC","OHIO VALLEY BANC CORP","OVBC","OHIO VALLEY BANC","NASDAQ"
"OVID","OVID THERAPEUTICS INC","OVID","OVID THERAPEUTICS INC. COMMON STOCK","NASDAQ"
"OVL","OVERLAY SHARES LARGE CAP EQ","OVL","OVERLAY SHARES LARGE CAP EQUITY ETF","BATS"
"OVLH","OVERLAY SHRS HDG LRG CAP EQY","OVLH","OVERLAY SHARES HEDGED LARGE CAP EQUITY ETF","BATS"
"OVLY","OAK VALLEY BANCORP","OVLY","OAK VALLEY BANCORP","NASDAQ"
"OVV","OVINTIV INC","OVV","OVINTIV INC","NYSE"
"OWL","BLUE OWL CAPITAL INC","OWL","BLUE OWL CAPITAL","NYSE"
"OWLS","OBOOK HOLDINGS INC CL A","OWLS","OBOOK HOLDINGS INC. CLASS A","NASDAQ"
"OWLT","OWLET INC","OWLT","OWLET INC","NYSE"
"OWNB","BITWISE BITCOIN STD CORP ETF","OWNB","BITWISE BITCOIN STANDARD CORP ETF","NYSE"
"OWNS","CCM AFFORDABLE HOUS MBS ETF","OWNS","CCM AFFORDABLE HOUSING MBS ETF","NYSE"
"OXBR","OXBRIDGE RE HOLDINGS LTD","OXBR","OXBRIDGE RE HOLDINGS LIMITED O","NASDAQ"
"OXLC","OXFORD LANE CAPITAL CORP","OXLC","OXFORD LANE CAPITAL CORP COMMO","NASDAQ"
"OXLCG","OXFORD LANE CAPITAL CORP","OXLCG","OXFORD LANE CAPITAL CORP. 7.95% NT 2032","NASDAQ"
"OXLCI","OXFORD LANE CAPITAL CORP","OXLCI","OXFORD LANE CAPITAL CORP. 8.75% NT 2030","NASDAQ"
"OXLCL","OXFORD LANE CAPITAL CORP","OXLCL","OXFORD LANE CAPITAL CORP. 6.75% NT 2031","NASDAQ"
"OXLCM","OXLC NASDAQ PFD","OXLCM","OXFORD LANE CAPITAL CORP PF, 8.25% SER 2031","NASDAQ"
"OXLCN","OXFORD LANE CAP CORP PFD SER 2029 7","OXLCN","OXFORD LANE CAPITAL CORP. 7.125% SER 2029 TERM PF","NASDAQ"
"OXLCO","OXFORD LANE CAP CORP PFD SER 2029","OXLCO","OXFORD LANE CAPITAL CORP PF SHARES, 6.00% SER 2029","NASDAQ"
"OXLCP","OXFORD LANE CAPITAL CORP","OXLCP","OXFORD LANE CAPITAL CORP. - 6.2","NASDAQ"
"OXLCZ","OXFORD LANE CAPITAL CORP","OXLCZ","OXFORD LANE CAPITAL CORP. 5.00% NT 2027","NASDAQ"
"OXM","OXFORD INDUSTRIES INC","OXM","OXFORD INDUSTRIES","NYSE"
"OXSQ","OXFORD SQUARE CAPITAL CORP","OXSQ","OXFORD SQUARE CAPITAL CORP.","NASDAQ"
"OXSQG","OXFORD SQUARE CAPITAL CORP","OXSQG","OXFORD SQUARE CAPITAL CORP. 5.50% NT 2028","NASDAQ"
"OXSQH","OXFORD SQUARE CAPITAL CORP","OXSQH","OXFORD SQUARE CAPITAL CORP. 7.75% NT 2030","NASDAQ"
"OXY","OCCIDENTAL PETROLEUM CORP","OXY","OCCIDENTAL PETROLEUM","NYSE"
"OYSE","OYSTER ENTERPRISES II ACQ-A","OYSE","OYSTER ENTERPRISES II ACQUISITION CORP CLASS A","NASDAQ"
"OYSEU","OYSTER ENTERPRISES II ACQUIS","OYSEU","OYSTER ENTERPRISES II ACQUISITION CORP UNT","NASDAQ"
"OZ","BELPOINTE PREP LLC- CLASS A","OZ","BELPOINTE PREP LLC","NYSE_AMERICAN"
"OZK","BANK OZK","OZK","BANK OZK COMMON STOCK","NASDAQ"
"OZKAP","BANK OZK","OZKAP","BANK OZK 4.625% SERIES A PF","NASDAQ"
"PAA","PLAINS ALL AMER PIPELINE LP","PAA","PLAINS ALL AMERICAN","NASDAQ"
"PAAA","PGIM AAA CLO ETF","PAAA","PGIM AAA CLO ETF","NYSE"
"PAAC","PROEM ACQUISITION CORP I","PAAC","PROEM ACQUISITION CORP I","NASDAQ"
"PAACU","PROEM ACQUISITION CORP I","PAACU","PROEM ACQUISITION CORP I UNT","NASDAQ"
"PAAS","PAN AMERICAN SILVER CORP","PAAS","PAN AMERICAN SILVER","NYSE"
"PABD","ISHARES PARIS-ALIGNED CLIMAT","PABD","ISHARES PARIS-ALIGNED CLIMATE OPTIMIZED MSCI WORLD","NASDAQ"
"PABU","ISHR PAR-ALND CLIM OPT MUE-U","PABU","ISHARES PARIS-ALIGNED CLIMATE OPTIMIZED MSCI USA","NASDAQ"
"PAC","GRUPO AEROPORTUARIO PAC-ADR","PAC","PACIFIC AIRPORT GROUP","NYSE"
"PACB","PACIFIC BIOSCIENCES OF CALIF","PACB","PACIFIC BIOSCIENCES","NASDAQ"
"PACH","PIONEER ACQUISITION I-CL A","PACH","PIONEER ACQUISITION I CORP CLASS A","NASDAQ"
"PACHU","PIONEER ACQUISITION I CORP","PACHU","PIONEER ACQUISITION I CORP UNT","NASDAQ"
"PACK","RANPAK HOLDINGS CORP","PACK","RANPAK HOLDINGS CORP","NYSE"
"PACS","PACS GROUP INC","PACS","PACS GROUP INC","NYSE"
"PAG","PENSKE AUTOMOTIVE GROUP INC","PAG","PENSKE AUTOMOTIVE GROUP","NYSE"
"PAGP","PLAINS GP HOLDINGS LP-CL A","PAGP","PLAINS GP HOLDINGS LP","NASDAQ"
"PAGS","PAGSEGURO DIGITAL LTD-CL A","PAGS","PAGSEGURO DIGITAL","NYSE"
"PAHC","PHIBRO ANIMAL HEALTH CORP-A","PAHC","PHIBRO ANIMAL HEALTH CORPORATI","NASDAQ"
"PAI","WESTERN ASSET INVESTMENT GRA","PAI","WESTERN ASSET INVESTMENT GRADE INCOME FUND INC","NYSE"
"PAII","PYROPHYTE ACQUISITION CORP-A","PAII","PYROPHYTE ACQUISITION CORP II","NYSE"
"PAL","PROFICIENT AUTO LOGISTICS IN","PAL","PROFICIENT AUTO LOGISTICS, INC.","NASDAQ"
"PALC","PACER LUNT LRG CAP MULTI-FAC","PALC","PACER LUNT LARGE CAP MULTI-FACTOR ALTERNATOR ETF","NYSE"
"PALI","PALISADE BIO INC","PALI","PALISADE BIO INC","NASDAQ"
"PALL","ABRDN PHYSICAL PALLADIUM SHS","PALL","ABRDN PHYSICAL PALLADIUM SHARES ETF","NYSE"
"PALOU","PALOMA ACQUISITION CORP I","PALOU","PALOMA ACQUISITION CORP I UNT","NASDAQ"
"PALU","DIREXION DAILY PANW BULL 2X","PALU","DIREXION DAILY PANW BULL 2X ETF","NASDAQ"
"PAM","PAMPA ENERGIA SA-SPON ADR","PAM","PAMPA ENERGIA","NYSE"
"PAMC","PACER LUNT MIDCAP MULT-FACT","PAMC","PACER LUNT MIDCAP MULTI-FACTOR ALTERNATOR ETF","NYSE"
"PAMT","PAMT CORP","PAMT","PAMT CORP","NASDAQ"
"PANG","LEVERAGE SHARES 2X PANW","PANG","LEVERAGE SHARES 2X LONG PANW DAILY ETF","NASDAQ"
"PANL","PANGAEA LOGISTICS SOLUTIONS","PANL","PANGAEA LOGISTICS","NASDAQ"
"PANW","PALO ALTO NETWORKS INC","PANW","PALO ALTO NETWORKS","NASDAQ"
"PAPI","PARAMETRIC EQUITY PREM INCO","PAPI","PARAMETRIC EQUITY PREMIUM INCOME ETF","NYSE"
"PAPL","PINEAPPLE FINANCIAL INC","PAPL","PINEAPPLE FINANCIAL INC","NYSE_AMERICAN"
"PAPR","INNOVATOR U.S. EQUITY POWER","PAPR","INNOVATOR U.S. EQUITY POWER BUFFER ETF APR","BATS"
"PAR","PAR TECHNOLOGY CORP-DEL","PAR","PAR TECHNOLOGY","NYSE"
"PARK","PARK DENTAL PARTNERS INC","PARK","PARK DENTAL PARTNERS, INC.","NASDAQ"
"PARR","PAR PACIFIC HOLDINGS INC","PARR","PAR PACIFIC HLDGS INC","NYSE"
"PASG","PASSAGE BIO INC","PASG","PASSAGE BIO, INC.","NASDAQ"
"PASW","PING AN BIOMEDICAL CO LTD","PASW","PING AN BIOMEDICAL CO., LTD.","NASDAQ"
"PATH","UIPATH INC - CLASS A","PATH","UIPATH INC","NYSE"
"PATK","PATRICK INDUSTRIES INC","PATK","PATRICK INDUSTRIES","NASDAQ"
"PATN","PACER NASDAQ INT PAT LDR","PATN","PACER NASDAQ INTERNATIONAL PATENT LEADERS ETF","NASDAQ"
"PATX","TRADR 2X LONG PATH","PATX","TRADR 2X LONG PATH DAILY ETF","BATS"
"PAUG","INNOVATOR U.S. EQUITY POWER","PAUG","INNOVATOR U.S. EQUITY POWER BUFFER ETF AUG","BATS"
"PAVE","GLOBAL X US INFRASTRUCTURE","PAVE","GLOBAL X US INFRSTCTR DVLPMT ETF","BATS"
"PAVM","PAVMED INC","PAVM","PAVMED INC. COMMON STOCK","NASDAQ"
"PAVS","PARANOVUS ENTERTAINMENT TECH","PAVS","PARANOVUS ENTERTAINMENT TECHNOLOGY LTD. CLASS A","NASDAQ"
"PAWZ","PROSHARES PET CARE ETF","PAWZ","PROSHARES PET CARE ETF","BATS"
"PAX","PATRIA INVESTMENTS LTD-A","PAX","PATRIA INVESTMENTS LIMITED CLASS A","NASDAQ"
"PAXS","PIMCO ACCESS INCOME FUND","PAXS","PIMCO ACCESS INCOME FUND","NYSE"
"PAY","PAYMENTUS HOLDINGS INC-A","PAY","PAYMENTUS HOLDINGS INC","NYSE"
"PAYC","PAYCOM SOFTWARE INC","PAYC","PAYCOM SOFTWARE INC","NYSE"
"PAYO","PAYONEER GLOBAL INC","PAYO","PAYONEER GLOBAL INC. COMMON STOCK","NASDAQ"
"PAYP","PAYPAY CORP","PAYP","PAYPAY CORPORATION ADS","NASDAQ"
"PAYS","PAYSIGN INC","PAYS","PAYSIGN INC","NASDAQ"
"PAYX","PAYCHEX INC","PAYX","PAYCHEX","NASDAQ"
"PB","PROSPERITY BANCSHARES INC","PB","PROSPERITY BANCSHARES","NYSE"
"PBA","PEMBINA PIPELINE CORP","PBA","PEMBINA PIPELINE","NYSE"
"PBAP","PGIM S&P 500 BUFFER 20 ETF -","PBAP","SHL TELEMEDICINE PGIM US LARGE-CAP BUFFER 20 APR","BATS"
"PBAU","PGIM S&P 500 BUFF 20 ETF AUG","PBAU","SHL TELEMEDICINE PGIM US LARGE-CAP BUFFER 20 AUG","BATS"
"PBD","INVESCO GLOBAL CLEAN ENERGY","PBD","INVESCO GLOBAL CLEAN ENERG","NYSE"
"PBDC","PUTNAM BDC INCOME ETF","PBDC","PUTNAM BDC INCOME ETF","NYSE"
"PBDE","PGIM S&P 500 BUFF 20 ETF DEC","PBDE","SHL TELEMEDICINE PGIM US LARGE-CAP BUFFER 20 DEC","BATS"
"PBE","INVESCO BIOTECHNOLOGY & GENO","PBE","INVESCO BIOTECHNOLOGY & GENOME ETF","NYSE"
"PBEU","PORTFOLIO BLDG BK EB IDX ETF","PBEU","PORTFOLIO BUILDING BLOCK EUROPEAN BANKS ETF","NASDAQ"
"PBF","PBF ENERGY INC-CLASS A","PBF","PBF ENERGY","NYSE"
"PBFR","PGIM LA S&P 500 BUF20 ETF-US","PBFR","SHL TELEMEDICINE PGIM LADDERED FUND OF BUFFER 20","BATS"
"PBFS","PIONEER BANCORP INC-NY","PBFS","PIONEER BANCORP, INC. COMMON STOCK","NASDAQ"
"PBH","PRESTIGE CONSUMER HEALTHCARE","PBH","PRESTIGE CONSUMER HEALTHCARE INC","NYSE"
"PBHC","PATHFINDER BANCORP INC","PBHC","PATHFINDER BANCORP, INC. COMMO","NASDAQ"
"PBI","PITNEY BOWES INC","PBI","PITNEY BOWES","NYSE"
"PBJ","INVESCO FOOD & BEVERAGE ETF","PBJ","INVESCO FOOD & BEVERAGE ETF","NYSE"
"PBJA","PGIM S&P500 BUF20 ETF JAN-US","PBJA","PGIM US LARGE-CAP BUFFER 12 ETF JAN 20 ETF JAN","BATS"
"PBJL","PGIM S&P 500 BUFFER 20 ETF -","PBJL","SHL TELEMEDICINE PGIM US LARGE-CAP BUFFER 20 JUL","BATS"
"PBJN","PGIM S&P500 BUF20 ETF JUN-US","PBJN","SHL TELEMEDICINE PGIM US LARGE-CAP BUFFER 20 JUN","BATS"
"PBM","PSYENCE BIOMEDICAL LTD","PBM","PSYENCE BIOMEDICAL LTD.","NASDAQ"
"PBMR","PGIM S&P 500 BUFFER 20 ETF -","PBMR","PGIM US LARGE-CAP BUFFER 12 ETF JAN 20 ETF MAR","BATS"
"PBMY","PGIM S&P 500 BUFFER 20 ETF -","PBMY","SHL TELEMEDICINE PGIM US LARGE-CAP BUFFER 20 MAY","BATS"
"PBNV","PGIM S&P 500 BUFFER 20 ETF -","PBNV","SHL TELEMEDICINE PGIM US LARGE-CAP BUFFER 20 NOV","BATS"
"PBOC","PGIM S&P 500 BUFFER 20 ETF -","PBOC","SHL TELEMEDICINE PGIM US LARGE-CAP BUFFER 20 OCT","BATS"
"PBOG","PORTFOLIO BUI BLO INT OG ETF","PBOG","PORTFOLIO BUILDING BLOCK INTEGRATED OIL AND GAS AN","NASDAQ"
"PBP","INVESCO S&P 500 BUYWRITE ETF","PBP","INVESCO S&P 500 BUYWRITE ETF","BATS"
"PBPH","PORT BUI BLO WOR PHR BIT ETF","PBPH","PORTFOLIO BUILDING BLOCK WORLD PHARMA AND BIOTECH","NASDAQ"
"PBR","PETROLEO BRASILEIRO-SPON ADR","PBR","PETROLEO BRASILEIRO SA","NYSE"
"PBRG","LEVERAGE SHARES 2X PBR","PBRG","LEVERAGE SHARES 2X LONG PBR DAILY ETF","NASDAQ"
"PBSE","PGIM S&P 500 BUFFER 20 ETF -","PBSE","SHL TELEMEDICINE PGIM US LARGE-CAP BUFFER 20 SEP","BATS"
"PBT","PERMIAN BASIN ROYALTY TRUST","PBT","PERMIAN BASIN ROYALTY","NYSE"
"PBTP","INVESCO 0-5 YR US TIPS ETF","PBTP","INVESCO PUREBETA 0-5 YR US TIPS ETF","BATS"
"PBUS","INVESCO MSCI USA ETF","PBUS","POWERSHARES PUREBETASM MSCI USA PFLIO","BATS"
"PBW","INVESCO WILDERHILL CLEAN ENE","PBW","INVESCO WILDERHILL CLEAN E","NYSE"
"PBYI","PUMA BIOTECHNOLOGY INC","PBYI","PUMA BIOTECHNOLOGY","NASDAQ"
"PC","PREMIUM CATERING HOLDINGS LT","PC","PREMIUM CATERING (HOLDINGS) LIMITED","NASDAQ"
"PCAP","PROCAP ACQUISITION CORP - A","PCAP","PROCAP ACQUISITION CORP CLASS A","NASDAQ"
"PCAPU","PROCAP ACQUISITION CORP","PCAPU","PROCAP ACQUISITION CORP UNT","NASDAQ"
"PCAR","PACCAR INC","PCAR","PACCAR","NASDAQ"
"PCB","PCB BANCORP","PCB","PCB BANCORP","NASDAQ"
"PCCE","POLEN CAPITAL CHINA GR ETF","PCCE","POLEN CAPITAL CHINA GROWTH ETF","NYSE"
"PCEF","INVESCO CEF INCOME COMPOSITE","PCEF","INVESCO CEF INCOME COMPOSI","NYSE"
"PCF","HIGH INCOME SECURITIES FUND","PCF","HIGH INCOME SECURITIES FUND","NYSE"
"PCFI","PLN FLOATING RATE INC ETF","PCFI","POLEN FLOATING RATE INCOME ETF","NYSE"
"PCG","PG&E CORP","PCG","PACIFIC GAS & ELECTRIC CO.","NYSE"
"PCGG","POLEN CAPITAL GLOBAL GROWTH","PCGG","POLEN CAPITAL GLOBAL GROWTH ETF","NYSE"
"PCHI","POLEN HIGH INCOME ETF","PCHI","POLEN HIGH INCOME ETF","NYSE"
"PCIG","POLEN CAPITAL INTER GR ETF","PCIG","POLEN CAPITAL INTERNATIONAL GROWTH ETF","NYSE"
"PCLA","PICOCELA INC","PCLA","PICOCELA INC. ADS","NASDAQ"
"PCLG","POLEN FOCUS GROWTH ETF","PCLG","POLEN FOCUS GROWTH ETF","NYSE"
"PCLO","VIRTUS SEIX AAA PRV CR CLO","PCLO","VIRTUS SEIX AAA PRIVATE CREDIT CLO ETF","NYSE"
"PCM","PCM FUND INC","PCM","PCM FUND COMMON","NYSE"
"PCMM","BBLX PRIVATE CREDIT CLO ETF","PCMM","BONDBLOXX PRIVATE CREDIT CLO ETF","NASDAQ"
"PCN","PIMCO CORPORATE & INCOME STR","PCN","PIMCO CORPORATE & INCOME STRGY","NYSE"
"PCOR","PROCORE TECHNOLOGIES INC","PCOR","PROCORE TECHNOLOGIES CORP","NYSE"
"PCQ","PIMCO CALIFORNIA MUNI INC FD","PCQ","PIMCO CA MUNICIPAL INCOME COMM","NYSE"
"PCR","SIMPLIFY VETTAFI PRV CRD STR","PCR","SIMPLIFY VETTAFI PRIVATE CREDIT STRATEGY ETF","NYSE"
"PCRX","PACIRA BIOSCIENCES INC","PCRX","PACIRA BIOSCIENCES INC","NASDAQ"
"PCSA","PROCESSA PHARMACEUTICALS INC","PCSA","PROCESSA PHARMACEUTICALS, INC.","NASDAQ"
"PCSC","PERCEPTIVE CAPITAL SOLUTIONS","PCSC","PERCEPTIVE CAPITAL SOLUTIONS CORP CLASS A","NASDAQ"
"PCT","PURECYCLE TECHNOLOGIES INC","PCT","PURECYCLE TECHNOLOGIES, INC.","NASDAQ"
"PCTTU","PURECYCLE TECHNOLOGIES INC","PCTTU","PURECYCLE TECHNOLOGIES, INC. UNT","NASDAQ"
"PCTY","PAYLOCITY HOLDING CORP","PCTY","PAYLOCITY HOLDING CORPORATION","NASDAQ"
"PCVX","VAXCYTE INC","PCVX","VAXCYTE, INC. COMMON STOCK","NASDAQ"
"PCY","INVESCO EMERGING MARKETS SOV","PCY","INVESCO EMERGING MKTS SOVE","NYSE"
"PCYO","PURE CYCLE CORP","PCYO","PURE CYCLE","NASDAQ"
"PD","PAGERDUTY INC","PD","PAGERDUTY INC","NYSE"
"PDBA","INVESCO AGRICULTURE CMDTYK-1","PDBA","INVESCO AGRICULTURE COMMODITY STRATEGY NO K-1 ETF","NASDAQ"
"PDBC","INVESCO OPTIMUM YIELD DIVERS","PDBC","POWERSHARES DB OPT YLD DIV COM","NASDAQ"
"PDC","PERPETUALS.COM LTD","PDC","PERPETUALS.COM LTD ADS","NASDAQ"
"PDCC","PEARL DIVER CREDIT COMPY INC","PDCC","PEARL DIVER CREDIT CO INC","NYSE"
"PDD","PDD HOLDINGS INC","PDD","PINDUODUO INC. ADS","NASDAQ"
"PDDL","GRANITE 2X LONG PDD ETF","PDDL","GRANITESHARES 2X LONG PDD DAILY ETF","NASDAQ"
"PDEC","INNOVATOR U.S. EQUITY POWER","PDEC","INNOVATOR U.S. EQUITY POWER BUFFER ETF DEC","BATS"
"PDEX","PRO-DEX INC","PDEX","PRO-DEX","NASDAQ"
"PDFS","PDF SOLUTIONS INC","PDFS","PDF SOLUTIONS","NASDAQ"
"PDI","PIMCO DYNAMIC INCOME FUND","PDI","PIMCO DYNAMIC INCOME FUND COMM","NYSE"
"PDLB","PONCE FINANCIAL GROUP INC","PDLB","PONCE FINANCIAL GROUP INC","NASDAQ"
"PDM","PIEDMONT REALTY TRUST INC","PDM","PIEDMONT REALTY TRUST INC","NYSE"
"PDN","INV RAFI DEV MKT US SM-USDIN","PDN","INVESCO FTSE RAFI DEV MKTS","NYSE"
"PDO","PIMCO DYNAMIC INCOME OPPORT","PDO","PIMCO DYNAMIC INCOME OPPORTUNITIES FUND","NYSE"
"PDP","INVESCO DORSEY WRIGHT MOMENT","PDP","POWERSHARES DWA MOMENTUM PORTFOLIO","NASDAQ"
"PDPA","PEARL DIVER CR CO INC SER A TERM P","PDPA","PEARL DIVER CREDIT CO INC 8% PFD","NYSE"
"PDS","PRECISION DRILLING CORP","PDS","PRECISION DRILLING","NYSE"
"PDSB","PDS BIOTECHNOLOGY CORP","PDSB","PDS BIOTECHNOLOGY CORPORATION","NASDAQ"
"PDT","JOHN HANCOCK PREM DVD FND","PDT","JH PREMIUM DIVIDEND FUND COMMO","NYSE"
"PDX","PIMCO DYNAMIC INCOME STRAT","PDX","PIMCO DYNAMIC INCOME STRATEGY FUND","NYSE"
"PDYN","PALLADYNE AI CORP","PDYN","PALLADYNE AI CORP.","NASDAQ"
"PEB","PEBBLEBROOK HOTEL TRUST","PEB","PEBBLEBROOK HOTEL","NYSE"
"PEBK","PEOPLES BANCORP OF NC","PEBK","PEOPLES BANCORP OF N","NASDAQ"
"PEBO","PEOPLES BANCORP INC","PEBO","PEOPLES BANCORP","NASDAQ"
"PECO","PHILLIPS EDISON & COMPANY IN","PECO","PHILLIPS EDISON & COMPANY, INC.","NASDAQ"
"PED","PEDEVCO CORP","PED","PEDEVCO CORP.","NYSE_AMERICAN"
"PEG","PUBLIC SERVICE ENTERPRISE GP","PEG","PUBLIC SERVICE ENTERPRISE","NYSE"
"PEGA","PEGASYSTEMS INC","PEGA","PEGASYSTEMS","NASDAQ"
"PEJ","INVESCO LEISURE & ENTERTAINM","PEJ","INVESCO LEISURE & ENTERTAINMENT ETF","NYSE"
"PEMX","PUTNAM EMR MRKT EX CHINA ETF","PEMX","PUTNAM EMERGING MARKETS EX-CHINA ETF","NYSE"
"PEN","PENUMBRA INC","PEN","PENUMBRA INC","NYSE"
"PENG","PENGUIN SOLUTIONS INC","PENG","PENGUIN SOLUTIONS, INC.","NASDAQ"
"PENN","PENN ENTERTAINMENT INC","PENN","PENN ENTERTAINMENT INC","NASDAQ"
"PEO","ADAMS NATURAL RESOURCES FUND","PEO","ADAMS NATURAL RESOURCES FUND I","NYSE"
"PEP","PEPSICO INC","PEP","PEPSICO","NASDAQ"
"PEPG","PEPGEN INC","PEPG","PEPGEN INC. COMMON STOCK","NASDAQ"
"PEPS","PARAMETRIC EQUITY PLUS ETF","PEPS","PARAMETRIC EQUITY PLUS ETF","NASDAQ"
"PERF","PERFECT CORP","PERF","PERFECT CORP","NYSE"
"PERI","PERION NETWORK LTD","PERI","PERION NETWORK","NASDAQ"
"PESI","PERMA-FIX ENVIRONMENTAL SVCS","PESI","PERMA-FIX ENVIRONMENTAL SERVIC","NASDAQ"
"PETS","PETMED EXPRESS INC","PETS","PETMED EXPRESS","NASDAQ"
"PETZ","TDH HOLDINGS INC","PETZ","TDH HOLDINGS, INC. COMMON SHARES","NASDAQ"
"PEVC","PACER PE-VC ETF","PEVC","PACER PE/VC ETF","NYSE"
"PEW","GRABAGUN DIGITAL HOLDINGS IN","PEW","GRABAGUN DIGITAL HOLDINGS INC","NYSE"
"PEXL","PACER US EXPORT LEADERS ETF","PEXL","PACER US EXPORT LEADERS ETF","NYSE"
"PEY","INVESCO HIGH YIELD EQUITY DI","PEY","INVESCO HIGH YIELD EQUITY DIVIDEND ACHIEVERS ETF","NASDAQ"
"PFAI","PINNACLE FOOD GROUP LTD-A","PFAI","PINNACLE FOOD GROUP LIMITED CLASS A","NASDAQ"
"PFBC","PREFERRED BANK-LOS ANGELES","PFBC","PREFERRED BANK","NASDAQ"
"PFD","FLAHERTY & CRUMRIN PRE&INC F","PFD","FLAHERTY & CRUMRINE PFD AND INCOME FUND","NYSE"
"PFE","PFIZER INC","PFE","PFIZER","NYSE"
"PFEB","INNOVATOR U.S. EQUITY POWER","PFEB","INNOVATOR U.S. EQUITY POWER BUFFER ETF FEB","BATS"
"PFF","ISHARES PREFERRED & INCOME S","PFF","ISHARES S&P U.S. PREFERRED STO","NASDAQ"
"PFFA","VIRTUS INFRACAP US PREF STCK","PFFA","VIRTUS INFRACAP US PREFERRED STOCK ETF","NYSE"
"PFFD","GLOBAL X US PREFERRED ETF","PFFD","GLOBAL X US PREFERRED ETF","NYSE"
"PFFL","ETRACS MON PAY 2XLEV PREFER","PFFL","ETRACS 2XMONTHLY PAY LEVERAGED PF ETN DUE 9/25/48","NYSE"
"PFFR","INFRACAP REIT PREFERRED ETF","PFFR","INFRACAP REIT PFD ETF","NYSE"
"PFFV","GLOBAL X VARIABLE RATE PREF","PFFV","GLOBAL X VARIABLE RATE PREFERRED ETF","NYSE"
"PFG","PRINCIPAL FINANCIAL GROUP","PFG","PRINCIPAL FINANCIAL","NASDAQ"
"PFGC","PERFORMANCE FOOD GROUP CO","PFGC","PERFORMANCE FOOD GROUP COMPANY","NYSE"
"PFH","PRUDENTIAL FINANCIAL INC","PFH","PRUDENTIAL FINANCIAL INC 4.125% NTS","NYSE"
"PFIG","INVESCO FUNDAMENTAL INVESTME","PFIG","INVESCO FUNDAMENTAL INV GR","NYSE"
"PFIS","PEOPLES FINANCIAL SERVICES","PFIS","PEOPLES FINANCIAL SERVICES COR","NASDAQ"
"PFIX","SIMPLIFY INTEREST RATE HEDGE","PFIX","SIMPLIFY INTEREST RATE HEDGE ETF","NYSE"
"PFL","PIMCO INCOME STRATEGY FUND","PFL","PIMCO INCOME STRATEGY FUND COM","NYSE"
"PFLD","AAM LOW DUR PREF & INC SEC","PFLD","AAM LOW DURATION PF AND INCOME SECURITIES ETF","NYSE"
"PFLT","PENNANTPARK FLOATING RATE CA","PFLT","PENNANTPARK FLOATING RATE","NYSE"
"PFM","INVESCO DIVIDEND ACHIEVERS E","PFM","INVESCO DIVIDEND ACHIEVERS ETF","NASDAQ"
"PFN","PIMCO INCOME STRATEGY FD II","PFN","PIMCO INCOME STRATEGY FUND II","NYSE"
"PFO","FLAHERTY & CRUMRINE P&I OPP","PFO","FLAHERTY & CRUMRINE PF AND INCOME OPPTY FUND","NYSE"
"PFOE","PTFDR FOCD OPP ETF","PFOE","PATHFINDER FOCUSED OPPORTUNITIES ETF","NASDAQ"
"PFRL","PGIM FLOATING RATE INCOME ET","PFRL","PGIM FLOATING RATE INCOME ETF","NYSE"
"PFS","PROVIDENT FINANCIAL SERVICES","PFS","PROVIDENT FINANCIAL","NYSE"
"PFSA","PROFUSA INC","PFSA","PROFUSA, INC.","NASDAQ"
"PFSI","PENNYMAC FINANCIAL SERVICES","PFSI","PENNYMAC FINANCIAL SERVICES IN","NYSE"
"PFUT","PUTNAM SUSTAINABLE FUTURE","PFUT","PUTNAM SUSTAINABLE FUTURE ETF","NYSE"
"PFX","PHENIXFIN CORP","PFX","PHENIXFIN CORP","NASDAQ"
"PFXF","VANECK PREF SEC X-FINANCIALS","PFXF","VANECK PREFERRED SECURITIES EX FIN ETF","NYSE"
"PFXNZ","PHENIXFIN CORP","PFXNZ","PHENIXFIN CORPORATION 5.25% NT 2028","NASDAQ"
"PG","PROCTER & GAMBLE CO-THE","PG","PROCTER & GAMBLE","NYSE"
"PGAC","PANTAGES CAPITAL ACQUISITION","PGAC","PANTAGES CAPITAL ACQUISITION CORPORATION CLASS A","NASDAQ"
"PGACU","PANTAGES CAPITAL ACQUISITION","PGACU","PANTAGES CAPITAL ACQUISITION CORPORATION UNT","NASDAQ"
"PGC","PEAPACK GLADSTONE FINL CORP","PGC","PEAPACK GLADSTONE","NASDAQ"
"PGEN","PRECIGEN INC","PGEN","PRECIGEN, INC. COMMON STOCK","NASDAQ"
"PGF","INVESCO FINANCIAL PREFERRED","PGF","INVESCO FINANCIAL PFD","NYSE"
"PGHY","INVESCO GLOBAL EX US HIGH YI","PGHY","INVESCO GLOBAL EX-US HIGH YIELD CORP BOND ETF","NYSE"
"PGNY","PROGYNY INC","PGNY","PROGYNY INC.","NASDAQ"
"PGP","PIMCO GLBL STOCKSPL & INC","PGP","PIMCO GLOBAL STOCKSPLUS & INC","NYSE"
"PGR","PROGRESSIVE CORP","PGR","PROGRESSIVE","NYSE"
"PGRO","PUTNAM FOCUSED LRG CAP GROW","PGRO","PUTNAM FOCUSED LARGE CAP GROWTH ETF","NYSE"
"PGX","INVESCO PREFERRED ETF","PGX","INVESCO PREFERRED","NYSE"
"PGY","PAGAYA TECHNOLOGIES LTD -A","PGY","PAGAYA TECHNOLOGIES LTD. CLASS A","NASDAQ"
"PGZ","PRINCIPAL REAL ESTATE INCOME","PGZ","PRINCIPAL REAL ESTATE INCOME F","NYSE"
"PH","PARKER HANNIFIN CORP","PH","PARKER HANNIFIN","NYSE"
"PHAR","PHARMING GROUP NV - ADR","PHAR","PHARMING GROUP N.V. ADS (10 CS)","NASDAQ"
"PHAT","PHATHOM PHARMACEUTICALS INC","PHAT","PHATHOM PHARMACEUTICALS INC.","NASDAQ"
"PHDG","INVESCO S&P 500 DOWNSIDE HED","PHDG","INVESCO S&P 500 DOWNSIDE H","NYSE"
"PHEQ","PARAMETRIC HEDGED EQUITY ETF","PHEQ","MORGAN STANLEY TRUST PARAMETRIC HEDGED","NYSE"
"PHG","KONINKLIJKE PHILIPS NVR- NY","PHG","KONINKLIJKE PHILIPS","NYSE"
"PHGE","BIOMX INC","PHGE","BIOMX INC","NYSE_AMERICAN"
"PHI","PLDT INC-SPON ADR","PHI","PLDT INC","NYSE"
"PHIN","PHINIA INC","PHIN","PHINIA INC","NYSE"
"PHIO","PHIO PHARMACEUTICALS CORP","PHIO","PHIO PHARMACEUTICALS CORP","NASDAQ"
"PHK","PIMCO HIGH INCOME FUND","PHK","PIMCO HIGH INCOME FUND COMMON","NYSE"
"PHM","PULTE GROUP INC","PHM","PULTEGROUP","NYSE"
"PHO","INVESCO WATER RESOURCES ETF","PHO","POWERSHARES WATER RESOURCES PORTFOLIO","NASDAQ"
"PHOE","PHOENIX ASIA HOLDINGS LTD","PHOE","PHOENIX ASIA HOLDINGS LIMITED","NASDAQ"
"PHR","PHREESIA INC","PHR","PHREESIA INC","NYSE"
"PHUN","PHUNWARE INC","PHUN","PHUNWARE INC","NASDAQ"
"PHVS","PHARVARIS NV","PHVS","PHARVARIS N.V. ORDINARY SHARES","NASDAQ"
"PHYD","PUTNAM ESG HIGH YIELD ETF","PHYD","PUTNAM ESG HIGH YIELD ETF","NYSE"
"PHYL","PGIM ACTIVE HIGH YIELD BOND","PHYL","PGIM ACTIVE HIGH YIELD BOND ETF","NYSE"
"PHYS","SPROTT PHYSICAL GOLD TRUST","PHYS","SPROTT PHYSICAL GOLD TRUST UNI","NYSE"
"PI","IMPINJ INC","PI","IMPINJ INC","NASDAQ"
"PICB","INVESCO INTERNATIONAL CORPOR","PICB","INVESCO INTERNATIONAL CORP","NYSE"
"PICK","ISHARES MSCI GLOBAL METALS &","PICK","ISHARES MSCI GLOBAL METALS & MINING PRODUCERS ETF","BATS"
"PICS","PICS NV","PICS","PICS N.V. CLASS A","NASDAQ"
"PID","INVESCO INTERNATIONAL DIVIDE","PID","INVESCO INTERNATIONAL DIVIDEND ACHIEVERS ETF","NASDAQ"
"PIE","INVESCO DORSEY WRIGHT EMERGI","PIE","INVESCO DWA EMERGING MARKETS MOMENTUM ETF","NASDAQ"
"PIEQ","PRINCIPAL INTL EQTY ETF","PIEQ","PRINCIPAL ETF PRINCIPAL INTERNATIONAL EQUITY ETF","BATS"
"PIFI","CLEARSHARES PITON INT FI ETF","PIFI","CLEARSHARES PITON INTERMEDIATE FIXED INCOME ETF","NYSE"
"PII","POLARIS INC","PII","POLARIS INC","NYSE"
"PIII","P3 HEALTH PARTNERS INC","PIII","P3 HEALTH PARTNERS INC. CLASS A","NASDAQ"
"PILL","DIR DAI PHA & ME BU 3X ETF-U","PILL","DIREXION DAILY PHARMA & MEDICAL BULL 3X","NYSE"
"PIM","PUTNAM MASTER INTRM INC TR","PIM","PUTNAM MASTER INTERMEDIATE INC","NYSE"
"PINE","ALPINE INCOME PROPERTY TRUST","PINE","ALPINE INCOME PROPERTY TRUST INC","NYSE"
"PINK","SIMPLIFY HEALTH CARE ETF","PINK","SIMPLIFY HEALTH CARE ETF","NYSE"
"PINS","PINTEREST INC- CLASS A","PINS","PINTEREST INC","NYSE"
"PIO","INVESCO GLOBAL WATER ETF","PIO","POWERSHARES GLOBAL WATER PORTFOLIO","NASDAQ"
"PIPR","PIPER SANDLER COS","PIPR","PIPER SANDLER COMPANIES","NYSE"
"PIT","VANECK COMMODITY STRAT ETF","PIT","VANECK COMMODITY STRATEGY ETF","BATS"
"PIZ","INVESCO DORSEY WRIGHT DEVELO","PIZ","INVESCO DWA DEVELOPED MARKETS MOMENTUM ETF","NASDAQ"
"PJAN","INNOVATOR U.S. EQUITY POWER","PJAN","INNOVATOR U.S. EQUITY POWER BUFFER ETF JAN","BATS"
"PJBF","PGIM JENNISON BETTER FUTURE","PJBF","PGIM ETF TRUST PGIM JENNISON BETTER FUTURE ETF","BATS"
"PJFG","PGIM JENNISON FOCUSED GROWTH","PJFG","PGIM JENNISON FOCUSED GROWTH ETF","NYSE"
"PJIO","PGIM JENNISON INTL OPP ETF","PJIO","PGIM JENNISON INTERNATIONAL OPPORTUNITIES ETF","NYSE"
"PJP","INVESCO PHARMACEUTICALS ETF","PJP","INVESCO PHARMACEUTICALS ETF","NYSE"
"PJT","PJT PARTNERS INC - A","PJT","PJT PARTNERS INC","NYSE"
"PJUL","INNOVATOR U.S. EQUITY POWER","PJUL","INNOVATOR S&P 500 POWER BUFFER ETF JULY","BATS"
"PJUN","INNOVATOR U.S. EQUITY POWER","PJUN","INNOVATOR S&P POWER BUFFER ETF - JUNE","BATS"
"PK","PARK HOTELS & RESORTS INC","PK","PARK HOTELS & RESORTS INC","NYSE"
"PKB","INVESCO BUILDING & CONSTRUCT","PKB","INVESCO BUILDING & CONSTRUCTION ETF","NYSE"
"PKBK","PARKE BANCORP INC","PKBK","PARKE BANCORP","NASDAQ"
"PKE","PARK AEROSPACE CORP","PKE","PARK AEROSPACE CORP","NYSE"
"PKG","PACKAGING CORP OF AMERICA","PKG","PACKAGING CORP OF AMERICA","NYSE"
"PKOH","PARK-OHIO HOLDINGS CORP","PKOH","PARK-OHIO HOLDINGS","NASDAQ"
"PKST","PEAKSTONE REALTY TRUST","PKST","PEAKSTONE REALTY TRUST","NYSE"
"PKW","INVESCO BUYBACK ACHIEVERS ET","PKW","POWERSHARES BUYBACK ACHIEVERS PORTFOLIO","NASDAQ"
"PKX","POSCO HOLDINGS INC -SPON ADR","PKX","POSCO HOLDINGS INC","NYSE"
"PL","PLANET LABS PBC","PL","PLANET LABS PBC","NYSE"
"PLAB","PHOTRONICS INC","PLAB","PHOTRONICS","NASDAQ"
"PLAG","PLANET GREEN HOLDINGS CORP","PLAG","PLANET GREEN HOLDINGS CORP","NYSE_AMERICAN"
"PLAY","DAVE & BUSTER'S ENTERTAINMEN","PLAY","DAVE & BUSTERS ENTERTAINMENT,","NASDAQ"
"PLBC","PLUMAS BANCORP","PLBC","PLUMAS BANCORP","NASDAQ"
"PLBL","POLIBELI GROUP LTD-A","PLBL","POLIBELI GROUP LTD CLASS A","NASDAQ"
"PLBY","PLAYBOY INC","PLBY","PLAYBOY, INC.","NASDAQ"
"PLCE","CHILDREN'S PLACE INC-THE","PLCE","CHILDRENS PLACE, INC.","NASDAQ"
"PLD","PROLOGIS INC","PLD","PROLOGIS","NYSE"
"PLDR","PUTNAM SUSTAINABLE LEADERS","PLDR","PUTNAM SUSTAINABLE LEADERS ETF","NYSE"
"PLG","PLATINUM GROUP METALS LTD","PLG","PLATINUM GROUP METAL","NYSE_AMERICAN"
"PLGI","PL GROWTH AND INCOME ETF","PLGI","PL GROWTH & INCOME ETF","BATS"
"PLMK","PLUM ACQUISITION CORP IV","PLMK","PLUM ACQUISITION CORP. IV CLASS A","NASDAQ"
"PLMR","PALOMAR HOLDINGS INC","PLMR","PALOMAR HOLDINGS, INC. COMMON STOCK","NASDAQ"
"PLNT","PLANET FITNESS INC - CL A","PLNT","PLANET FITNESS INC","NYSE"
"PLOO","LEV 2X ACC PLTR M ETF","PLOO","LEVERAGE SHARES 2x CAPPED ACCELERATED PLTR","BATS"
"PLOW","DOUGLAS DYNAMICS INC","PLOW","DOUGLAS DYNAMICS","NYSE"
"PLPC","PREFORMED LINE PRODUCTS CO","PLPC","PREFORMED LINE PRODUCTS","NASDAQ"
"PLRX","PLIANT THERAPEUTICS INC","PLRX","PLIANT THERAPEUTICS, INC.","NASDAQ"
"PLRZ","POLYRIZON LTD","PLRZ","POLYRIZON LTD.","NASDAQ"
"PLSE","PULSE BIOSCIENCES INC","PLSE","PULSE BIOSCIENCES, INC COMMON STOCK","NASDAQ"
"PLSM","PULSENMORE LTD","PLSM","PULSENMORE LTD.","NASDAQ"
"PLTA","PROSHARES ULTRA PLTR","PLTA","PROSHARES ULTRA PLTR","NYSE"
"PLTD","DIRE DLY PLTR BEA 1X ETF-USD","PLTD","DIREXION DAILLY PLTR BEAR 1X ETF","NASDAQ"
"PLTG","LEVERAGE SHARES 2X PLTR","PLTG","LEVERAGE SHARES 2X LONG PLTR DAILY ETF","NASDAQ"
"PLTI","REX PLTR GROWTH & INCOME ETF","PLTI","REX PLTR GROWTH & INCOME ETF","BATS"
"PLTK","PLAYTIKA HOLDING CORP","PLTK","PLAYTIKA HOLDING CORP. COMMON STOCK","NASDAQ"
"PLTM","GRANITESHARES PLATINUM TRUST","PLTM","ETFS PLATINUM ETC","NYSE"
"PLTR","PALANTIR TECHNOLOGIES INC-A","PLTR","PALANTIR TECHNOLOGIES INC. CLASS A","NASDAQ"
"PLTS","PLATINUM ANALYTICS CAYM-CL A","PLTS","PLATINUM ANALYTICS CAYMAN LIMITED CLASS A","NASDAQ"
"PLTU","DIRE DLY PLTR BUL 2X ETF-USD","PLTU","DIREXION DAILY PLTR BULL 2X ETF","NASDAQ"
"PLTW","ROUNDHILL PLTR WEEKLYPAY ETF","PLTW","ROUNDHILL ETF TRUST ROUNDHILL PLTR WEEKLYPAY ETF","BATS"
"PLTY","YIELDMAX PLTR OPTION INC ETF","PLTY","YIELDMAX PLTR OPTION INCOME STRATEGY ETF","NYSE"
"PLTZ","DEFIANCE DAILY TARGET 2X ETF","PLTZ","DEFIANCE DAILY TARGET 2X SHORT PLTR ETF","NASDAQ"
"PLU","DEFIANCE DLY TRGT LNG PL ETF","PLU","DEFIANCE DAILY TARGET 2X LONG PL ETF","BATS"
"PLUG","PLUG POWER INC","PLUG","PLUG POWER","NASDAQ"
"PLUL","LEVERAGE SHARES 2X PLUG","PLUL","LEVERAGE SHARES 2X LONG PLUG DAILY ETF","NASDAQ"
"PLUR","PLURI INC","PLUR","PLURI INC.","NASDAQ"
"PLUS","EPLUS INC","PLUS","EPLUS","NASDAQ"
"PLUT","PLUTUS FINANCIAL GROUP LTD","PLUT","PLUTUS FINANCIAL GROUP LIMITED","NASDAQ"
"PLX","PROTALIX BIOTHERAPEUTICS INC","PLX","PROTALIX BIOTHERAPEUTICS","NYSE_AMERICAN"
"PLXS","PLEXUS CORP","PLXS","PLEXUS","NASDAQ"
"PLYX","POLARYX THERAPEUTICS INC","PLYX","POLARYX THERAPEUTICS, INC.","NASDAQ"
"PLYY","GRANITE YIELDBOOST PLTR ETF","PLYY","GRANITESHARES YIELDBOOST PLTR ETF","NASDAQ"
"PM","PHILIP MORRIS INTERNATIONAL","PM","PHILIP MORRIS","NYSE"
"PMAR","INNOVATOR U.S. EQUITY POWER","PMAR","INNOVATOR U.S. EQUITY POWER BUFFER ETF MAR","BATS"
"PMAX","POWELL MAX LTD-CL A","PMAX","POWELL MAX LIMITED CLASS A","NASDAQ"
"PMAY","INNOVATOR U.S. EQUITY POWER","PMAY","INNOVATOR U.S. EQUITY POWER BUFFER ETF MAY","BATS"
"PMBS","PIMCO MBS ACTIVE ETF","PMBS","PIMCO MORTGAGE-BACKED SECURITIES ACTIVE ETF","NASDAQ"
"PMCB","PHARMACYTE BIOTECH INC","PMCB","PHARMACYTE BIOTECH, INC. COMMON STOCK","NASDAQ"
"PMEC","PRIMECH HOLDINGS LTD","PMEC","PRIMECH HOLDINGS LTD.","NASDAQ"
"PMFB","PGIM S&P 500 MX BF ETF - FEB","PMFB","PGIM ROCK PGIM S&P 500 MAX BUFFER FEB","BATS"
"PMI","PICARD MEDICAL INC","PMI","PICARD MEDICAL INC","NYSE_AMERICAN"
"PMIO","PGIM MUNICIPAL INC OPP ETF","PMIO","PGIM MUNICIPAL INCOME OPPORTUNITIES ETF","NYSE"
"PMJA","PGIM S&P 500 MB ETF - JAN","PMJA","PGIM ROCK TRUST PGIM S&P 500 MAX BUFFER JAN","BATS"
"PMJN","PGIM SP500 MB ETF JUNE","PMJN","PGIM ROCK PGIM S&P 500 MAX BUFFER JUN","BATS"
"PML","PIMCO MUNICIPAL INCOME FD II","PML","PIMCO MUNICIPAL INCOME II COMM","NYSE"
"PMM","PUTNAM MGD MUNI INC TR","PMM","PUTNAM MANAGED MUNI INCOME COM","NYSE"
"PMMF","ISHRS PRIME MMKT ETF","PMMF","ISHARES PRIME MONEY MARKET ETF","NYSE"
"PMMR","PGIM SP 500 MX BUF ETF - MAR","PMMR","PGIM ROCK PGIM S&P 500 MAX BUFFER MAR","BATS"
"PMN","PROMIS NEUROSCIENCES INC","PMN","PROMIS NEUROSCIENCES INC. COMMON SHARES","NASDAQ"
"PMNT","PERFECT MOMENT LTD","PMNT","PERFECT MOMENT LTD","NYSE_AMERICAN"
"PMO","PUTNAM MUNICIPAL OPPOR","PMO","PUTNAM MUNICIPAL OPPORTUNITIES","NYSE"
"PMT","PENNYMAC MORTGAGE INVESTMENT","PMT","PENNYMAC MORTGAGE","NYSE"
"PMTR","PERIMETER ACQUIS CORP I CL A","PMTR","PERIMETER ACQUISITION CORP. I CLASS A","NASDAQ"
"PMTRU","PERIMETER ACQUISITION CORP I","PMTRU","PERIMETER ACQUISITION CORP. I UNT","NASDAQ"
"PMTS","CPI CARD GROUP INC","PMTS","CPI CARD GROUP INC. COMMON STOCK","NASDAQ"
"PMTU","PENNYMAC MTG INVT TR SR NT","PMTU","PENNYMAC MORTGAGE INVESTMENT TRUST 8.5% NTS","NYSE"
"PMTV","PENNYMAC MTGE INVESTMENT","PMTV","PENNYMAC MORTGAGE INVESTMENT TRUST 9% NTS","NYSE"
"PMTW","PENNYMAC MTG INVESTMENT","PMTW","PENNYMAC MORTGAGE INVESTMENT TRUST 9% NTS","NYSE"
"PMVP","PMV PHARMACEUTICALS INC","PMVP","PMV PHARMACEUTICALS, INC. COMMON STOCK","NASDAQ"
"PN","SKYCORP SOLAR GROUP LTD","PN","SKYCORP SOLAR GROUP LIMITED","NASDAQ"
"PNBK","PATRIOT NATIONAL BANCORP INC","PNBK","PATRIOT NATIONAL BANCORP INC.","NASDAQ"
"PNC","PNC FINANCIAL SERVICES GROUP","PNC","PNC FINANCIAL SERVICES","NYSE"
"PNFP","PINNACLE FINANCIAL PARTNERS","PNFP","PINNACLE FINANCIAL PARTNERS INC","NYSE"
"PNI","PIMCO NY MUNI INC II FND","PNI","PIMCO NY MUNICIPAL INCOME II C","NYSE"
"PNNT","PENNANTPARK INVESTMENT CORP","PNNT","PENNANT PARK INVESTMENT","NYSE"
"PNOV","INNOVATOR U.S. EQUITY POWER","PNOV","INNOVATOR S&P POWER BUFFER ETF - NOV","BATS"
"PNQI","INVESCO NASDAQ INTERNET ETF","PNQI","POWERSHARES NASDAQ INTERNET","NASDAQ"
"PNR","PENTAIR PLC","PNR","PENTAIR","NYSE"
"PNRG","PRIMEENERGY RESOURCES CORP","PNRG","PRIMEENERGY RESOURCES CORP","NASDAQ"
"PNTG","PENNANT GROUP INC-THE","PNTG","PENNANT GROUP INC","NASDAQ"
"PNW","PINNACLE WEST CAPITAL","PNW","PINNACLE WEST CAPITAL","NYSE"
"POAS","PHAOS TECHNOLOGY HOLDINGS-A","POAS","PHAOS TECHNOLOGY HOLDINGS LTD","NYSE_AMERICAN"
"POCI","PRECISION OPTICS CORP INC","POCI","PRECISION OPTICS CORPORATION, INC.","NASDAQ"
"POCT","INNOVATOR U.S. EQUITY POWER","POCT","INNOVATOR U.S. EQUITY POWER BUFFER ETF OCT","BATS"
"PODC","PODCASTONE INC","PODC","COURTSIDE GROUP, INC.","NASDAQ"
"PODD","INSULET CORP","PODD","INSULET","NASDAQ"
"POET","POET TECHNOLOGIES INC","POET","POET TECHNOLOGIES INC. COMMON SHARES","NASDAQ"
"POLA","POLAR POWER INC","POLA","POLAR POWER, INC. COMMON STOCK","NASDAQ"
"POLE","ANDRETTI ACQUISITION CORP -A","POLE","ANDRETTI ACQUISITION CORP. II CLASS A","NASDAQ"
"POM","POMDOCTOR LTD - ADR","POM","POMDOCTOR LIMITED ADS","NASDAQ"
"PONOU","PONO CAPITAL FOUR INC","PONOU","PONO CAPITAL FOUR, INC. UNT","NASDAQ"
"PONX","TRADR 2X LNG PONY DLY ETF","PONX","TRADR 2X LONG PONY DAILY ETF","BATS"
"PONY","PONY AI INC","PONY","PONY AI INC. ADS","NASDAQ"
"POOL","POOL CORP","POOL","POOL","NASDAQ"
"POR","PORTLAND GENERAL ELECTRIC CO","POR","PORTLAND GENERAL ELECTRIC","NYSE"
"POST","POST HOLDINGS INC","POST","POST HOLDINGS","NYSE"
"POW","VISTASHA ELETRICAN SC ETF","POW","VISTASHARES ELECTRIFICATION SUPERCYCLE ETF","NYSE"
"POWA","INVESCO BLOOMBERG PRICING PO","POWA","INVESCO BLOOMBERG PRICING POWER ETF","NYSE"
"POWI","POWER INTEGRATIONS INC","POWI","POWER INTEGRATIONS","NASDAQ"
"POWL","POWELL INDUSTRIES INC","POWL","POWELL INDUSTRIES","NASDAQ"
"POWR","ISHARES US POWER INFRASTRUCT","POWR","ISHARES US POWER INFRASTRUCTURE ETF","NYSE"
"POWW","OUTDOOR HOLDING CO","POWW","OUTDOOR HC","NASDAQ"
"POWWP","AMMO INC","POWWP","OUTDOOR HC 8.75% SERIES A PF","NASDAQ"
"PPA","INVESCO AEROSPACE & DEFENSE","PPA","INVESCO AEROSPACE & DEFENS","NYSE"
"PPBT","PURPLE BIOTECH LTD-ADR","PPBT","PURPLE BIOTECH LTD","NASDAQ"
"PPC","PILGRIM'S PRIDE CORP","PPC","PILGRIMS PRIDE CORPORATION COM","NASDAQ"
"PPCB","PROPANC BIOPHARMA INC","PPCB","PROPANC BIOPHARMA, INC.","NASDAQ"
"PPEM","PUTNAM PANAGORA ESG EMER EQ","PPEM","PUTNAM PANAGORA ESG EMER MKTS EQUITY ETF","NYSE"
"PPG","PPG INDUSTRIES INC","PPG","PPG INDUSTRIES","NYSE"
"PPH","VANECK PHARMACEUTICAL ETF","PPH","VANECK PHARMACEUTICAL ETF","NASDAQ"
"PPHC","PUBLIC POLICY H-DI REGS CAT3","PPHC","PUBLIC POLICY HC, INC.","NASDAQ"
"PPI","ASTORIA REAL ASSETS ETF","PPI","ASTORIA REAL ASSETS ETF","NASDAQ"
"PPIE","PUTNAM PANAGORA ESG INT EQ","PPIE","PUTNAM PANAGORA ESG INTL EQUITY ETF","NYSE"
"PPIH","PERMA-PIPE INTERNATIONAL HOL","PPIH","PERMA-PIPE INTL HLDGS INC","NASDAQ"
"PPL","PPL CORP","PPL","PPL","NYSE"
"PPLC","PPL CORPORATION","PPLC","PPL CORP CORP UNT","NYSE"
"PPLT","ABRDN PHYSICAL PLATINUM SHRS","PPLT","ABRDN PHYSICAL PLATINUM SHARES ETF","NYSE"
"PPSI","PIONEER POWER SOLUTIONS INC","PPSI","PIONEER POWER SOLUTIONS, INC.","NASDAQ"
"PPT","PUTNAM PREMIER INCOME TRUST","PPT","PUTNAM PREMIER INCOME COMMON","NYSE"
"PPTA","PERPETUA RESOURCES CORP","PPTA","PERPETUA RESOURCES CORP. SHARES","NASDAQ"
"PPTY","US DIVERSIFIED REAL ESTATE E","PPTY","US DIVERSIFIED REAL ESTATE ETF","NYSE"
"PQAP","PGIM NSQ-100 B12 ETF - APRIL","PQAP","PGIM NASDAQ-100 BUFFER 12 ETF APR","NASDAQ"
"PQDI","PRINCIPAL SP & INC ETF-US IN","PQDI","PRINCIPAL SPECTRUM TAX-ADVANTAGED DIV ACTIVE ETF","NYSE"
"PQJA","PGIM NDQ-100 BUFR 12 ETF JAN","PQJA","PGIM NASDAQ-100 BUFFER 12 ETF JAN","NASDAQ"
"PQNT","PICTET AI ENHANCED IE ETF","PQNT","PICTET AI ENHANCED INTERNATIONAL EQUITY ETF","NYSE"
"PQOC","PGIM NASDAQ-100 B12 ETF OCT","PQOC","PGIM NASDAQ-100 BUFFER 12 ETF OCT","NASDAQ"
"PQUS","PICTET AI ENHD US EQTY ETF","PQUS","PICTET AI ENHANCED US EQUITY ETF","NYSE"
"PR","PERMIAN RESOURCES CORP-CL A","PR","PERMIAN RESOURCES CORPORATION CLASS A","NYSE"
"PRA","PROASSURANCE CORP","PRA","PROASSURANCE","NYSE"
"PRAA","PRA GROUP INC","PRAA","PRA GROUP INC","NASDAQ"
"PRAB","STATE STREET IG PUB & PRIV","PRAB","STATE STREET IG PUBLIC & PRIVATE ABS ETF","NYSE"
"PRAE","PLANROCK ALTERNATIVE GRT ETF","PRAE","PLANROCK ALTERNATIVE GROWTH ETF","NYSE"
"PRAX","PRAXIS PRECISION MEDICINES I","PRAX","PRAXIS PRECISION MEDICINES, INC.","NASDAQ"
"PRAY","FIS TRUST - FIS CHRISTIAN ST","PRAY","FIS CHRISTIAN STOCK FUND","NYSE"
"PRCH","PORCH GROUP INC","PRCH","PORCH GROUP INC","NASDAQ"
"PRCS","PARNASSUS CORE SELECT ETF","PRCS","PARNASSUS CORE SELECT ETF","NYSE"
"PRCT","PROCEPT BIOROBOTICS CORP","PRCT","PROCEPT BIOROBOTICS CORPORATION","NASDAQ"
"PRDO","PERDOCEO EDUCATION CORP","PRDO","PERDOCEO EDUCATION CORPORATION","NASDAQ"
"PRE","PRENETICS GLOBAL LTD-CL A","PRE","PRENETICS GLOBAL LIMITED CLASS A","NASDAQ"
"PREF","PRI SPE PRE SEC ACTI-USD INC","PREF","PRINCIPAL SPECTRUM PF SECURITIES ACTIVE ETF","NYSE"
"PRF","INVESCO RAFI US 1000 ETF","PRF","INVESCO FTSE RAFI US 1000","NYSE"
"PRFD","PIMCO PREF AND CAP SEC ACT","PRFD","PIMCO PREFERRED AND CAP SEC ACTIVE ETF","NYSE"
"PRFX","PRF TECHNOLOGIES LTD","PRFX","PRF TECHNOLOGIES LTD.","NASDAQ"
"PRFZ","INV RAFI US 1500 SM-USD INC","PRFZ","INVESCO RAFI US 1500 SMALL-MID ETF","NASDAQ"
"PRG","PROG HOLDINGS INC","PRG","PROG HOLDINGS INC","NYSE"
"PRGO","PERRIGO CO PLC","PRGO","PERRIGO COMPANY PLC","NYSE"
"PRGS","PROGRESS SOFTWARE CORP","PRGS","PROGRESS SOFTWARE","NASDAQ"
"PRH","PRUDENTIAL FINANCIAL INC","PRH","PRUDENTIAL FINANCIAL INC 5.95% NTS","NYSE"
"PRHI","PRESURANCE HOLDINGS INC","PRHI","PRESURANCE HOLDINGS, INC.","NASDAQ"
"PRHIZ","PRESURANCE HOLDINGS INC","PRHIZ","PRESURANCE HOLDINGS 9.75% SENIOR UNSECURED NT 2028","NASDAQ"
"PRI","PRIMERICA INC","PRI","PRIMERICA","NYSE"
"PRIM","PRIMORIS SERVICES CORP","PRIM","PRIMORIS SERVICES","NYSE"
"PRIV","SS IG PUBL PRIV CRED ETF-USD","PRIV","STATE STREET IG PUBLIC & PRIVATE CREDIT ETF","NYSE"
"PRK","PARK NATIONAL CORP","PRK","PARK NATIONAL","NYSE_AMERICAN"
"PRKS","UNITED PARKS & RESORTS INC","PRKS","UNITED PARKS & RESORTS INC","NYSE"
"PRLB","PROTO LABS INC","PRLB","PROTO LABS","NYSE"
"PRLD","PRELUDE THERAPEUTICS INC","PRLD","PRELUDE THERAPEUTICS INCORPORATED","NASDAQ"
"PRM","PERIMETER SOLUTIONS INC","PRM","PERIMETER SOLUTIONS INC","NYSE"
"PRMB","PRIMO BRANDS CORP","PRMB","PRIMO BRANDS CORP","NYSE"
"PRME","PRIME MEDICINE INC","PRME","PRIME MEDICINE, INC.","NASDAQ"
"PRN","INVESCO DORSEY WRIGHT INDUS","PRN","INVESCO DWA INDUSTRIALS MOMENTUM ETF","NASDAQ"
"PRNT","THE 3D PRINTING ETF","PRNT","THE 3D PRINTING ETF","BATS"
"PROF","PROFOUND MEDICAL CORP","PROF","PROFOUND MEDICAL CORP","NASDAQ"
"PROK","PROKIDNEY CORP","PROK","PROKIDNEY CORP. CLASS A ORDINARY SHARES","NASDAQ"
"PROP","PRAIRIE OPERATING CO","PROP","PRAIRIE OPERATING CO.","NASDAQ"
"PROV","PROVIDENT FINANCIAL HLDGS","PROV","PROVIDENT FINANCIAL HLDGS","NASDAQ"
"PRPL","PURPLE INNOVATION INC","PRPL","PURPLE INNOVATION, INC. COMMON STOCK","NASDAQ"
"PRPO","PRECIPIO INC","PRPO","PRECIPIO, INC. COMMON STOCK","NASDAQ"
"PRQR","PROQR THERAPEUTICS NV","PRQR","PROQR THERAPEUTICS N.V. ORDINA","NASDAQ"
"PRS","PRUDENTIAL FINANCIAL INC","PRS","PRUDENTIAL FINANCIAL INC 5.625% NTS","NYSE"
"PRSO","PERASO INC","PRSO","PERASO, INC. COMMON STOCK","NASDAQ"
"PRSU","PURSUIT ATTRACTIONS AND HOSP","PRSU","PURSUIT ATTRACTIONS AND HOSPITALITY INC","NYSE"
"PRT","PERMROCK ROYALTY TRUST","PRT","PERMROCK ROYALTY TRUST","NYSE"
"PRTA","PROTHENA CORP PLC","PRTA","PROTHENA CORPORATION PLC ORDIN","NASDAQ"
"PRTC","PURETECH HEALTH PLC - ADR","PRTC","PURETECH HEALTH PLC ADS","NASDAQ"
"PRTH","PRIORITY TECHNOLOGY HOLDINGS","PRTH","PRIORITY TECHNOLOGY HOLDINGS, INC.","NASDAQ"
"PRTS","CARPARTS.COM INC","PRTS","CARPARTS INC","NASDAQ"
"PRU","PRUDENTIAL FINANCIAL INC","PRU","PRUDENTIAL FINANCIAL","NYSE"
"PRVA","PRIVIA HEALTH GROUP INC","PRVA","PRIVIA HEALTH GROUP, INC. COMMON STOCK","NASDAQ"
"PRVS","PARNASSUS VALUE SELECT ETF","PRVS","PARNASSUS VALUE SELECT ETF","NYSE"
"PRXV","PRAXIS IMP LARGE CAP VAL ETF","PRXV","PRAXIS IMPACT LARGE CAP VALUE ETF","NYSE"
"PRZO","PARAZERO TECHNOLOGIES LTD","PRZO","PARAZERO TECHNOLOGIES LTD.","NASDAQ"
"PSA","PUBLIC STORAGE","PSA","PUBLIC STORAGE","NYSE"
"PSBD","PALMER SQUARE CAPITAL BDC IN","PSBD","PALMER SQUARE CAPITAL BDC INC","NYSE"
"PSC","PRINCIPAL U.S. SMALL-CAP ETF","PSC","PRINCIPAL PRINCIPAL US SMALL-CAP MULTI-FACTOR","NASDAQ"
"PSCC","INVESCO S&P SMALLCAP CONSUME","PSCC","POWERSHARES S&P SMALLCAP CONSU","NASDAQ"
"PSCD","INVESCO S&P SMALLCAP CONSUME","PSCD","POWERSHARES S&P SMALLCAP CNSMR","NASDAQ"
"PSCE","INVESCO S&P SMALLCAP ENERGY","PSCE","POWERSHARES S&P SMALLCAP ENERG","NASDAQ"
"PSCF","INVESCO S&P SMALLCAP FINANCI","PSCF","POWERSHARES S&P SMALLCAP FINAN","NASDAQ"
"PSCH","INVESCO S&P SMALLCAP HEALTH","PSCH","POWERSHARES S&P SMALLCAP HEALT","NASDAQ"
"PSCI","INVESCO S&P SMALLCAP INDUSTR","PSCI","POWERSHARES S&P SMALLCAP INDUS","NASDAQ"
"PSCJ","PACER SWAN SOS CONSERVATIVE","PSCJ","PACER SWAN SOS CONSERVATIVE (JULY) ETF","BATS"
"PSCQ","PACER SWAN SOS CONS OCT ETF","PSCQ","PACER SWAN SOS CONSERVATIVE OCT ETF","BATS"
"PSCT","INVESCO S&P SMALLCAP INFORMA","PSCT","POWERSHARES S&P SMALLCAP INFO","NASDAQ"
"PSCU","INVESCO S&P S C U&C SER ETF","PSCU","POWERSHARES S&P SMALLCAP UTILI","NASDAQ"
"PSCW","PACER SWAN SOS CONSERV APR","PSCW","PACER SWAN SOS CONSERVATIVE APR ETF","BATS"
"PSCX","PACER SWAN SOS CONSERVATIVE","PSCX","PACER SWAN SOS CONSERVATIVE DEC ETF","BATS"
"PSDM","PGIM SHRT DURATION MS BD ETF","PSDM","PGIM SHORT DURATION MULTI-SECTOR BOND FUND","BATS"
"PSEC","PROSPECT CAPITAL CORP","PSEC","PROSPECT CAPITAL","NASDAQ"
"PSEP","INNOVATOR U.S. EQUITY POWER","PSEP","INNOVATOR U.S. EQUITY POWER BUFFER ETF SEP","BATS"
"PSF","COHEN & STEERS SELECT PREFER","PSF","COHEN & STEERS SELECT","NYSE"
"PSFD","PACER SWAN SOS FLEX JANUARY","PSFD","PACER SWAN SOS FLEX DEC ETF","BATS"
"PSFE","PAYSAFE LTD","PSFE","PAYSAFE LTD","NYSE"
"PSFF","PACER SWAN SOS FUND OF FUNDS","PSFF","PACER SWAN SOS FUND OF FUNDS","BATS"
"PSFO","PACER SWAN SOS FLEX OCT ETF","PSFO","PACER SWAN SOS FLEX (OCT) ETF","BATS"
"PSH","PGIM SHORT DURATION HIGH YLD","PSH","PGIM ETF TRUST PGIM SHORT DURATION HIGH YIELD ETF","BATS"
"PSHG","PERFORMANCE SHIPPING INC","PSHG","PERFORMANCE SHIPPING INC","NASDAQ"
"PSI","INVESCO SEMICONDUCTORS ETF","PSI","INVESCO SEMICONDUCTORS ETF","NYSE"
"PSIG","PS INTERNATIONAL GROUP LTD","PSIG","PS INTERNATIONAL GROUP LTD.","NASDAQ"
"PSIL","ADVISORSHARES PSYCHEDELICS","PSIL","ADVISORSHARES PSYCHEDELICS ETF","NYSE"
"PSIX","POWER SOLUTIONS INTERNATIONA","PSIX","POWER SOLUTIONS INTERNATIONAL, INC.","NASDAQ"
"PSK","SS SPDR ICE PREF SEC ETF","PSK","STATE ST SPDR ICE PREFERRED SECURITIES ETF","NYSE"
"PSKY","PARAMOUNT SKYDANCE CL B","PSKY","PARAMOUNT SKYDANCE CORPORATION CLASS B","NASDAQ"
"PSL","INVESCO DORSEY WRIGHT CONSUM","PSL","INVESCO DWA CONSUMER STAPLES MOMENTUM ETF","NASDAQ"
"PSLV","SPROTT PHYSICAL SILVER TRUST","PSLV","SPROTT PHYSICAL SILVER","NYSE"
"PSMD","PACER SWAN SOS MODERATE JANU","PSMD","PACER SWAN SOS MODERATE DEC FLEX","BATS"
"PSMJ","PACER SWAN SOS MODERATE JULY","PSMJ","PACER SWAN SOS MODERATE (JULY) ETF","BATS"
"PSMO","PACER SWAN SOS MOD OCT ETF","PSMO","PACER SWAN SOS MODERATE (OCT) ETF","BATS"
"PSMR","PACER SWAN SOS MODERATE APR","PSMR","PACER SWAN SOS MODERATE APR ETF","BATS"
"PSMT","PRICESMART INC","PSMT","PRICESMART","NASDAQ"
"PSN","PARSONS CORP","PSN","PARSONS CORP","NYSE"
"PSNL","PERSONALIS INC","PSNL","PERSONALIS, INC. COMMON STOCK","NASDAQ"
"PSNY","POLESTAR AUTOMOTIVE-CL A ADS","PSNY","POLESTAR AUTOMOTIVE HOLDING UK PLC CLASS A ADS","NASDAQ"
"PSO","PEARSON PLC-SPONSORED ADR","PSO","PEARSON","NYSE"
"PSP","INVESCO GLOBAL LISTED PRIVAT","PSP","INVESCO GLOBAL LISTED PRIV","NYSE"
"PSQ","PROSHARES SHORT QQQ","PSQ","PROSHARES SHORT QQQ","NYSE"
"PSQA","PLMR SQ SENIOR DEBT ETF","PSQA","PALMER SQUARE CLO SENIOR DEBT","NYSE"
"PSQH","PSQ HOLDINGS INC","PSQH","PSQ HOLDINGS INC","NYSE"
"PSQO","PLMR SQ CREDIT OPP ETF","PSQO","PALMER SQUARE CREDIT OPPORTUNITIES","NYSE"
"PSR","INVESCO ACTIVE US REAL ESTAT","PSR","INVESCO ACTIVE U.S. REAL E","NYSE"
"PST","PROSHARES ULTRASHORT 7-10 YR","PST","PROSHARES ULTRASHORT 7-10 YEAR","NYSE"
"PSTL","POSTAL REALTY TRUST INC- A","PSTL","POSTAL REALTY TRUST INC","NYSE"
"PSTP","INNOVATOR PWR BUFF SU ST ETF","PSTP","INNOVATOR POWER BUFFER STEP-UP STRATEGY ETF","NYSE"
"PSTR","PEAKSHARES SECTOR ROTAT ETF","PSTR","PEAKSHARES SECTOR ROTATION ETF","NASDAQ"
"PSTV","PLUS THERAPEUTICS INC","PSTV","PLUS THERAPEUTICS INC","NASDAQ"
"PSWD","XTRACKERS CYBERSECURITY ETF","PSWD","XTRACKERS CYBERSECURITY SELECT EQUITY ETF","NASDAQ"
"PSX","PHILLIPS 66","PSX","PHILLIPS 66","NYSE"
"PTA","COHEN & STEERS TAX-ADVANTAGE","PTA","COHEN & STEERS TAX-ADVANTAGED PFD SECS FUND","NYSE"
"PTBD","PACER TRENDPILOT US BOND ETF","PTBD","PACER TRENDPILOT US BOND ETF","NYSE"
"PTC","PTC INC","PTC","PTC INC. COMMON STOCK","NASDAQ"
"PTCT","PTC THERAPEUTICS INC","PTCT","PTC THERAPEUTICS, INC. COMMON","NASDAQ"
"PTEN","PATTERSON-UTI ENERGY INC","PTEN","PATTERSON-UTI ENERGY","NASDAQ"
"PTEU","PACER TRENDPILOT EUROPEAN ET","PTEU","PACER TRENDPILOT EUROPEAN ETF","BATS"
"PTF","INVESCO DORSEY WRIGHT TECH","PTF","INVESCO DWA TECHNOLOGY MOMENTUM ETF","NASDAQ"
"PTGX","PROTAGONIST THERAPEUTICS INC","PTGX","PROTAGONIST THERAPEUTICS, INC.","NASDAQ"
"PTH","INVESCO DORSEY WRIGHT HEALTH","PTH","INVESCO DWA HEALTHCARE MOMENTUM ETF","NASDAQ"
"PTIN","PACER TRENDPILOT INTL ETF","PTIN","PACER TRENDPILOT INTERNATIONAL ETF","NYSE"
"PTIR","GRANITESHARES 2X PLTR ETF","PTIR","GRANITESHARES 2X LONG PLTR DAILY ETF","NASDAQ"
"PTL","INSPIRE 500 ETF","PTL","INSPIRE 500 ETF","NYSE"
"PTLC","PACER TRENDPILOT US LARGE CA","PTLC","PACER TRENDPIOLT 750 ETF","BATS"
"PTLE","PTL LTD-A","PTLE","PTL LTD CLASS A","NASDAQ"
"PTLO","PORTILLO'S INC-CL A","PTLO","PORTILLOS INC. CLASS A COMMON STOCK","NASDAQ"
"PTMC","PACER TRENDPILOT US MID CAP","PTMC","PACER TRENDPILOT 450 ETF","BATS"
"PTN","PALATIN TECHNOLOGIES INC","PTN","PALATIN TECHNOLOGIES INC","NYSE_AMERICAN"
"PTNM","PITANIUM LTD-CL A","PTNM","PITANIUM LIMITED CLASS A","NASDAQ"
"PTNQ","PACER TRENDPILOT 100 ETF","PTNQ","PACER TRENDPILOT 100 ETF","NASDAQ"
"PTON","PELOTON INTERACTIVE INC-A","PTON","PELOTON INTERACTIVE, INC. CLASS A","NASDAQ"
"PTOR","PRAETORIAN ACQUISITION COR-A","PTOR","PRAETORIAN ACQUISITION CORP. CLASS A","NASDAQ"
"PTORU","PRAETORIAN ACQUISITION CORP","PTORU","PRAETORIAN ACQUISITION CORP. UNT","NASDAQ"
"PTRB","PGIM TOTAL RETURN BOND ETF","PTRB","PGIM TOTAL RETURN BOND ETF","NYSE"
"PTRN","PATTERN GROUP INC-CL A","PTRN","PATTERN GROUP INC. SERIES A","NASDAQ"
"PTY","PIMCO CORPORATE & INCOME OPP","PTY","PIMCO CORPORATE & INC OPP FUND","NYSE"
"PUBM","PUBMATIC INC-CLASS A","PUBM","PUBMATIC, INC. CLASS A COMMON STOCK","NASDAQ"
"PUI","INVESCO DORSEY WRIGHT UTILIT","PUI","INVESCO DWA UTILITIES MOMENTUM ETF","NASDAQ"
"PUK","PRUDENTIAL PLC-ADR","PUK","PRUDENTIAL","NYSE"
"PULM","PULMATRIX INC","PULM","PULMATRIX INC","NASDAQ"
"PULS","PGIM ULTRA SHORT BOND ETF","PULS","PGIM ULTRA SHORT BOND ETF","NYSE"
"PULT","PUTNAM ESG ULTRA SHORT ETF","PULT","PUTNAM ESG ULTRA SHORT ETF","NYSE"
"PUMP","PROPETRO HOLDING CORP","PUMP","PROPETRO HOLDING CORP","NYSE"
"PURR","HYPERLIQUID STRATEGIES","PURR","HYPERLIQUID STRATEGIES INC","NASDAQ"
"PUSH","PGIM ULTRA SHRT MNPL BND ETF","PUSH","PGIM ULTRA SHORT MUNICIPAL BOND ETF","NYSE"
"PVAL","PUTNAM FOCUSED LRG CAP VALUE","PVAL","PUTNAM FOCUSED LARGE CAP VALUE ETF","NYSE"
"PVEX","TRUESHARE CONVEQUITY ETF-USD","PVEX","ELEVATION SER TRUST TRUESHARES CONVEX PROTECT ETF","BATS"
"PVH","PVH CORP","PVH","PVH","NYSE"
"PVI","INVESCO FLOATING RATE MUNICI","PVI","INVESCO FLOATING RATE MUNICIPAL INCOME ETF","NYSE"
"PVL","PERMIANVILLE ROYALTY TRUST","PVL","PERMIANVILLE ROYALTY TRUST","NYSE"
"PVLA","PALVELLA THERAPEUTICS INC","PVLA","PALVELLA THERAPEUTICS, INC.","NASDAQ"
"PW","POWER REIT","PW","POWER REIT","NYSE_AMERICAN"
"PWB","INVESCO LARGE CAP GROWTH ETF","PWB","INVESCO LARGE CAP GROWTH ETF","NYSE"
"PWER","NOMURA ENERGY TRANSITION ETF","PWER","NOMURA ENERGY TRANSITION ETF","NYSE"
"PWP","PERELLA WEINBERG PARTNERS","PWP","PERELLA WEINBERG PARTNERS","NASDAQ"
"PWR","QUANTA SERVICES INC","PWR","QUANTA SERVICES","NYSE"
"PWRD","TCW TRANSFORM SYSTEMS ETF","PWRD","TCW TRANSFORM SYSTEMS ETF","NASDAQ"
"PWS","PACER WEALTHSHIELD ETF","PWS","PWS","BATS"
"PWV","INVESCO LARGE CAP VALUE ETF","PWV","INVESCO LARGE CAP VALUE ETF","NYSE"
"PWZ","INVESCO CALIFORNIA AMT-FREE","PWZ","POWERSHS AMT FREE CAL MUNI BON","NYSE"
"PXE","INVESCO ENERGY EXPLORATION","PXE","INVESCO ENERGY EXPLORATION & PRODUCTION ETF","NYSE"
"PXED","PHOENIX EDUCATION PARTNERS I","PXED","PHOENIX EDUCATION PARTNERS INC","NYSE"
"PXF","INVESCO RAFI DEVELOPED MARKE","PXF","INVESCO FTSE RAFI DEVELOPED MARKETS EX-U.S. ETF","NYSE"
"PXH","INVES RAFI EMER MRKT-USD INC","PXH","INVESCO FTSE RAFI EMERGING","NYSE"
"PXJ","INVESCO OIL & GAS SERVICES E","PXJ","INVESCO OIL & GAS SERVICES ETF","NYSE"
"PXLW","PIXELWORKS INC","PXLW","PIXELWORKS","NASDAQ"
"PXS","PYXIS TANKERS INC","PXS","PYXIS TANKERS INC. COMMON STOCK","NASDAQ"
"PY","PRINCIPAL VALUE ETF","PY","PRINCIPAL ETF VALUE","NASDAQ"
"PYLD","PIMCO MULTISECTOR BOND ACTV","PYLD","PIMCO MULTISECTOR BOND ACTIVE ETF","NYSE"
"PYPD","POLYPID LTD","PYPD","POLYPID LTD.","NASDAQ"
"PYPG","LEVERAGE SHARES 2X PYPL","PYPG","LEVERAGE SHARES 2X LONG PYPL DAILY ETF","NASDAQ"
"PYPL","PAYPAL HOLDINGS INC","PYPL","PAYPAL HOLDINGS CORP","NASDAQ"
"PYPU","DRXN DLY PYPL BULL 2X ETF","PYPU","DIREXION DAILY PYPL BULL 2X ETF","NYSE"
"PYPY","YLDMX PYPL OP INC STRTG ETF","PYPY","YIELDMAX PYPL OPTION INCOME STRATEGY ETF","NYSE"
"PYT","ML DEPOSITOR PPLUS TR GSC-2 TR CTF FLTG RATE","PYT","MERRILL LYNCH DEPOSITOR FLOATI","NYSE"
"PYXS","PYXIS ONCOLOGY INC","PYXS","PYXIS ONCOLOGY, INC. COMMON STOCK","NASDAQ"
"PYZ","INVESCO DORSEY WRIGHT BASIC","PYZ","INVESCO DWA BASIC MATERIALS MOMENTUM ETF","NASDAQ"
"PZA","INVESCO NATIONAL AMT-FREE MU","PZA","INVESCO AMT FREE NATL MUNI","NYSE"
"PZG","PARAMOUNT GOLD NEVADA CORP","PZG","PARAMOUNT GOLD AND SILVER","NYSE_AMERICAN"
"PZZA","PAPA JOHN'S INTL INC","PZZA","PAPA JOHN'S INTERNATIONAL","NASDAQ"
"Q","QNITY ELECTRONICS INC","Q","QNITY ELECTRONICS INC","NYSE"
"QADRU","QDRO ACQUISITION CORP","QADRU","QDRO ACQUISITION CORP. UNT","NASDAQ"
"QAI","NYLI HDG MLT-STR TRC ETF-USD","QAI","NYLI HEDGE MULTI-STRATEGY TRACKE","NYSE"
"QALT","SEI DBI MULTSTRT ALT ETF","QALT","SEI DBI MULTI-STRATEGY ALTERNATIVE ETF","NASDAQ"
"QARP","DBX ETF TRUST - XTRACKERS RU","QARP","XTRACKERS RUSSELL 1000 US QUALITY ETF ETF","NYSE"
"QAT","ISHARES MSCI QATAR ETF","QAT","ISHARES MSCI QATAR CAPPED ETF","NASDAQ"
"QB","PROSHARES NDX DYNAMIC BUFFER","QB","PROSHARES NASDAQ-100 DYNAMIC BUFFER ETF","NASDAQ"
"QBER","TRUESHARES QUARTLY B HDG ETF","QBER","TRUESHARES QUARTERLY BEAR HEDGE ETF","BATS"
"QBF","INNOVATOR UC BC 20 ETF QRTL","QBF","INNOVATOR UNCAPPED BITCOIN 20 FLOOR ETF QUARTERLY","BATS"
"QBIG","INVESCO TOP QQQ ETF","QBIG","INVESCO TOP QQQ ETF","NASDAQ"
"QBSF","ALLIANZIM US EQ BUFFER15","QBSF","ALLIANZIM U.S. EQUITY BUFFER15 ETF","BATS"
"QBTS","D-WAVE QUANTUM INC","QBTS","D-WAVE QUANTUM INC","NYSE"
"QBTX","TRADR 2X LONG QBTS DAILY ETF","QBTX","TRADR 2X LONG QBTS DAILY ETF","BATS"
"QBTZ","DEF DAILY T2X SHORT QBTS","QBTZ","DEFIANCE DAILY TARGET 2X SHORT QBTS ETF","NASDAQ"
"QBUF","INNV NASDAQ -100 10 B - QRT","QBUF","INNOVATOR NASDAQ-100 10 BUFFER ETF QUARTERLY","NASDAQ"
"QBY","GRANITE YIELDBOOST QBTS ETF","QBY","GRANITESHARES YIELDBOOST QBTS ETF","NASDAQ"
"QCAP","FT NSDQ100CONSBUFFETF - APR","QCAP","FT VEST NASDAQ 100 CONSERVATIVE BUFFER APR","BATS"
"QCJA","FT NDQ100 CNS BUFF ETF - JAN","QCJA","FT VEST NASDAQ-100 CONSERVATIVE BUFFER JAN","BATS"
"QCJL","FT NSDQ 100 CN BUFF ETF-JUL","QCJL","FT VEST NASDAQ 100 CONSERVATIVE BUFFER ETF JULY","BATS"
"QCLN","FIRST TRUST NASDAQ CLEAN EDG","QCLN","FIRST TRUST NASDAQ CLN EDG GRE","NASDAQ"
"QCLR","GLOBAL X NASDAQ 100 COLLAR 9","QCLR","GLOBAL X NASDAQ 100 COLLAR 95-110 ETF","NASDAQ"
"QCLS","Q-C TECHNOLOGIES INC","QCLS","Q/C TECHNOLOGIES, INC.","NASDAQ"
"QCMD","DIREXION DY QCOM BEAR 1X ETF","QCMD","DIREXION DAILY QCOM BEAR 1X ETF","NASDAQ"
"QCML","GRANITE 2X LONG QCOM ETF","QCML","GRANITESHARES 2X LONG QCOM DAILY ETF","NASDAQ"
"QCMU","DIREXION DY QCOM BULL 2X ETF","QCMU","DIREXION DAILY QCOM BULL 2X ETF","NASDAQ"
"QCOC","FT NDQ100 CNS BUFF ETF - OCT","QCOC","FT VEST NASDAQ 100 CONSERVATIVE BUFFER OCT","BATS"
"QCOM","QUALCOMM INC","QCOM","QUALCOMM","NASDAQ"
"QCRH","QCR HOLDINGS INC","QCRH","QCR HOLDINGS","NASDAQ"
"QDEC","FT VEST NASDAQ-100 BUFFER ET","QDEC","FT CBOE VEST GROWTH 100 BUFFER ETF DEC","BATS"
"QDEF","FLEXSHARES QUALITY DIVIDEND","QDEF","FLEXSHARES QUALITY DIVIDEND DE","NYSE"
"QDEL","QUIDELORTHO CORP","QDEL","QUIDEL","NASDAQ"
"QDF","FLEXSHARES QUALITY DIVIDEND","QDF","FLEXSHARES QUALITY DIVIDEND IN","NYSE"
"QDIV","GLOBAL X S&P 500 QLTY DIV","QDIV","GLOBAL X S&P 500 QUALITY DIVIDEND ETF","NYSE"
"QDPL","PACER MET US LRG CAP DVD 400","QDPL","PACER METAURUS US LARGE CAP DIVIDEND X 400 ETF","NYSE"
"QDTE","ROUNDHILL INNOVATION-100 0DT","QDTE","ROUNDHILL N-100 0DTE COVERED CALL STRATEGY ETF","BATS"
"QDTY","YIELDMAX NSQ100 CC STRA ETF","QDTY","YIELDMAX NASDAQ 100 0DTE COVERED CALL STRATEGY ETF","NASDAQ"
"QDVO","AMPLIFY CWP GRW & INC ETF","QDVO","AMPLIFY CWP GROWTH & INCOME ETF","NYSE"
"QEFA","STSR SPD MSC EAF STGFS-US IN","QEFA","STATE ST SPDR MSCI EAFE STRATEGIC FACTORS","NYSE"
"QEMM","STATE STREET SPDR MSCI EMERG","QEMM","STATE ST SPDR MSCI EMERGING MKT STRATEGIC FACTORS","NYSE"
"QETA","QUETTA ACQUISITION CORP","QETA","QUETTA ACQUISITION CORPORATION","NASDAQ"
"QETAU","QUETTA ACQUISITION CORP","QETAU","QUETTA ACQUISITION CORPORATION UNT","NASDAQ"
"QETH","INVESCO GALAXY ETH ETF","QETH","INVESCO GALAXY ETHEREUM ETF","BATS"
"QEW","INVESCO QQQ EQUAL WEIGHT ETF","QEW","INVESCO QQQ EQUAL WEIGHT ETF","NASDAQ"
"QFHD","PCR SP 500 Q FCF HGH DIV","QFHD","PACER S&P 500 QUALITY FCF HIGH DIVIDEND ETF","BATS"
"QFIN","QFIN HOLDINGS INC-ADR","QFIN","QFIN HOLDINGS, INC. ADS","NASDAQ"
"QFLR","INNOVATOR NASDAQ-100 MF ETF","QFLR","INNOVATOR NASDAQ-100 MANAGED FLOOR ETF","NYSE"
"QGEN","QIAGEN N.V.","QGEN","QIAGEN NV","NYSE"
"QGRD","HORIZON NASDAQ-100 DR ETF","QGRD","HORIZON NASDAQ-100 DEFINED RISK ETF","NASDAQ"
"QGRO","AMERICAN CENTURY US QUALITY","QGRO","AMERICAN CENTURY U.S. QUALITY GROWTH ETF","NYSE"
"QGRW","WISDOMTREE US QUALITY GROWTH","QGRW","WISDOMTREE US QUALITY GROWTH FUND","NYSE"
"QHY","WISDOMTREE US HIGH YIELD COR","QHY","WISDOMTREE U.S. HIGH YIELD CRP BND FUND","BATS"
"QID","PROSHARES ULTRASHORT QQQ","QID","PROSHARES ULTRASHORT QQQ","NYSE"
"QINT","AMERICAN CENTURY QLTY DIVER","QINT","AMERICAN CENTURY QUALITY DIVERSIFIED INTL ETF","NYSE"
"QIS","SIMPLIFY MULTI-QIS ALT ETF","QIS","SIMPLIFY MULTI-QIS ALTERNATIVE ETF","NYSE"
"QJUN","FT VEST NASDAQ-100 BUFFER ET","QJUN","FT CBOE VEST NASDAQ-100 BUFFER ETF JUN","BATS"
"QLC","FLEXSHARES US QUALITY LG CAP","QLC","FLEXSHARES US QUALITY LARGE CAP FUND","BATS"
"QLD","PROSHARES ULTRA QQQ","QLD","PROSHARES ULTRA QQQ","NYSE"
"QLDY","DEF NASDAQ 100 LS INC ETF","QLDY","DEFIANCE NASDAQ 100 LIGHTNINGSPREAD INCOME ETF","NASDAQ"
"QLTA","ISHARES AAA - A RATED CORPOR","QLTA","ISHARES AAA - A RATED CORPORAT","NYSE"
"QLTI","GMO INTERNATIONAL QLTY ETF","QLTI","GMO INTERNATIONAL QUALITY ETF","NYSE"
"QLTY","GMO U.S. QUALITY ETF","QLTY","GMO US QUALITY ETF","NYSE"
"QLV","FLEXSHARES US QUALITY LOW VO","QLV","FLEXSHARES US QUALITY LOW VOLATILITY FUND","NYSE"
"QLVD","FLEXSHARES DEVELOPED MARKETS","QLVD","FLEXSHARES DEVELOPED MKTS EX-US QUALITY LOW VOLATI","NYSE"
"QLVE","FLEXSHARES EMERGING MARKETS","QLVE","FLEXSHARES EM QUALITY LOW VLT FUND","NYSE"
"QLYS","QUALYS INC","QLYS","QUALYS","NASDAQ"
"QMAG","FT NDQ100 MOD BUFF ETF - AUG","QMAG","FIRST TR VIII VEST NASDAQ-100 MODERATE BUFFER AUG","BATS"
"QMAR","FT VEST NASDAQ-100 BUFFER ET","QMAR","FT CBOE VEST NASDAQ-100 BUFFER ETF MAR","BATS"
"QMCO","QUANTUM CORP","QMCO","QUANTUM CORPORATION COMMON STOCK","NASDAQ"
"QMFE","FT NDQ100 MOD BUFF ETF - FEB","QMFE","FIRST TR VIII VEST NASDAQ-100 MODERATE BUFFER FEB","BATS"
"QMID","WISDOMTREE U.S. MDCP QTY G F","QMID","WISDOMTREE U.S. MIDCAP QUALITY GROWTH FUND","NASDAQ"
"QMMM","QMMM HOLDINGS LTD-A","QMMM","QMMM HOLDINGS LIMITED CLASS A","NASDAQ"
"QMMY","FT NDQ100 MOD BUFF ETF - MAY","QMMY","FIRST TR VIII VEST NASDAQ-100 MODERATE BUFFER MAY","BATS"
"QMNV","FT NDQ100 MOD BUFF ETF - NOV","QMNV","FIRST TR VIII VEST NASDAQ-100 MODERATE BUFFER NOV","BATS"
"QMOM","ALPHA US QUANT MOM ETF","QMOM","ALPHA ARCHITECT U.S. QUANTITATIVE MOMENTUM ETF","NASDAQ"
"QNC","QUANTUM EMOTION CORP","QNC","","NYSE_AMERICAN"
"QNCX","QUINCE THERAPEUTICS INC","QNCX","QUINCE THERAPEUTICS, INC.","NASDAQ"
"QNRX","QUOIN PHARMACEUTICALS LT-ADR","QNRX","QUOIN PHARMACEUTICALS, LTD. ADS","NASDAQ"
"QNST","QUINSTREET INC","QNST","QUINSTREET","NASDAQ"
"QNTM","QUANTUM BIOPHARMA-B SUB VOT","QNTM","QUANTUM BIOPHARMA LTD. CLASS B","NASDAQ"
"QNXT","ISHARES NSDQ 100 EX TOP 30","QNXT","ISHARES NASDAQ-100 EX TOP 30 ETF","NASDAQ"
"QOWZ","INVESCO NAQ FREE CH FL A ETF","QOWZ","INVESCO NASDAQ FREE CASH FLOW ACHIEVERS ETF","NASDAQ"
"QPUX","DFINC 2X D LNG PURE QUNT ETF","QPUX","DEFIANCE 2X DAILY LONG PURE QUANTUM ETF","NASDAQ"
"QPX","ADVISORSHARES Q DYN GROWTH","QPX","ADVISORSHARES Q DYNAMIC GROWTH ETF","NYSE"
"QQA","INVESCO QQQ INCOME ADV ETF","QQA","INVESCO QQQ INCOME ADVANTAGE ETF","NASDAQ"
"QQDN","PROSHARES ULTRASHORT QQQ MEG","QQDN","PROSHARES ULTRASHORT QQQ MEGA","NASDAQ"
"QQEW","FIRST TRUST NASDAQ-100 SELEC","QQEW","FIRST TR NASDAQ-100 SELECT EQUAL WEIGHT ETF","NASDAQ"
"QQH","HCM DEFENDER 100 INDEX ETF","QQH","HCM DEFENDER 100 INDEX ETF","NYSE"
"QQHG","INVESCO QQQ HEDGED ADV ETF","QQHG","INVESCO QQQ HEDGED ADVANTAGE ETF","NASDAQ"
"QQLV","INVESCO QQQ LOW VOLATIL ETF","QQLV","INVESCO QQQ LOW VOLATILITY ETF","NASDAQ"
"QQMG","INVESCO ESG NASDAQ 100","QQMG","INVESCO ESG NASDAQ 100 ETF","NASDAQ"
"QQQ","INVESCO QQQ TRUST SERIES 1","QQQ","POWERSHARES QQQ","NASDAQ"
"QQQD","DIRXIN DLY MGNF 7B 1X ETF-UI","QQQD","DIREXION DAILY MAGNIFICENT 7 BEAR 1X ETF","NYSE"
"QQQE","DIRX NASDAQ-100EQ WI ETF-USD","QQQE","DIREXION NASDAQ-100 EQUAL WEIGHTED INDEX ETF","NASDAQ"
"QQQG","PACER NDQ 100 TOP 50 CSH CW","QQQG","PACER NASDAQ 100 TOP 50 CASH WS GROWTH LEADERS","NASDAQ"
"QQQH","NEOS NDQ-100 HG EQ INC ETF","QQQH","NEOS NEOS NASDAQ-100 HEDGED EQUITY INCOME","NASDAQ"
"QQQI","NEOS NASDAQ-100 HIGH INC ETF","QQQI","NEOS NASDAQ 100 HIGH INCOME ETF","NASDAQ"
"QQQJ","INVESCO NASDAQ NEXT GEN 100","QQQJ","INVESCO NASDAQ NEXT GEN 100 ETF","NASDAQ"
"QQQM","INVESCO NASDAQ 100 ETF","QQQM","INVESCO NASDAQ 100 ETF","NASDAQ"
"QQQP","TRADR 2X LONG INNOVATION 100","QQQP","TRADR 2X LONG INNOVATION 100 QUARTERLY ETF","NASDAQ"
"QQQS","INVESCO NASDAQ FUT GEN 200","QQQS","INVESCO NASDAQ FUTURE GEN 200 ETF","NASDAQ"
"QQQT","DEFIANCE NASDAQ 100 IN T ETF","QQQT","DEFIANCE NASDAQ 100 INCOME TARGET ETF","NASDAQ"
"QQQU","DIREXION DAILY MAGNIFICENT 7","QQQU","DIREXION DAILY MAGNIFICENT 7 BULL 2X ETF","NYSE"
"QQQX","NUVEEN NASDAQ 100 DYN OVERWR","QQQX","NUVEEN NDQ 100 DYN OVERWRITE","NASDAQ"
"QQQY","DEFIANCE NASDAQ 100 WEEKLY D","QQQY","TIDAL II DEFIANCE NASDAQ 100 WEEKLY DISTRIBUTION","NASDAQ"
"QQUP","PROSHARES ULTRA QQQ MEGA-USI","QQUP","PROSHARES ULTRA QQQ MEGA","NASDAQ"
"QQWZ","PCR CSH COWZ 100N 100R","QQWZ","PACER CASH COWZ 100-NASDAQ 100 ROTATOR ETF","NASDAQ"
"QQXL","PROSHARES ULTRA QQQ TOP 30","QQXL","PROSHARES ULTRA QQQ TOP 30","NASDAQ"
"QQXT","FIRST TRUST NASDAQ-100 EX-TE","QQXT","FIRST TRUST NASDAQ-100 EX-TECH","NASDAQ"
"QRHC","QUEST RESOURCE HOLDING CORP","QRHC","QUEST RESOURCE HOLDING CORPORA","NASDAQ"
"QRMI","GLOBAL X NASDAQ 100 RISK MAN","QRMI","GLOBAL X NASDAQ 100 RISK MNGD INCOME ETF","NASDAQ"
"QRVO","QORVO INC","QRVO","QORVO, INC. COMMON STOCK","NASDAQ"
"QS","QUANTUMSCAPE CORP","QS","QUANTUMSCAPE CORPORATION CLASS A","NASDAQ"
"QSEA","QUARTZSEA ACQUISITION CORP","QSEA","QUARTZSEA ACQUISITION CORPORATION","NASDAQ"
"QSI","QUANTUM-SI INC","QSI","QUANTUM-SI INC","NASDAQ"
"QSIG","WISDOMTREE US SHORT TERM COR","QSIG","WISDOMTREE U.S. SHORT TERM CRP BND FUND","BATS"
"QSIX","PACR META N100 DVD M 600 ETF","QSIX","PACER METAURUS NASDAQ 100 DIVIDEND X 600 ETF","NASDAQ"
"QSML","WISDOMTREE U.S. SMALCP Q GF","QSML","WISDOMTREE U.S. SMALLCAP QUALITY GROWTH FUND","NASDAQ"
"QSOL","INVESCO GALAXY SOLANA ETF","QSOL","INVESCO GALAXY SOLANA ETF","BATS"
"QSPT","FT VEST NASDAQ-100 BUFFER ET","QSPT","FT CBOE VEST NASDAQ-100 BUFFER ETF SEP","BATS"
"QSR","RESTAURANT BRANDS INTERN","QSR","RESTAURANT BRANDS INTL.","NYSE"
"QSU","DEFIAN DAI TARGT 2X LONG ETF","QSU","DEFIANCE DAILY TARGET 2X LONG QS ETF","NYSE"
"QTAC","Q3 ALL-SEASON TACTIC ADV ETF","QTAC","Q3 ALL-SEASON TACTICAL ADVANTAGE ETF","BATS"
"QTAP","INNOVATOR GRW 100 ACCL PLUS","QTAP","INNOVATOR GROWTH ACCELERATED PLUS ETF APR","BATS"
"QTEC","FIRST TRUST NASDQ 100 TECH I","QTEC","FIRST TRUST NASDAQ-100-TECH IN","NASDAQ"
"QTI","QT IMAGING HOLDINGS INC","QTI","QT IMAGING HOLDINGS, INC.","NASDAQ"
"QTJA","INNOVATOR GROWTH ACC PLUS-J","QTJA","INNOVATOR GROWTH ACCELERATED PLUS ETF JAN","BATS"
"QTJL","INN GROWTH ACCEL PLUS JULY","QTJL","INNOVATOR GROWTH ACCELERATED PLUS ETF JUL","BATS"
"QTOC","INNOVATOR GROWTH ACCEL PL-OC","QTOC","INNOVATOR GROWTH ACCELERATED PLUS ETF OCT","BATS"
"QTOP","ISHARES NSDQ TOP 30 STOCKS","QTOP","ISHARES NASDAQ TOP 30 STOCKS ETF","NASDAQ"
"QTPI","NRTH SQUR RCIM TAX-AD IS ETF","QTPI","NORTH SQUARE RCIM TAX-ADVANTAGED PFD & INCOME SEC","NYSE"
"QTR","GLOBAL X NASDAQ 100 TAIL RIS","QTR","GLOBAL X NASDAQ 100 TAIL RISK ETF","NASDAQ"
"QTRX","QUANTERIX CORP","QTRX","QUANTERIX CORPORATION COMMON STOCK","NASDAQ"
"QTTB","Q32 BIO INC","QTTB","Q32 BIO INC.","NASDAQ"
"QTUM","DEFIANCE QUANTUM ETF","QTUM","DEFIANCE QUANTUM ETF","NASDAQ"
"QTWO","Q2 HOLDINGS INC","QTWO","Q2 HOLDINGS INC","NYSE"
"QUAD","QUAD GRAPHICS INC","QUAD","QUAD/GRAPHICS","NYSE"
"QUAL","ISHARES MSCI USA QUALITY FAC","QUAL","ISHARES MSCI USA QUALITY FACTOR ETF","BATS"
"QUBT","QUANTUM COMPUTING INC","QUBT","QUANTUM COMPUTING INC. COMMON STOCK","NASDAQ"
"QUBX","TRADR 2X LONG QUBT DAILY ETF","QUBX","TRADR 2X LONG QBTS DAILY ETF QUBT DAILY ETF","BATS"
"QUCY","MAINZ BIOMED NV","QUCY","MAINZ BIOMED B.V. ORDINARY SHARES","NASDAQ"
"QUIK","QUICKLOGIC CORP","QUIK","QUICKLOGIC","NASDAQ"
"QUIZ","ZACKS QLTY INTER'L FUND","QUIZ","ZACKS QUALITY INTERNATIONAL ETF","NYSE"
"QUMS","QUANTUMSPHERE ACQUISITION CO","QUMS","QUANTUMSPHERE ACQUISITION CORP.","NASDAQ"
"QUMSU","QUANTUMSPHERE ACQUISITION CO","QUMSU","QUANTUMSPHERE ACQUISITION CORP. UNT","NASDAQ"
"QURE","UNIQURE NV","QURE","UNIQURE N.V. ORDINARY SHARES","NASDAQ"
"QUS","SS SPDR MSCI U STRATFACT ETF","QUS","STATE ST SPDR MSCI USA STRATEGIC FACTORS","NYSE"
"QUSA","VS TARGET 15 US QUAL INC ETF","QUSA","VISTASHARES TARGET 15 USA QUALITY INCOME ETF","NYSE"
"QUVU","HARTFORD QUALITY VALUE ETF","QUVU","HARTFORD QUALITY VALUE ETF","BATS"
"QVAL","ALPHA ARCH US QNT VALUE ETF","QVAL","ALPHA ARCHITECT U.S. QUANTITATIVE VALUE ETF","NASDAQ"
"QVCGA","QVC GROUP INC","QVCGA","QVC GROUP, INC. SERIES A","NASDAQ"
"QVCGP","QURATE RETAIL INC","QVCGP","QVC GROUP, INC. 8.0% PF","NASDAQ"
"QVML","INVESCO S&P 500 QVM MULTI-FA","QVML","INVESCO S&P 500 QVM MULTI-FACTOR ETF","NYSE"
"QVMM","INVESCO S&P MIDCAP 400 QVM M","QVMM","INVESCO S&P MIDCAP 400 QVM MULTI-FACTOR ETF","NYSE"
"QVMT","INVESCO S&P 500 CONCENTRATED","QVMT","INVESCO S&P 500 CONCENTRATED QVM ETF","NYSE"
"QVOY","Q3 ALL-SEASON ACTIVE ROT ETF","QVOY","Q3 ALL-SEASON ACTIVE ROTATION ETF","BATS"
"QWLD","STATE STREET SPDR MSCI WORLD","QWLD","STATE ST SPDR MSCI WORLD STRATEGIC FACTORS","NYSE"
"QXO","QXO INC","QXO","QXO, INC.","NYSE"
"QXQ","SGI ENHANCED NASDAQ-100 ETF","QXQ","SGI ENHANCED NASDAQ-100 ETF","NASDAQ"
"QYLD","GLOBAL X NASD 100 COV CALL","QYLD","GLOBAL X NASDAQ 100 COVERED CALL ETF","NASDAQ"
"QYLG","GLOBAL X NASDAQ 100 COVC GRW","QYLG","GLOBAL X NASDAQ 100 COVERED CALL & GROWTH ETF","NASDAQ"
"R","RYDER SYSTEM INC","R","RYDER SYSTEM","NYSE"
"RA","BROOKFIELD REAL ASSETS INCOM","RA","BROOKFIELD REAL ASSETS INCOME FUND INC","NYSE"
"RAA","SMI 3FOURTEEN RL ASST ALLOC","RAA","SMI 3FOURTEEN REAL ASSET ALLOCATION ETF","NASDAQ"
"RAAA","RECKONER YLD ENH AAA CLO ETF","RAAA","RECKONER YIELD ENHANCED AAA CLO ETF","NYSE"
"RAAQ","REAL ASSET ACQUISITI-CLASS A","RAAQ","REAL ASSET ACQUISITION CORP. CLASS A","NASDAQ"
"RAAQU","REAL ASSET ACQUISITION CORP","RAAQU","REAL ASSET ACQUISITION CORP. UNT","NASDAQ"
"RAAR","RECKONER YE AAACLO REINV ETF","RAAR","RECKONER YIELD ENHANCED AAA CLO REINVESTING ETF","NYSE"
"RAAX","VANECK REAL ASSETS ETF","RAAX","VANECK REAL ASSETS ETF","NYSE"
"RAC","RITHM ACQUISITION CORP-A","RAC","RITHM ACQUISITION CORP","NYSE"
"RACE","FERRARI NV","RACE","FERRARI N V","NYSE"
"RADX","RADIOPHARM THERANOSTICS LTD","RADX","RADIOPHARM THERANOSTICS LIMITED ADS","NASDAQ"
"RAFE","PIMCO RAFI ESG US ETF","RAFE","PIMCO RAFI ESG US ETF","NYSE"
"RAIL","FREIGHTCAR AMERICA INC","RAIL","FREIGHTCAR AMERICA","NASDAQ"
"RAL","RALLIANT CORP","RAL","RALLIANT CORP","NYSE"
"RAMP","LIVERAMP HOLDINGS INC","RAMP","LIVERAMP HOLDINGS INC","NYSE"
"RAND","RAND CAPITAL CORP","RAND","RAND CAPITAL","NASDAQ"
"RANG","RANGE CAPITAL ACQUISITION CO","RANG","RANGE CAPITAL ACQUISITION CORP.","NASDAQ"
"RANGU","RANGE CAPITAL ACQUISITION CO","RANGU","RANGE CAPITAL ACQUISITION CORP. UNT","NASDAQ"
"RANI","RANI THERAPEUTICS HOLDINGS-A","RANI","RANI THERAPEUTICS HOLDINGS, INC. CLASS A","NASDAQ"
"RAPP","RAPPORT THERAPEUTICS INC","RAPP","RAPPORT THERAPEUTICS, INC.","NASDAQ"
"RARE","ULTRAGENYX PHARMACEUTICAL IN","RARE","ULTRAGENYX PHARMACEUTICAL INC.","NASDAQ"
"RAUS","RACWI US ETF","RAUS","RACWI US ETF","NASDAQ"
"RAVE","RAVE RESTAURANT GROUP INC","RAVE","RAVE RESTAURANT GROUP INC","NASDAQ"
"RAVI","FLEXSHARES ULTRA-SHORT INCOM","RAVI","FLEXSHARES READY ACCESS VARIAB","NYSE"
"RAY","RAYTECH HOLDING LTD","RAY","RAYTECH HOLDING LIMITED","NASDAQ"
"RAYA","ERAYAK POWER SOLUTION GRP-A","RAYA","ERAYAK POWER SOLUTION GROUP INC. CLASS A","NASDAQ"
"RAYJ","RAYLIANT SMDAM JAPAN EQT ETF","RAYJ","RAYLIANT SMDAM JAPAN EQUITY ETF","NYSE"
"RB","PROSHARES RTY DYNAMIC BUFFER","RB","PROSHARES RUSSELL 2000 DYNAMIC BUFFER ETF","BATS"
"RBA","RB GLOBAL INC","RBA","RB GLOBAL INC","NYSE"
"RBB","RBB BANCORP","RBB","RBB BANCORP COMMON STOCK","NASDAQ"
"RBBN","RIBBON COMMUNICATIONS INC","RBBN","RIBBON COMMUNICATION INC","NASDAQ"
"RBC","RBC BEARINGS INC","RBC","RBC BEARINGS INC","NYSE"
"RBCAA","REPUBLIC BANCORP INC-CLASS A","RBCAA","REPUBLIC BANCORP","NASDAQ"
"RBKB","RHINEBECK BANCORP INC","RBKB","RHINEBECK BANCORP, INC. COMMON STOCK","NASDAQ"
"RBLD","FIRST TRUST ALERIAN US NEXTG","RBLD","FIRST TRUST ALERIAN US NEXT GEN INFRASTRUCTURE","NYSE"
"RBLU","T-REX 2X LNG RBLX DLY TRGT","RBLU","OPPTY T-REX 2X LONG RBLX DAILY TARGET","BATS"
"RBLX","ROBLOX CORP -CLASS A","RBLX","ROBLOX CORP","NYSE"
"RBLY","YM RBLX OPTION INC STRAT ETF","RBLY","YIELDMAX RBLX OPTION INCOME STRATEGY ETF","NYSE"
"RBNE","ROBIN ENERGY LTD","RBNE","ROBIN ENERGY LTD.","NASDAQ"
"RBRK","RUBRIK INC-A","RBRK","RUBRIK INC","NYSE"
"RBUF","INVV US SML C 10 B ETF-QRT","RBUF","INNOVATOR US SMALL CAP 10 BUFFER ETF QUARTERLY","BATS"
"RC","READY CAPITAL CORP","RC","READY CAPITAL CORP","NYSE"
"RCAT","RED CAT HOLDINGS INC","RCAT","RED CAT HOLDINGS, INC. COMMON STOCK","NASDAQ"
"RCAX","DEFIANCE DY TAR 2X LO ETF","RCAX","DEFIANCE DAILY TARGET 2X LONG RCAT ETF","NASDAQ"
"RCB","READY CAPITAL CORP","RCB","READY CAPITAL CORP 6.2% NTS","NYSE"
"RCD","READY CAPITAL CORP","RCD","READY CAPITAL INC 9% NTS","NYSE"
"RCEL","AVITA MEDICAL INC","RCEL","AVITA MEDICAL INC","NASDAQ"
"RCG","RENN FUND INC","RCG","RENN FUND, INC.","NYSE_AMERICAN"
"RCGE","ROCKCREEK GBL EQUALITY ETF","RCGE","ROCKCREEK GLOBAL EQUALITY ETF","NASDAQ"
"RCI","ROGERS COMMUNICATIONS INC-B","RCI","ROGERS COMMUNICATIONS","NYSE"
"RCKT","ROCKET PHARMACEUTICALS INC","RCKT","ROCKET PHARMACEUTICALS, INC.","NASDAQ"
"RCKY","ROCKY BRANDS INC","RCKY","ROCKY BRANDS","NASDAQ"
"RCL","ROYAL CARIBBEAN CRUISES LTD","RCL","ROYAL CARIBBEAN GROUP","NYSE"
"RCLO","RECKONER BBB-B CLO ETF","RCLO","ADVISOR MNGD PORTFOLIOS RECKONER BBB-B CLO ETF","NYSE"
"RCMT","RCM TECHNOLOGIES INC","RCMT","RCM TECHNOLOGIES","NASDAQ"
"RCON","RECON TECHNOLOGY LTD-CLASS A","RCON","RECON TECHNOLOGY","NASDAQ"
"RCS","PIMCO STRATEGIC INCOME FUND","RCS","PIMCO STRATEGIC INCOME FUND, I","NYSE"
"RCT","REDCLOUD HOLDINGS PLC","RCT","REDCLOUD HOLDINGS PLC","NASDAQ"
"RCTR","FT BLOOMBERGNUCLEARPOWER ETF","RCTR","FIRST TRUST BLOOMBERG NUCLEAR POWER ETF","NYSE"
"RCUS","ARCUS BIOSCIENCES INC","RCUS","ARCUS BIOSCIENCES INC","NYSE"
"RDAC","RISING DRAGON ACQUISITION CO","RDAC","RISING DRAGON ACQUISITION CORP.","NASDAQ"
"RDACU","RISING DRAGON ACQUISITION CO","RDACU","RISING DRAGON ACQUISITION CORP. UNT","NASDAQ"
"RDAG","REPUBLIC DIGITAL ACQUIS-CL A","RDAG","REPUBLIC DIGITAL ACQUISITION COMPANY CLASS A","NASDAQ"
"RDAGU","REPUBLIC DIGITAL ACQUISITION","RDAGU","REPUBLIC DIGITAL ACQUISITION COMPANY UNT","NASDAQ"
"RDCM","RADCOM LTD","RDCM","RADCOM","NASDAQ"
"RDDT","REDDIT INC-CL A","RDDT","REDDIT INC","NYSE"
"RDFI","RAREVIEW DYNAMIC FIXED INCOM","RDFI","RAREVIEW DYNAMIC FIXED INCOME ETF","BATS"
"RDGT","RIDGETECH INC","RDGT","RIDGETECH, INC.","NASDAQ"
"RDHL","REDHILL BIOPHARMA LTD-SP ADR","RDHL","REDHILL BIOPHARMA LTD. AMERICA","NASDAQ"
"RDI","READING INTERNATIONAL INC-A","RDI","READING INTERNATIONAL INC CLASS A","NASDAQ"
"RDIB","READING INTERNATIONAL INC-B","RDIB","READING INTERNATIONAL INC CLASS B","NASDAQ"
"RDIV","INVESCO S&P ULTRA DIVIDEND","RDIV","INVESCO S&P ULTRA DIVIDEND REVENUE ETF","NYSE"
"RDN","RADIAN GROUP INC","RDN","RADIAN GROUP","NYSE"
"RDNT","RADNET INC","RDNT","RADNET","NASDAQ"
"RDNW","RIDENOW GROUP INC","RDNW","RIDENOW GROUP, INC. CLASS B","NASDAQ"
"RDOG","ALPS REIT DIVIDEND DOGS ETF","RDOG","ALPS ETF TRUST ALPS REIT DIVIDE","NYSE"
"RDTE","ROUNDHILL RUSSELL 2000 0DTE","RDTE","ROUNDHILL SMALL CAP 0DTE COVERED CALL STRAT","BATS"
"RDTL","GRANITE 2X LONG RDDT ETF","RDTL","GRANITESHARES 2X LONG RDDT DAILY ETF","NASDAQ"
"RDTY","YIELDMAX RUS2000 CC STRA ETF","RDTY","YIELDMAX RUSSELL 2000 0DTE COVERED CALL STRATEGY","NASDAQ"
"RDVI","FT VEST RISING DIVIDEND ACHI","RDVI","FT CBOE VEST RISING DIVIDEND ACHIEVERS TGT INCOME","BATS"
"RDVT","RED VIOLET INC","RDVT","RED VIOLET, INC. COMMON STOCK","NASDAQ"
"RDVY","FIRST TRUST RISING DIVIDEND","RDVY","FIRST TRUST NASDAQ RISING DIVI","NASDAQ"
"RDW","REDWIRE CORP","RDW","REDWIRE CORPORATION","NYSE"
"RDWR","RADWARE LTD","RDWR","RADWARE","NASDAQ"
"RDWU","T-REX 2X LNG RDW DLY TGT ETF","RDWU","","BATS"
"RDY","DR REDDY'S LABORATORIES-ADR","RDY","DR. REDDY LABS","NYSE"
"RDYY","YM RDDT OPTION INC STRAT ETF","RDYY","YIELDMAX RDDT OPTION INCOME STRATEGY ETF","NYSE"
"RDZN","ROADZEN INC","RDZN","ROADZEN, INC.","NASDAQ"
"REAL","REALREAL INC-THE","REAL","THE REALREAL, INC. COMMON STOCK","NASDAQ"
"REAX","REAL BROKERAGE INC-THE","REAX","THE REAL BROKERAGE, INC. COMMON SHARES","NASDAQ"
"REBN","REBORN COFFEE INC","REBN","REBORN COFFEE, INC.","NASDAQ"
"RECS","COLUMBIA RESEAR ENH COR ETF","RECS","COLUMBIA RESEARCH ENHANCED CORE ETF","NYSE"
"REE","REE AUTOMOTIVE LTD - CLASS A","REE","REE AUTOMOTIVE LTD. CLASS A","NASDAQ"
"REED","REED'S INC","REED","REEDS, INC.","NYSE_AMERICAN"
"REET","ISHARES GLOBAL REIT ETF","REET","ISHARES GLOBAL REIT","NYSE"
"REFA","COLUMBIA RESEAR ENH INTL EQ","REFA","COLUMBIA RESEARCH ENHANCED INTERNATIONAL ETF","NYSE"
"REFI","CHICAGO ATLANTIC REAL ESTATE","REFI","CHICAGO ATLANTIC REAL ESTATE FINANCE, INC.","NASDAQ"
"REFR","RESEARCH FRONTIERS INC","REFR","RESEARCH FRONTIERS","NASDAQ"
"REG","REGENCY CENTERS CORP","REG","REGENCY CENTERS","NASDAQ"
"REGCO","PFD REGENCY CTRS CORP BE<","REGCO","REGENCY CENTERS CORPORATION 5.875% SERIES B PF","NASDAQ"
"REGCP","PFD REGENCY CTRS CORP BE<","REGCP","REGENCY CENTERS CORPORATION 6.25% SERIES A PF","NASDAQ"
"REGL","PRSHRS S&P MID 400 DVD ARIST","REGL","PROSHARES S&P MIDCAP 400 DVDND ARST","BATS"
"REGN","REGENERON PHARMACEUTICALS","REGN","REGENERON PHARMACEUTICALS","NASDAQ"
"REGS","COLUMBIA LARGE CAP GRWTH ETF","REGS","COLUMBIA LARGE CAP GROWTH ETF","NYSE"
"REI","RING ENERGY INC","REI","RING ENERGY, INC.","NYSE_AMERICAN"
"REIT","ALPS ACTIVE REIT ETF","REIT","ALPS ACTIVE REIT ETF","NASDAQ"
"REK","PROSHARES SHORT REAL ESTATE","REK","PROSHARES SHORT REAL ESTATE","NYSE"
"REKR","REKOR SYSTEMS INC","REKR","REKOR SYSTEMS INC","NASDAQ"
"RELL","RICHARDSON ELEC LTD","RELL","RICHARDSON ELECTRONICS","NASDAQ"
"RELX","RELX PLC - SPON ADR","RELX","RELX PLC","NYSE"
"RELY","REMITLY GLOBAL INC","RELY","REMITLY GLOBAL, INC. COMMON STOCK","NASDAQ"
"REM","ISHARES MORTGAGE REAL ESTATE","REM","ISHARES MORTGAGE REAL ESTATE CAPPED ETF","BATS"
"REMC","COLUMBIA RESEAR ENH MID CAP","REMC","COLUMBIA RESEARCH ENHANCED MID CAP ETF","NYSE"
"REMG","RU IN EM MARKE EQUITY ETF-US","REMG","RUSSELL INVESTMENTS ETF EM EQUITY ETF","NASDAQ"
"REMX","VANECK RAR EARTH ND STG-USDI","REMX","VANECK RARE EARTH AND STRATEGIC METALS ETF","NYSE"
"RENT","RENT THE RUNWAY INC-A","RENT","RENT THE RUNWAY, INC. CLASS A","NASDAQ"
"RENX","RENX ENTERPRISES CORP","RENX","RENX ENTERPRISES CORP.","NASDAQ"
"REPL","REPLIMUNE GROUP INC","REPL","REPLIMUNE GROUP, INC. COMMON STOCK","NASDAQ"
"REPX","RILEY EXPLORATION PERMIAN IN","REPX","RILEY EXPLORATION PERMIAN INC","NYSE_AMERICAN"
"RERE","ATRENEW INC","RERE","ATRENEW INC","NYSE"
"RES","RPC INC","RES","RPC","NYSE"
"RESM","COLUMBIA RESEAR ENH SM CAP","RESM","COLUMBIA RESEARCH ENHANCED SMALL CAP ETF","NYSE"
"RETL","DIRXIN DLY RETL BL 3X ETF-UI","RETL","DIREXION DAILY RETAIL BULL 3X ETF","NYSE"
"RETO","RETO ECO-SOLUTIONS INC-A","RETO","RETO ECO-SOLUTIONS, INC. COMMON SHARES","NASDAQ"
"REVB","REVELATION BIOSCIENCES INC","REVB","REVELATION BIOSCIENCES, INC.","NASDAQ"
"REW","PROSHARES ULTRASHORT TECH","REW","PROSHARES ULTRASHORT TECHNOLOG","NYSE"
"REX","REX AMERICAN RESOURCES CORP","REX","REX AMERICAN RESOURCES","NYSE"
"REXR","REXFORD INDUSTRIAL REALTY IN","REXR","REXFORD INDUSTRIAL REALTY","NYSE"
"REYN","REYNOLDS CONSUMER PRODUCTS I","REYN","REYNOLDS CONSUMER PRODUCTS INC.","NASDAQ"
"REZ","ISHARS RES AND MULTI REALES","REZ","ISHARES RESIDENTIAL AND MULTISCTR REAL ESTATE ETF","NYSE"
"REZI","RESIDEO TECHNOLOGIES INC","REZI","RESIDEO TECHNOLOGIES INC","NYSE"
"RF","REGIONS FINANCIAL CORP","RF","REGIONS FINANCIAL","NYSE"
"RFAI","RF ACQUISITION CORP II","RFAI","RF ACQUISITION CORP II","NASDAQ"
"RFAIU","RF ACQUISITION CORP II","RFAIU","RF ACQUISITION CORP II UNT","NASDAQ"
"RFAM","RF ACQUISITION CORP III","RFAM","RF ACQUISITION CORP III","NASDAQ"
"RFAMU","RF ACQUISITION CORP III","RFAMU","RF ACQUISITION CORP III UNT","NASDAQ"
"RFDI","FIRST TRST DYN DEVEL INT ETF","RFDI","FIRST TRUST RIVERFRONT DYN DEV INTL","NASDAQ"
"RFG","INVESCO S&P MIDCAP 400 PURE","RFG","INVESCO S&P MIDCAP 400 PURE","NYSE"
"RFI","COHEN & STEERS TOT RET RLTY","RFI","COHEN & STEERS TOT RET REALTY","NYSE"
"RFIL","RF INDUSTRIES LTD","RFIL","RF INDUSTRIES","NASDAQ"
"RFIX","SIMPLIFY BOND BULL ETF","RFIX","SIMPLIFY DOWNSIDE INTEREST RATE HEDGE STRATEGY ETF","NYSE"
"RFL","RAFAEL HOLDINGS INC-CLASS B","RFL","RAFAEL HOLDINGS INC","NYSE"
"RFLR","INNOVATOR US S CAP MNG F ETF","RFLR","INNOVATOR US SMALL CAP MANAGED FLOOR ETF","NYSE"
"RFM","RIVERNORTH FLEXIBLE MUNI","RFM","RIVERNORTH FLEXIBLE MUNICIPAL I","NYSE"
"RFMZ","RIVERNORTH FLEX MUNI II","RFMZ","RIVERNORTH FLEXIBLE MUNICIPAL INCOME FUND II","NYSE"
"RFV","INVESCO S&P MIDCAP 400 PURE","RFV","INVESCO S&P MIDCAP 400 PURE VALUE ETF","NYSE"
"RGA","REINSURANCE GROUP OF AMERICA","RGA","REINSURANCE GROUP","NYSE"
"RGCO","RGC RESOURCES INC","RGCO","RGC RESOURCES","NASDAQ"
"RGEF","ROCKEFELLER GLOBAL EQTY ETF","RGEF","ROCKEFELLER GLOBAL EQUITY ETF","NYSE"
"RGEN","REPLIGEN CORP","RGEN","REPLIGEN","NASDAQ"
"RGLD","ROYAL GOLD INC","RGLD","ROYAL GOLD","NASDAQ"
"RGLO","RUSSELL INVEST GLB EQ-USD IN","RGLO","RUSSELL INVESTMENTS ETF GLOBAL EQUITY ETF","NASDAQ"
"RGNT","REGENTIS BIOMATERIALS LTD-IS","RGNT","REGENTIS BIOMATERIALS LTD","NYSE_AMERICAN"
"RGNX","REGENXBIO INC","RGNX","REGENXBIO INC. COMMON STOCK","NASDAQ"
"RGP","RESOURCES CONNECTION INC","RGP","RESOURCES CONNECTION INC","NASDAQ"
"RGR","STURM RUGER & CO INC","RGR","STURM RUGER","NYSE"
"RGS","REGIS CORP","RGS","REGIS CORPORATION","NASDAQ"
"RGT","ROYCE GLOBAL TRUST INC","RGT","ROYCE GLOBAL TRUST INC","NYSE"
"RGTI","RIGETTI COMPUTING INC","RGTI","RIGETTI COMPUTING, INC. COMMON STOCK","NASDAQ"
"RGTU","TRADR 2X LONG RGTI DAILY ETF","RGTU","TRADR 2X LONG QBTS DAILY ETF RGTI DAILY ETF","BATS"
"RGTX","DEFIANCE DAILY T2XL RGTI ETF","RGTX","DEFIANCE DAILY TARGET 2X LONG RGTI ETF","NASDAQ"
"RGTZ","DEFIANCE D TRG 2X S RGTI ETF","RGTZ","DEFIANCE DAILY TARGET 2X SHORT RGTI ETF","NASDAQ"
"RGYY","GRANITESHRS YLDBST RGTI ETF","RGYY","GRANITESHARES YIELDBOOST RGTI ETF","NASDAQ"
"RH","RH","RH","RH","NYSE"
"RHI","ROBERT HALF INC","RHI","ROBERT HALF INC","NYSE"
"RHLD","RESOLUTE HOLDINGS MANAG","RHLD","RESOLUTE HOLDINGS MANAGEMENT","NYSE"
"RHP","RYMAN HOSPITALITY PROPERTIES","RHP","RYMAN HOSPITALITY","NYSE"
"RHRX","RH TACTICAL ROTATION ETF","RHRX","RH TACTICAL ROTATION ETF","NYSE"
"RHTX","RH TACTICAL OUTLOOK","RHTX","RH TACTICAL OUTLOOK ETF","NYSE"
"RIBB","RIBBON ACQUISITION CORP","RIBB","RIBBON ACQUISITION CORP CLASS A","NASDAQ"
"RIBBU","RIBBON ACQUISITION CORP","RIBBU","RIBBON ACQUISITION CORP UNT","NASDAQ"
"RICK","RCI HOSPITALITY HOLDINGS INC","RICK","RCI HOSPITALITY HOLDINGS, INC.","NASDAQ"
"RIET","HOYA CAPITAL HI DVD YLD ETF","RIET","HOYA CAPITAL HIGH DIVIDEND YIELD ETF","NYSE"
"RIFR","RUSSELL INVESTMENTS GLOBAL I","RIFR","RUSSELL INVESTMENTS ETF GLOBAL INFRASTRUCTURE ETF","NASDAQ"
"RIG","TRANSOCEAN LTD","RIG","TRANSOCEAN","NYSE"
"RIGL","RIGEL PHARMACEUTICALS INC","RIGL","RIGEL PHARMACEUTICALS","NASDAQ"
"RIGS","RIVERFRONT STRATEGIC INCOME","RIGS","RIVERFRONT STRATEGIC INCOME FU","NYSE"
"RILA","INDEXPERTS GORILLA AGR G ETF","RILA","INDEXPERTS GORILLA AGGRESSIVE GROWTH ETF","NYSE"
"RILY","BRC GROUP HOLDINGS INC","RILY","BRC GROUP HOLDINGS, INC.","NASDAQ"
"RILYG","B RILEY FINANCIAL INC","RILYG","BRC GROUP HOLDINGS, INC. 5.00% SRNT 2026","NASDAQ"
"RILYL","B RILEY FINANCIAL INC","RILYL","BRC GROUP HOLDINGS (1/1000 7.375% SERIES B PF)","NASDAQ"
"RILYN","B RILEY FINANCIAL INC","RILYN","BRC GROUP HOLDINGS, INC. 6.50% SRNT 2026","NASDAQ"
"RILYP","B RILEY FINANCIAL INC","RILYP","BRC GROUP HOLDINGS, INC. DS (1/1000 SERIES A PF)","NASDAQ"
"RILYT","B RILEY FINANCIAL INC","RILYT","BRC GROUP HOLDINGS, INC. 6.00% SRNT 2028","NASDAQ"
"RILYZ","B RILEY FINANCIAL INC","RILYZ","BRC GROUP HOLDINGS, INC. 5.25% SRNT 2028","NASDAQ"
"RIME","ALGORHYTHM HOLDINGS INC","RIME","ALGORHYTHM HOLDINGS, INC.","NASDAQ"
"RINF","PROSHARES INFLATION EXPECTAT","RINF","PROSHARES INFLATION EXPECTATIONS ETF","NYSE"
"RING","ISHARES MSCI GLOBAL GOLD MIN","RING","ISHARES MSCI GLOBAL GOLD MINER","NASDAQ"
"RINT","RSL IN-INTRNTNL DVL EQ ET-$I","RINT","RUSSELL INVESTMENTS ETF INTL DEVELOPED EQUITY ETF","NASDAQ"
"RIO","RIO TINTO PLC-SPON ADR","RIO","RIO TINTO","NYSE"
"RIOT","RIOT PLATFORMS INC","RIOT","RIOT BLOCKCHAIN, INC. COMMON STOCK","NASDAQ"
"RIOX","DEFIANCE DLY TRG 2X LNG RIOT","RIOX","DEFIANCE DAILY TARGET 2X LONG RIOT ETF","NYSE"
"RISR","FOLIOBE ALTR IN&IN H ETF-USD","RISR","FOLIOBEYOND RISING RATES ETF","NYSE"
"RITA","ETFB GREEN SRI REITS ETF","RITA","ETFB GREEN SRI REITS ETF","NYSE"
"RITM","RITHM CAPITAL CORP","RITM","RITHM CAPITAL CORP","NYSE"
"RITR","REITAR LOGTECH HOLDINGS LTD","RITR","REITAR LOGTECH HOLDINGS LIMITED","NASDAQ"
"RIV","RIVERNORTH OPPORTUNITIES","RIV","RIVER NORTH OPPORTUNITIES FUND INC","NYSE"
"RIVN","RIVIAN AUTOMOTIVE INC-A","RIVN","RIVIAN AUTOMOTIVE, INC. CLASS A","NASDAQ"
"RJDI","RJ EAGLE GCM DIV S INC ETF","RJDI","RJ EAGLE GCM DIVIDEND SELECT INCOME ETF","NYSE"
"RJET","REPUBLIC AIRWAYS HOLDINGS IN","RJET","REPUBLIC AIRWAYS HOLDINGS INC.","NASDAQ"
"RJF","RAYMOND JAMES FINANCIAL INC","RJF","RAYMOND JAMES FINANCIAL","NYSE"
"RJMI","RJ EAGLE MUNICIPAL INC ETF","RJMI","RJ EAGLE MUNICIPAL INCOME ETF","NYSE"
"RKDA","ARCADIA BIOSCIENCES INC","RKDA","ARCADIA BIOSCIENCES, INC. COMMON STOCK","NASDAQ"
"RKLB","ROCKET LAB CORP","RKLB","ROCKET LAB CORPORATION","NASDAQ"
"RKLX","DEFI DAILY TA 2X L RKLB ETF","RKLX","DEFIANCE DAILY TARGET 2X LONG RKLB ETF","NASDAQ"
"RKLZ","DEF DAILY T2X SHORT RKLB ETF","RKLZ","DEFIANCE DAILY TARGET 2X SHORT RKLB ETF","NASDAQ"
"RKNG","DEFIANCE RETAIL KINGS ETF","RKNG","DEFIANCE RETAIL KINGS ETF","NASDAQ"
"RKT","ROCKET COS INC-CLASS A","RKT","ROCKET COMPANIES INC","NYSE"
"RKTL","DEFINCE DLY TRGT LNG RKT ETF","RKTL","DEFIANCE DAILY TARGET 2X LONG RKT ETF","BATS"
"RL","RALPH LAUREN CORP","RL","RALPH LAUREN","NYSE"
"RLAY","RELAY THERAPEUTICS INC","RLAY","RELAY THERAPEUTICS, INC.","NASDAQ"
"RLGT","RADIANT LOGISTICS INC","RLGT","RADIANT LOGISTICS","NYSE_AMERICAN"
"RLI","RLI CORP","RLI","RLI","NYSE"
"RLJ","RLJ LODGING TRUST","RLJ","RLJ LODGING","NYSE"
"RLMD","RELMADA THERAPEUTICS INC","RLMD","RELMADA THERAPEUTICS INC","NASDAQ"
"RLTY","COHEN & STEERS RL EST OPPRT","RLTY","COHEN & STEERS REAL ESTATE OPPTY AND INCOME FUND","NYSE"
"RLX","RLX TECHNOLOGY INC-ADR","RLX","RLX TECHNOLOGY INC","NYSE"
"RLY","SS MULTI-ASSET REAL RET ETF","RLY","STATE ST MULTI-ASSET REAL RETURN","NYSE"
"RLYB","RALLYBIO CORP","RLYB","RALLYBIO CORPORATION COMMON STOCK","NASDAQ"
"RM","REGIONAL MANAGEMENT CORP","RM","REGIONAL MANAGEMENT","NYSE"
"RMAX","RE-MAX HOLDINGS INC-CL A","RMAX","RE/MAX HOLDINGS INC","NYSE"
"RMBI","RICHMOND MUTUAL BANCORPORATI","RMBI","RICHMOND MUTUAL BANCORPORATION, INC.","NASDAQ"
"RMBS","RAMBUS INC","RMBS","RAMBUS","NASDAQ"
"RMCA","ROCKEFELLER CA MUNI BND ETF","RMCA","ROCKEFELLER CALIFORNIA MUNI BOND","NYSE"
"RMCF","ROCKY MOUNTAIN CHOC FACT INC","RMCF","ROCKY MOUNTAIN CHOCOLATE FACTO","NASDAQ"
"RMCO","ROYALTY MANAGEMENT HOLDING C","RMCO","ROYALTY MANAGEMENT HC CLASS A","NASDAQ"
"RMD","RESMED INC","RMD","RESMED","NYSE"
"RMI","RIVERNORTH OPPORT MUNI INC","RMI","RIVERNORTH OPPORTUNISTIC MUNICIPAL INCOME FUND","NYSE"
"RMIX","SUNCRETE INC-A","RMIX","SUNCRETE, INC. CLASS A","NASDAQ"
"RMM","RVRNRTH MGD DUR MUNI INC","RMM","RIVERNORTH MNGD DURATION MUNICIPAL INCOME FUND","NYSE"
"RMME","RAREVIEW GOVT MONEY MARK ETF","RMME","RAREVIEW GOVERNMENT MONEY MARKET ETF","BATS"
"RMMZ","RVRNRTH MGD DUR MUNI INC II","RMMZ","RIVERNORTH MNGD DURATION MUNICIPAL INCOME FUND II","NYSE"
"RMNI","RIMINI STREET INC","RMNI","RIMINI STREET INC","NASDAQ"
"RMOP","ROCKEFELLER OPPORT MUNI ETF","RMOP","ROCKEFELLER OPPORTUNISTIC MUNI BOND","NYSE"
"RMR","RMR GROUP INC-THE - A","RMR","THE RMR GROUP INC. CLASS A COMMON STOCK","NASDAQ"
"RMT","ROYCE MICRO-CAP TRUST INC","RMT","ROYCE MICRO-CAP TRUST INC","NYSE"
"RMTI","ROCKWELL MEDICAL INC","RMTI","ROCKWELL MEDICAL","NASDAQ"
"RNA","ATRIUM THERAPEUTICS INC","RNA","ATRIUM THERAPEUTICS, INC.","NASDAQ"
"RNAC","CARTESIAN THERAPEUTICS INC","RNAC","CARTESIAN THERAPEUTICS, INC.","NASDAQ"
"RNAZ","TRANSCODE THERAPEUTICS INC","RNAZ","TRANSCODE THERAPEUTICS, INC.","NASDAQ"
"RND","FT BBG R&D LEADERS ETF","RND","FIRST TRUST BLOOMBERG R&D LEADERS ETF","NYSE"
"RNEM","EMERGING MARKETS EQTY SELECT","RNEM","FIRST TR ETF VI EMERGING MARKETS EQUITY SELECT ETF","NASDAQ"
"RNG","RINGCENTRAL INC-CLASS A","RNG","RINGCENTRAL INC.","NYSE"
"RNGR","RANGER ENERGY SERVICES-CL A","RNGR","RANGER ENERGY SERVICES INC","NYSE"
"RNGT","RANGE CAPITAL ACQUISIT CL A","RNGT","RANGE CAPITAL ACQUISITION CORP II CLASS A","NASDAQ"
"RNGTU","RANGE CAPITAL ACQUISITION CO","RNGTU","RANGE CAPITAL ACQUISITION CORP II UNT","NASDAQ"
"RNIN","BUSHIDO CAP SMID C EQTY ETF","RNIN","BUSHIDO CAPITAL US SMID CAP EQUITY ETF","NASDAQ"
"RNP","COHEN & STEERS REIT AND PREF","RNP","HEN & STEERS REIT AND PF AND INCOME FUND","NYSE"
"RNR","RENAISSANCERE HOLDINGS LTD","RNR","RENAISSANCERE HOLDINGS","NYSE"
"RNRG","GLOBAL X RENEWABLE ENER PROD","RNRG","GLOBAL X RENEWABLE ENERGY PRODUCERS ETF","NASDAQ"
"RNST","RENASANT CORP","RNST","RENASANT","NYSE"
"RNTX","REIN THERAPEUTICS INC","RNTX","REIN THERAPEUTICS, INC.","NASDAQ"
"RNTY","YIELDMAX TAR12 REO INCOM ETF","RNTY","YIELDMAX TARGET 12 REAL ESTATE OPTION INCOME ETF","NYSE"
"RNW","RENEW ENERGY GLOBAL PLC-A","RNW","RENEW ENERGY GLOBAL PLC CLASS A","NASDAQ"
"RNWZ","TRUSH EAGLE GL RENEW ENRG IN","RNWZ","TRUESHARES EAGLE GBL RENEWABLE ENERGY INCOME ETF","NYSE"
"RNXT","RENOVORX INC","RNXT","RENOVORX, INC.","NASDAQ"
"ROAD","CONSTRUCTION PARTNERS INC-A","ROAD","CONSTRUCTION PARTNERS, INC. CLASS A","NASDAQ"
"ROAM","HARTFORD MULTIFACT EMRG MRKT","ROAM","LATTICE EMERGING MARKETS STRAT","NYSE"
"ROBN","T-REX 2X LNG HOD DLY TAR ETF","ROBN","OPPTY T-REX 2X LONG HOOD DAILY TARGET","BATS"
"ROBO","ROBO GLOBAL ROBOTICS AND AUT","ROBO","ROBO GLOBAL ROBOTICS & AUTOMATION ETF","NYSE"
"ROBT","FIRST TRUST NASDAQ ARTIFICIA","ROBT","FIRST TRUST NASDAQ ARTIFICIAL INTELLIGENCE AND ROB","NASDAQ"
"ROC","RANK ONE COMPUTING CORP","ROC","RANK ONE COMPUTING CORPORATION","NASDAQ"
"ROCK","GIBRALTAR INDUSTRIES INC","ROCK","GIBRALTAR INDUSTRIES","NASDAQ"
"ROCQ","JPMRGN NSDQ EQTY PRM YLD ETF","ROCQ","JPMORGAN NASDAQ EQUITY PREMIUM YIELD ETF","NASDAQ"
"ROCY","JPMORGAN EQUITY PREM YLD ETF","ROCY","JPMORGAN EQUITY PREMIUM YIELD ETF","NASDAQ"
"RODM","HARTFORD MULTIFACT DEV MRKT","RODM","LATTICE DEVELOPED MARKETS EX-U","NYSE"
"ROE","AST US EQ WGT QLTY KINGS ETF","ROE","ASTORIA US QUALITY KINGS ETF","NASDAQ"
"ROG","ROGERS CORP","ROG","ROGERS","NYSE"
"ROIV","ROIVANT SCIENCES LTD","ROIV","ROIVANT SCIENCES LTD. COMMON SHARES","NASDAQ"
"ROK","ROCKWELL AUTOMATION INC","ROK","ROCKWELL AUTOMATION","NYSE"
"ROKT","SS SPDR S&P KENSHO FF ETF","ROKT","STATE ST SPDR S&P KENSHO FINAL FRONTIERS ETF","NYSE"
"ROKU","ROKU INC","ROKU","ROKU, INC. CLASS A COMMON STOCK","NASDAQ"
"ROL","ROLLINS INC","ROL","ROLLINS","NYSE"
"ROLR","HIGH ROLLER TECHNOLOGIES INC","ROLR","HIGH ROLLER TECHNOLOGIES INC","NYSE_AMERICAN"
"ROM","PROSHARES ULTRA TECHNOLOGY","ROM","PROSHARES ULTRA TECHNOLOGY","NYSE"
"ROMA","ROMA GREEN FINANCE LTD-A","ROMA","ROMA GREEN FINANCE LIMITED CLASS A","NASDAQ"
"ROMO","STRATEGY SHARES NEWFOUND-RES","ROMO","STRATEGY SHARES NEWFOUND/RESOLVE ROBUST","BATS"
"RONB","BARON FIRST PRINCIPLES ETF","RONB","BARON FIRST PRINCIPLES ETF","NYSE"
"ROOT","ROOT INC-OH -CLASS A","ROOT","ROOT, INC. CLASS A COMMON STOCK","NASDAQ"
"ROP","ROPER TECHNOLOGIES INC","ROP","ROPER TECHNOLOGIES, INC.","NASDAQ"
"ROSC","HARTFORD MULTIFACT SMALL CAP","ROSC","HARTFORD MULTIFACTOR SMALL CAP ETF","NYSE"
"ROST","ROSS STORES INC","ROST","ROSS STORES","NASDAQ"
"ROUS","HARTFORD MULTIFACT US EQTY","ROUS","LATTICE US EQUITY STRATEGY","NYSE"
"RPAR","RPAR RISK PARITY ETF","RPAR","RPAR RISK PARITY ETF","NYSE"
"RPAY","REPAY HOLDINGS CORP","RPAY","REPAY HOLDINGS CORP","NASDAQ"
"RPC","RIDGEPOST CAPITAL INC-A","RPC","RIDGEPOST CAPITAL INC","NYSE"
"RPD","RAPID7 INC","RPD","RAPID7, INC. COMMON STOCK","NASDAQ"
"RPG","INVESCO S&P 500 PURE GROWTH","RPG","INVESCO S&P 500 PURE GROWTH","NYSE"
"RPGL","REPUBLIC POWER GROUP LTD","RPGL","REPUBLIC POWER GROUP LIMITED CLASS A","NASDAQ"
"RPHS","REGENTS PARK HEDGED MARKET","RPHS","REGENTS PARK HEDGED MARKET STRATEGY","BATS"
"RPID","RAPID MICRO BIOSYSTEMS INC-A","RPID","RAPID MICRO BIOSYSTEMS, INC.","NASDAQ"
"RPM","RPM INTERNATIONAL INC","RPM","RPM INTERNATIONAL","NYSE"
"RPRX","ROYALTY PHARMA PLC- CL A","RPRX","ROYALTY PHARMA PLC","NASDAQ"
"RPT","RITHM PROPERTY TRUST INC","RPT","RITHM PROPERTY TRUST INC","NYSE"
"RPV","INVESCO S&P 500 PURE VALUE E","RPV","INVESCO S&P 500 PURE VALUE","NYSE"
"RQI","COHEN & STEERS QUAL INC RLTY","RQI","COHEN & STEERS QTY INC REALTY","NYSE"
"RR","RICHTECH ROBOTICS INC-CL B","RR","RICHTECH ROBOTICS INC. CLASS B","NASDAQ"
"RRBI","RED RIVER BANCSHARES INC","RRBI","RED RIVER BANCSHARES INC","NASDAQ"
"RRC","RANGE RESOURCES CORP","RRC","RANGE RESOURCES","NYSE"
"RRGB","RED ROBIN GOURMET BURGERS","RRGB","RED ROBIN GOURMET BURGERS","NASDAQ"
"RRR","RED ROCK RESORTS INC-CLASS A","RRR","RED ROCK RESORTS, INC. CLASS A","NASDAQ"
"RRX","REGAL REXNORD CORP","RRX","REGAL BELOIT CORP","NYSE"
"RS","RELIANCE INC","RS","RELIANCE INC","NYSE"
"RSBA","RETRN STCKD BD & MRGR AR ETF","RSBA","TIDAL TRUST II TR STACKED BONDS & MERGER ARBITRAGE","BATS"
"RSBT","RTRN STCK BNDS & MNG FUTURES","RSBT","RETURN STACKED BONDS & MNGD FUTURES ETF","BATS"
"RSBY","RETURN STKD BND & FUT YD ETF","RSBY","TIDAL TRUST II TR STACKED BONDS & FUTURES YIELD","BATS"
"RSDE","FTVESTUSEQEQLWGHTBUFFETFDEC","RSDE","FT VEST US EQUITY EQUAL WEIGHT BUFFER DEC","NYSE"
"RSEE","RAREVIEW SYSTEMATIC EQUITY","RSEE","COLLABORATIVE INVESTMENT SERIES TRUST -","BATS"
"RSF","RIVERNORTH CAPITAL & INCOME","RSF","RIVERNORTH CAPITAL AND INCOME FUND","NYSE"
"RSG","REPUBLIC SERVICES INC","RSG","REPUBLIC SERVICES","NYSE"
"RSHO","TEMA AMERICAN RESHORING ETF","RSHO","TEMA AMERICAN RESHORING ETF","NYSE"
"RSI","RUSH STREET INTERACTIVE INC","RSI","RUSH STREET INTERACTIVE INC","NYSE"
"RSJN","FT VEST US EQT EQ WGT BUF JN","RSJN","FT VEST US EQUITY EQUAL WEIGHT BUFFER ETF - JUN","NYSE"
"RSKD","RISKIFIED LTD-A","RSKD","RISKIFIED LTD","NYSE"
"RSMC","ROCKEFELLER US SMALL-MID CAP","RSMC","TIDAL TRUST III ROCKEFELLER U.S. SMALL-MID CAP ETF","NYSE"
"RSMV","RLTIVE STRNGT MNG VOL ST ETF","RSMV","RELATIVE STRENGTH MANAGED VOLATILITY STRATEGY ETF","NYSE"
"RSP","INVESCO S&P 500 EQUAL WEIGHT","RSP","INVESCO S&P 500 EQUAL WEIGH","NYSE"
"RSPA","INVESCO S&P 500 EW INCOME AD","RSPA","INVESCO S&P 500 EQUAL WEIGHT INCOME ADVANTAGE ETF","NYSE"
"RSPC","INVESCO S&P 500 EQUAL WEIG C","RSPC","INVESCO S&P 500 EQ WT COMMUNICATION SVCS","NYSE"
"RSPD","INVESCO S&P 500 EQUAL WEIGHT","RSPD","INVESCO S&P 500 EQ WT CONSUMER DISC","NYSE"
"RSPE","INVESCO ESG SP 500 EQ WEIGHT","RSPE","INVESCO ESG S&P 500 EQUAL WEIGHT ETF","NYSE"
"RSPF","INVESCO S&P 500 EQUAL WEIGHT","RSPF","INVESCO S&P 500 EQ WEIGHT FINANCIALS","NYSE"
"RSPG","INVESCO S&P 500 EQUAL WEIGHT","RSPG","INVESCO S&P 500 EQUAL WEIGHT ENERGY ETF","NYSE"
"RSPH","INVESCO S&P 500 EQUAL WEIGHT","RSPH","INVESCO S&P 500 EQ WEIGHT HEALTH CARE","NYSE"
"RSPM","INVESCO S&P 500 EQUAL WEIGHT","RSPM","INVESCO S&P 500 EQ WEIGHT MATERIALS","NYSE"
"RSPN","INVESCO S&P 500 EQUAL WEIGHT","RSPN","INVESCO S&P 500 EQ WT INDUSTRIALS","NYSE"
"RSPR","INVESCO S&P 500 EQUAL WEIGHT","RSPR","INVESCO S&P 500 EQ WGT REAL EST","NYSE"
"RSPS","INVESCO S&P 500 EQUAL WEIGHT","RSPS","INVESCO S&P 500 EQ WT CONSUMER STAPLES","NYSE"
"RSPT","INVESCO S&P 500 EQUAL WEIGHT","RSPT","INVESCO S&P 500 EQ WEIGHT TECHNOLOGY","NYSE"
"RSPU","INVESCO S&P 500 EQUAL WEIGHT","RSPU","INVESCO S&P 500 EQ WEIGHT UTILITIES","NYSE"
"RSSB","RTRN STACK GLBL STK & BD ETF","RSSB","TIDAL TRUST II TR STACKED GLOBAL STOCKS & BONDS","BATS"
"RSSE","FT VEST US EQUI EQ W ETF - S","RSSE","FT VEST US EQUITY EQUAL WEIGHT BUFFER ETF - SEPT","NYSE"
"RSSL","GLOBAL X RUSSELL 2000 ETF","RSSL","GLOBAL X RUSSELL 2000 ETF","NYSE"
"RSSS","RESEARCH SOLUTIONS INC","RSSS","RESEARCH SOLUTIONS","NASDAQ"
"RSST","RETURN STACKED US SM FTR ETF","RSST","TIDAL TRUST II TR STACKED US STOCKS & MNGD FUTURES","BATS"
"RSSX","RETURN STACKED US ST G-B ETF","RSSX","TIDAL II TR STACKED US STOCKS & GOLD/BITCOIN","BATS"
"RSSY","RETURN STACKED US S&F YD ETF","RSSY","RETURN STACKED US STOCKS & FUTURES YIELD ETF","BATS"
"RSVR","RESERVOIR MEDIA INC","RSVR","RESERVOIR MEDIA INC","NASDAQ"
"RTAC","RENATUS TACTICAL ACQUISITI-A","RTAC","RENATUS TACTICAL ACQUISITION CORP I CLASS A","NASDAQ"
"RTACU","RENATUS TACTICAL ACQUISITION","RTACU","RENATUS TACTICAL ACQUISITION CORP I UNT","NASDAQ"
"RTAI","RAREVIEW TAX ADVANTAGED INCO","RTAI","RAREVIEW TAX ADVANTAGED INCOME ETF","BATS"
"RTO","RENTOKIL INITIAL PLC-SP ADR","RTO","RENTOKIL INITIAL PLC","NYSE"
"RTRE","RAREVIEW TOTAL RETURN BD ETF","RTRE","LLABORATIVE INVESTMENT SER TRUST RAREVIEW TR BOND","BATS"
"RTX","RTX CORP","RTX","RAYTHEON TECHNOLOGIES CORP","NYSE"
"RTXG","LEVERAGE SHARES 2X RTX","RTXG","LEVERAGE SHARES 2X LONG RTX DAILY ETF","NASDAQ"
"RTYY","GRANITE YIELDBOOST RIOT ETF","RTYY","GRANITESHARES YIELDBOOST RIOT ETF","NASDAQ"
"RUBI","RUBICO INC","RUBI","RUBICO INC.","NASDAQ"
"RUM","RUMBLE INC","RUM","RUMBLE INC CLASS A","NASDAQ"
"RUN","SUNRUN INC","RUN","SUNRUN INC. COMMON STOCK","NASDAQ"
"RUNN","RUNNING OAK EFFICIENT GR ETF","RUNN","RUNNING OAK EFFICIENT GROWTH ETF","NASDAQ"
"RUSC","RSL INV-US SML CP EQT ETF-$I","RUSC","RUSSELL INVESTMENTS ETF U.S. SMALL CAP EQUITY ETF","NASDAQ"
"RUSHA","RUSH ENTERPRISES INC-CL A","RUSHA","RUSH ENTERPRISES","NASDAQ"
"RUSHB","RUSH ENTERPRISES INC - CL B","RUSHB","RUSH ENTERPRISES, INC. CLASS B","NASDAQ"
"RVER","TRENCHLESS FUND ETF","RVER","TRENCHLESS FUND ETF","NYSE"
"RVI","ROBINHOOD VENTURES FUND I","RVI","ROBINHOOD VENTURES FUND I","NYSE"
"RVLV","REVOLVE GROUP INC","RVLV","REVOLVE GROUP INC","NYSE"
"RVMD","REVOLUTION MEDICINES INC","RVMD","REVOLUTION MEDICINES, INC. COMMON STOCK","NASDAQ"
"RVNL","GRANITE 2X LONG RVIN ETF","RVNL","GRANITESHARES 2X LONG RIVN DAILY ETF","NASDAQ"
"RVNU","XTRACKERS MUNICIPAL INFRASTR","RVNU","XTRACKERS MUNI INFR RE","NYSE"
"RVP","RETRACTABLE TECHNOLOGIES INC","RVP","RETRACTABLE TECHNOLOGIES","NYSE_AMERICAN"
"RVPH","REVIVA PHARMACEUTICALS HOLDI","RVPH","REVIVA PHARMACEUTICALS HOLDINGS INC","NASDAQ"
"RVSB","RIVERVIEW BANCORP INC","RVSB","RIVERVIEW BANCORP","NASDAQ"
"RVSN","RAIL VISION LTD","RVSN","RAIL VISION LTD. ORDINARY SHARE","NASDAQ"
"RVT","ROYCE SMALL-CAP TRUST INC","RVT","ROYCE SMALL-CAP TRUST INC","NYSE"
"RVTY","REVVITY INC","RVTY","REVVITY INC","NYSE"
"RVYL","RYVYL INC","RVYL","RYVYL INC.","NASDAQ"
"RW","RAINWATER EQUITY ETF","RW","RAINWATER EQUITY ETF","NYSE"
"RWAY","RUNWAY GROWTH FINANCE CORP","RWAY","RUNWAY GROWTH FINANCE CORP.","NASDAQ"
"RWAYI","RUNWAY GROWTH FINANCE CO","RWAYI","RUNWAY GROWTH FINANCE CORP. 7.25% NT 2031","NASDAQ"
"RWAYL","RUNWAY GROWTH FINANCE CORP","RWAYL","RUNWAY GROWTH FINANCE CORP. 7.50% NT 2027","NASDAQ"
"RWEM","RAYLIN WILSH NG EMR MR EQ-US","RWEM","RAYLIANT WILSHIRE NXTGEN EMERGING MARKETS ETF","NYSE"
"RWJ","INVESCO S&P SMALLCAP 600","RWJ","INVESCO S&P SMALL CAP 600 REVENUE ETF","NYSE"
"RWK","INVESCO S&P MIDCAP 400 REV","RWK","INVESCO S&P MID CAP 400 REVENUE ETF","NYSE"
"RWL","INVESCO S&P 500 REVENUE ETF","RWL","INVESCO S&P 500 REVENUE ETF","NYSE"
"RWLC","RAYLI WILS NG US LR CP EQ-UI","RWLC","RAYLIANT WILSHIRE NXTGEN US LARGE CAP EQUITY","NYSE"
"RWM","PROSHARES SHORT RUSSELL2000","RWM","PROSHARES SHORT RUSSELL2000","NYSE"
"RWO","STATE STREET SPDR DOW JONES","RWO","STATE ST SPDR DOW JONES GLOBAL REAL EST","NYSE"
"RWR","SS SPDR DOW JONES REIT ETF","RWR","STATE ST SPDR DOW JONES REIT","NYSE"
"RWT","REDWOOD TRUST INC","RWT","REDWOOD TRUST","NYSE"
"RWTN","REDWOOD TRUST INC","RWTN","REDWOOD TRUST INC 9.125% NTS","NYSE"
"RWTO","REDWOOD TRUST INC","RWTO","REDWOOD TRUST INC 9% NTS","NYSE"
"RWTP","REDWOOD TRUST INC","RWTP","REDWOOD TRUST, INC. 9.125% SRNT 2030","NYSE"
"RWTQ","REDWOOD TRUST INC PREFERRED","RWTQ","REDWOOD TRUST INC 9.5% NTS","NYSE"
"RWX","STATE STREET SPDR DOW JONES","RWX","STATE ST SPDR DOW JONES INTL REAL ESTAT","NYSE"
"RXD","PROSHARES ULTRASHORT HEALTH","RXD","PROSHARES ULTRASHORT HEALTH CA","NYSE"
"RXL","PROSHARES ULTRA HEALTH CARE","RXL","PROSHARES ULTRA HEALTH CARE","NYSE"
"RXO","RXO INC","RXO","RXO INC","NYSE"
"RXRX","RECURSION PHARMACEUTICALS-A","RXRX","RECURSION PHARMACEUTICALS, INC. CLASS A","NASDAQ"
"RXST","RXSIGHT INC","RXST","RXSIGHT, INC. COMMON STOCK","NASDAQ"
"RXT","RACKSPACE TECHNOLOGY INC","RXT","RACKSPACE TECHNOLOGY, INC. COMMON STOCK","NASDAQ"
"RY","ROYAL BANK OF CANADA","RY","ROYAL BANK OF CANADA.","NYSE"
"RYAAY","RYANAIR HOLDINGS PLC-SP ADR","RYAAY","RYANAIR HOLDINGS","NASDAQ"
"RYAM","RAYONIER ADVANCED MATERIALS","RYAM","RAYONIER ADVANCED MATERIALS IN","NYSE"
"RYAN","RYAN SPECIALTY HOLDINGS INC","RYAN","RYAN SPECIALTY HOLDINGS INC","NYSE"
"RYET","RUANYUN EDAI TECHNOLOGY INC","RYET","RUANYUN EDAI TECHNOLOGY INC","NASDAQ"
"RYLD","GLOBAL X RUSSELL 2000 COV CL","RYLD","GLOBAL X RUSSELL 2000 COVERED CALL ETF","NYSE"
"RYLG","GLOBAL X RUSS 2000 CC & GR","RYLG","GLOBAL X RUSSELL 2000 COVERED CALL & GROWTH","NYSE"
"RYM","RYTHM INC","RYM","RYTHM, INC.","NASDAQ"
"RYN","RAYONIER INC","RYN","RAYONIER","NYSE"
"RYOJ","RYOJBABA CO LTD","RYOJ","RYOJBABA CO., LTD.","NASDAQ"
"RYTM","RHYTHM PHARMACEUTICALS INC","RYTM","RHYTHM PHARMACEUTICALS, INC.","NASDAQ"
"RYZ","RYERSON HOLDING CORP","RYZ","RYERSON HOLDING CORP","NYSE"
"RZB","REINSURNCE GR AMER 5 3-4 % DEBENTURES 2016-15.06.56","RZB","REINSURANCE GROUP OF AMERICA 5.75% SBDB 2056","NYSE"
"RZC","REINSURANCE GROUP OF AMERICA INC","RZC","REINSURANCE GROUP OF AMERICA INC 7.125% DEBS","NYSE"
"RZG","INVESCO S&P SMALLCAP 600 PUR","RZG","INVESCO S&P SMALLCAP 600 PU","NYSE"
"RZLT","REZOLUTE INC","RZLT","REZOLUTE INC","NASDAQ"
"RZLV","REZOLVE AI PLC","RZLV","REZOLVE AI PLC","NASDAQ"
"RZV","INVESCO S&P SMALLCAP 600 PUR","RZV","INVESCO S&P SMALLCAP 600 PURE VALUE ETF","NYSE"
"S","SENTINELONE INC -CLASS A","S","SENTINELONE INC","NYSE"
"SA","SEABRIDGE GOLD INC","SA","SEABRIDGE GOLD","NYSE"
"SAA","PROSHARES ULTRA SMALLCAP600","SAA","PROSHARES ULTRA SMALLCAP600","NYSE"
"SAAQ","SPACE ASSET ACQUISITION-CL A","SAAQ","SPACE ASSET ACQUISITION CORP. CLASS A","NASDAQ"
"SAAQU","SPACE ASSET ACQUISITION CORP","SAAQU","SPACE ASSET ACQUISITION CORP. UNT","NASDAQ"
"SABA","SABA CAPITAL INCOME & OPP II","SABA","SABA CAPITAL INCOME & OPPORTUNITIES FUND II","NYSE"
"SABR","SABRE CORP","SABR","SABRE CORPORATION COMMON STOCK","NASDAQ"
"SABS","SAB BIOTHERAPEUTICS INC","SABS","SAB BIOTHERAPEUTICS, INC. COMMON STOCK","NASDAQ"
"SAC","SAFEGUARD ACQUISITION C-CL A","SAC","SAFEGUARD ACQUISITION CORP","NYSE"
"SACH","SACHEM CAPITAL CORP","SACH","SACHEM CAPITAL CORP","NYSE_AMERICAN"
"SAFE","SAFEHOLD INC","SAFE","SAFEHOLD INC","NYSE"
"SAFT","SAFETY INSURANCE GROUP INC","SAFT","SAFETY INSURANCE GROUP","NASDAQ"
"SAGP","STRATEGAS GLOBAL POLICY OPP","SAGP","STRATEGAS GLOBAL POLICY OPPORTUNITIES ETF","NYSE"
"SAGT","SAGTEC GLOBAL LTD-A","SAGT","SAGTEC GLOBAL LIMITED CLASS A","NASDAQ"
"SAH","SONIC AUTOMOTIVE INC-CLASS A","SAH","SONIC AUTOMOTIVE","NYSE"
"SAIA","SAIA INC","SAIA","SAIA","NASDAQ"
"SAIC","SCIENCE APPLICATIONS INTE","SAIC","SCIENCE APPLICATIONS INTERNATIONAL CORPORATION","NASDAQ"
"SAIH","SAIHEAT LTD","SAIH","SAIHEAT LIMITED CLASS A","NASDAQ"
"SAIL","SAILPOINT INC","SAIL","SAILPOINT, INC.","NASDAQ"
"SAJ","SARATOGA INVETSMENT CORP","SAJ","SARATOGA INVESTMENT CORP 8% NTS","NYSE"
"SAM","BOSTON BEER COMPANY INC-A","SAM","BOSTON BEER COMPANY","NYSE"
"SAMG","SILVERCREST ASSET MANAGEME-A","SAMG","SILVERCREST ASSET MANAGEMENT G","NASDAQ"
"SAMM","STRATEGAS MACRO MOMENTUM ETF","SAMM","STRATEGAS MACRO MOMENTUM ETF","NYSE"
"SAMT","STRATEGAS MACRO THEM OPPS","SAMT","STRATEGAS MACRO THEMATIC OPPORTUNITIES ETF","NYSE"
"SAN","BANCO SANTANDER SA-SPON ADR","SAN","SANTANDER FINANCE SA UNIPERSON","NYSE"
"SANA","SANA BIOTECHNOLOGY INC","SANA","SANA BIOTECHNOLOGY, INC.","NASDAQ"
"SANG","SANGOMA TECHNOLOGIES CORP","SANG","SANGOMA TECHNOLOGIES CORPORATION","NASDAQ"
"SANM","SANMINA CORP","SANM","SANMINA","NASDAQ"
"SAP","SAP SE-SPONSORED ADR","SAP","SAP AE","NYSE"
"SAPH","SAP SE ADRHEDGED","SAPH","SAP SE ADR HEDGED","NYSE"
"SAR","SARATOGA INVESTMENT CORP","SAR","SARATOGA INVESTMENT","NYSE"
"SARK","TRADR 1X SHORT INNOV DLY-USD","SARK","TRADR 1X SHORT INNOVATION DAILY ETF","NASDAQ"
"SARO","STANDARDAERO INC","SARO","STANDARDAERO INC","NYSE"
"SASS","MD SASS CONC VALUE ETF","SASS","M.D. SASS CONCENTRATED VALUE ETF","NYSE"
"SAT","SARATOGA INVESTMENT CORP","SAT","SARATOGA INVESTMENT CORP 6% NTS","NYSE"
"SATA","STRIVE INC PERP PFD SER A VAR RATE","SATA","STRIVE, INC. VARIABLE RATE SERIES A PF","NASDAQ"
"SATG","LEVERAGE SHARES 2X SATS","SATG","LEVERAGE SHARES 2X LONG SATS DAILY ETF","NASDAQ"
"SATL","SATELLOGIC INC-A","SATL","SATELLOGIC INC. CLASS A","NASDAQ"
"SATO","INVESCO ALERIAN GALAXY CRYPT","SATO","INVESCO ALERIAN GALAXY CRYPTO ECONOMY ETF","BATS"
"SATS","ECHOSTAR CORP-A","SATS","ECHOSTAR","NASDAQ"
"SAUG","FT VEST US SMALL CAP MODERAT","SAUG","FT CBOE VEST US SMALL CAP MODERATE BUFFER AUG","BATS"
"SAV","SARATOGA INVESTMENT CORP","SAV","SARATOGA INVESTMENT CORP 7/5% NTS","NYSE"
"SAWS","AAM SAWGRASS US SM CP GR ETF","SAWS","AAM SAWGRASS US SMALL CAP QUALITY GROWTH ETF","NYSE"
"SAY","SARATOGA INVESTMENT CORP","SAY","SARATOGA INVESTMENT CORP 8.125% NTS","NYSE"
"SAZ","SARATOGA INVESTMENT CORP","SAZ","SARATOGA INVESTMENT CORP","NYSE"
"SB","SAFE BULKERS INC","SB","SAFE BULKERS","NYSE"
"SBAC","SBA COMMUNICATIONS CORP","SBAC","SBA COMMUNICATIONS","NASDAQ"
"SBAR","SIMPLIFY BARRIER INCOME ETF","SBAR","SIMPLIFY BARRIER INCOME ETF","NYSE"
"SBB","PROSHARES SHORT SMALLCAP600","SBB","PROSHARES SHORT SMALLCAP600","NYSE"
"SBC","SBC MEDICAL GROUP HOLDINGS I","SBC","SBC MEDICAL GROUP HOLDINGS INCORPORATED","NASDAQ"
"SBCF","SEACOAST BANKING CORP-FL","SBCF","SEACOAST BANKING CORPORATION O","NASDAQ"
"SBET","SHARPLINK INC","SBET","SHARPLINK, INC.","NASDAQ"
"SBEV","SPLASH BEVERAGE GROUP INC","SBEV","SPLASH BEVERAGE GROUP INC COMMON STOCK","NYSE_AMERICAN"
"SBFG","SB FINANCIAL GROUP INC","SBFG","SB FINANCIAL GROUP, INC. COMMO","NASDAQ"
"SBFM","SUNSHINE BIOPHARMA INC","SBFM","SUNSHINE BIOPHARMA INC. COMMON STOCK","NASDAQ"
"SBGI","SINCLAIR INC","SBGI","SINCLAIR BROADCAST GROUP","NASDAQ"
"SBH","SALLY BEAUTY HOLDINGS INC","SBH","SALLY BEAUTY HOLDINGS","NYSE"
"SBI","WESTERN ASSET INTERMEDIATE","SBI","WESTERN ASSET INTERMEDIATE MUN","NYSE"
"SBIL","SIMPLIFY GOVT MNY MRKT ETF","SBIL","SIMPLIFY GOVERNMENT MONEY MARKET ETF","NYSE"
"SBIO","ALPS MEDICAL BREAKTHROUGHS","SBIO","ALPS MEDICAL BREAKTHROUGHS E","NYSE"
"SBIT","PROSHARES ULTRASHORT BITCOIN","SBIT","PROSHARES ULTRASHORT BITCOIN ETF","NYSE"
"SBLK","STAR BULK CARRIERS CORP","SBLK","STAR BULK CARRIERS","NASDAQ"
"SBLX","STABLEX TECHNOLOGIES INC","SBLX","STABLEX TECHNOLOGIES, INC.","NASDAQ"
"SBND","COLUMBIA SHRT DUR BND ETF","SBND","COLUMBIA SHORT DURATION BOND ETF","NYSE"
"SBR","SABINE ROYALTY TRUST","SBR","SABINE ROYALTY","NYSE"
"SBRA","SABRA HEALTH CARE REIT INC","SBRA","SABRA HEALTH CARE REIT","NASDAQ"
"SBS","CIA SANEAMENTO BASICO DE-ADR","SBS","BASIC SANITATION COMPANY","NYSE"
"SBSI","SOUTHSIDE BANCSHARES INC","SBSI","SOUTHSIDE BANCSHARES","NYSE"
"SBSW","SIBANYE-STILLWATER LTD-ADR","SBSW","SIBANYE-STILLWATER","NYSE"
"SBTU","T-REX 2X L SBET DT ETF","SBTU","OPPTY T-REX 2X LONG SBET DAILY TARGET","BATS"
"SBU","LEVERAGE SHARES 2X SBUX","SBU","LEVERAGE SHARES 2X LONG SBUX DAILY ETF","NASDAQ"
"SBUX","STARBUCKS CORP","SBUX","STARBUCKS","NASDAQ"
"SBXD","SILVERBOX CORP IV-A","SBXD","SILVERBOX CORP IV","NYSE"
"SBXE","SILVERBOX CORP V-CL A","SBXE","SILVERBOX CORP V","NYSE"
"SCAG","SCAGE FUTURE-ADR","SCAG","SCAGE FUTURE ADS","NASDAQ"
"SCAP","INFRASTRUCTURE CAPITAL SMALL","SCAP","INFRASTRUCTURE CAPITAL SMALL CAP INCOME ETF","NYSE"
"SCC","PROSHARES ULTRASHORT CONSUME","SCC","PROSHARES ULTRASHORT CONSUMER DISC TRADING","NYSE"
"SCCD","SACHEM CAPITAL CORP","SCCD","SACHEM CAPITAL CORP 6% NTS","NYSE_AMERICAN"
"SCCE","SACHEM CAPITAL CORP","SCCE","SACHEM CAPITAL CORP. 6.00% NT 2027","NYSE_AMERICAN"
"SCCF","SACHEM CAPITAL CORP","SCCF","SACHEM CAPITAL CORP. 7.125% NT 2027","NYSE_AMERICAN"
"SCCG","SACHEM CAPITAL CORP","SCCG","SACHEM CAPITAL CORP 8% NTS","NYSE_AMERICAN"
"SCCO","SOUTHERN COPPER CORP","SCCO","SOUTHERN COPPER","NYSE"
"SCCR","SCHWAB CORE BOND ETF","SCCR","SCHWAB CORE BOND ETF","NYSE"
"SCD","LMP CAPITAL AND INCOME FUND","SCD","LMP CAPITAL & INCOME COMMON","NYSE"
"SCDV","BAHL & GAYNOR SML CP DVD ETF","SCDV","BAHL & GAYNOR SMALL CAP DIVIDEND ETF","NYSE"
"SCEP","STRLING CPTL HDG EP INCM ETF","SCEP","STERLING CAPITAL HEDGED EQUITY PREMIUM INCOME ETF","BATS"
"SCHA","SCHWAB US SMALL-CAP ETF","SCHA","SCHWAB U.S. SMALL-CAP ETF","NYSE"
"SCHB","SCHWAB US BROAD MARKET ETF","SCHB","SCHWAB U.S. BROAD MARKET ETF","NYSE"
"SCHC","SCHWAB INTL SMALL-CAP EQUITY","SCHC","SCHWAB INTERNATIONAL SMALL-CAP","NYSE"
"SCHD","SCHWAB US DVD EQUITY ETF","SCHD","SCHWAB U.S. DIVIDEND EQUITY ET","NYSE"
"SCHE","SCHWAB EMRG MRKTS EQTY ETF","SCHE","SCHWAB EMERGING MARKETS EQUITY","NYSE"
"SCHF","SCHWAB INTL EQUITY ETF","SCHF","SCHWAB INTERNATIONAL EQUITY ET","NYSE"
"SCHG","SCHWAB U.S. LARGE-CAP GROWTH","SCHG","SCHWAB U.S. LARGE-CAP GROWTH E","NYSE"
"SCHH","SCHWAB US REIT ETF","SCHH","SCHWAB US REIT ETF","NYSE"
"SCHI","SCHWAB 5-10 YEAR CORPORATE B","SCHI","SCHWAB 5-10 YEAR CORPORATE BOND ETF","NYSE"
"SCHJ","SCHWAB 1-5 YR CORP BND ETF","SCHJ","SCHWAB 1-5 YEAR CORPORATE BOND ETF","NYSE"
"SCHK","SCHWAB 1000 INDEX ETF","SCHK","SCHWAB 1000 INDEX ETF","NYSE"
"SCHL","SCHOLASTIC CORP","SCHL","SCHOLASTIC","NASDAQ"
"SCHM","SCHWAB US MID CAP ETF","SCHM","SCHWAB U.S. MID-CAP ETF","NYSE"
"SCHO","SCHWAB SHORT-TERM US TREAS","SCHO","SCHWAB SHORT-TERM U.S. TREASUR","NYSE"
"SCHP","SCHWAB U.S. TIPS ETF","SCHP","SCHWAB U.S. TIPS ETF","NYSE"
"SCHQ","SCHWAB LONG-TERM US TREASURY","SCHQ","SCHWAB LONG TERM US TREASURY ETF","NYSE"
"SCHR","SCHWAB INTERMEDIATE-TERM US","SCHR","SCHWAB INTERMEDIATE-TERM U.S.","NYSE"
"SCHV","SCHWAB U.S. LARGE-CAP VALUE","SCHV","SCHWAB U.S. LARGE-CAP VALUE ET","NYSE"
"SCHW","SCHWAB (CHARLES) CORP","SCHW","CHARLES SCHWAB","NYSE"
"SCHX","SCHWAB US LARGE-CAP ETF","SCHX","SCHWAB U.S. LARGE-CAP ETF","NYSE"
"SCHY","SCHWAB INTERNATIONAL DVD ETF","SCHY","SCHWAB INTERNATIONAL DIVIDEND EQUITY ETF","NYSE"
"SCHZ","SCHWAB US AGGREGATE BOND ETF","SCHZ","SCHWAB U.S. AGGREGATE BOND ETF","NYSE"
"SCI","SERVICE CORP INTL","SCI","SERVICE CORPORATION","NYSE"
"SCII","SC II ACQUISITION CORP-CL A","SCII","SC II ACQUISITION CORP. CLASS A","NASDAQ"
"SCIIU","SC II ACQUISITION CORP","SCIIU","SC II ACQUISITION CORP. UNT","NASDAQ"
"SCIO","FT STRUCT CREDIT INC OPP ETF","SCIO","FIRST TRUST STRUCTURED CREDIT INCOME OPP ETF","NYSE"
"SCJ","ISHARES MSCI JAPAN SMALL-CAP","SCJ","ISHARES MSCI JAPAN SMALL CAP I","NYSE"
"SCKT","SOCKET MOBILE INC","SCKT","SOCKET MOBILE, INC. COMMON STOCK","NASDAQ"
"SCL","STEPAN CO","SCL","STEPAN","NYSE"
"SCLS","STONPO ADVIS CMDI LO SHO ETF","SCLS","STONEPORT ADVISORS COMMODITY LONG SHORT ETF","NASDAQ"
"SCLX","SCILEX HOLDING CO","SCLX","SCILEX HC","NASDAQ"
"SCLZ","SWAN ENHANCED DVD INC ETF","SCLZ","SWAN ENHANCED DIVIDEND INCOME ETF","BATS"
"SCM","STELLUS CAPITAL INVESTMENT C","SCM","STELLUS CAPITAL","NYSE"
"SCMB","SCHWAB MUNICIPAL BOND ETF","SCMB","SCHWAB MUNICIPAL BOND ETF","NYSE"
"SCMC","STERLING CAP MS INCOME ETF","SCMC","STERLING CAPITAL MULTI-STRATEGY INCOME ETF","BATS"
"SCNI","SCINAI IMMUNOTHERAPEUTICS LT","SCNI","SCINAI IMMUNOTHERAPEUTICS LTD. ADS","NASDAQ"
"SCNM","STERLING CAP NATL MB ETF","SCNM","STERLING CAPITAL NATIONAL MUNICIPAL BOND ETF","BATS"
"SCNX","SCIENTURE HOLDINGS INC","SCNX","SCIENTURE HOLDINGS, INC.","NASDAQ"
"SCO","PROSHARES ULTRASHORT BLOOMBE","SCO","PROSHARES ULTRASHORT BLOOMBERG","NYSE"
"SCOR","COMSCORE INC","SCOR","COMSCORE, INC. COMMON STOCK","NASDAQ"
"SCOW","PCR S&P SC 600 Q FCF ARST","SCOW","PACER S&P SMCAP 600 QUALITY FCF ARISTOCRATS","BATS"
"SCPQ","SOCIAL COMMERCE PARTNER CL-A","SCPQ","SOCIAL COMMERCE PARTNERS CORPORATION CLASS A","NASDAQ"
"SCPQU","SOCIAL COMMERCE PARTNERS COR","SCPQU","SOCIAL COMMERCE PARTNERS CORPORATION UNT","NASDAQ"
"SCSB","STERLING CAP SHORT DB ETF","SCSB","","BATS"
"SCSC","SCANSOURCE INC","SCSC","SCANSOURCE","NASDAQ"
"SCVL","SHOE CARNIVAL INC","SCVL","SHOE CARNIVAL","NASDAQ"
"SCWO","374WATER INC","SCWO","374WATER INC. COMMON STOCK","NASDAQ"
"SCYB","SCHWAB HIGH YIELD BOND ETF","SCYB","SCHWAB HIGH YIELD BOND ETF","NYSE"
"SCYX","SCYNEXIS INC","SCYX","SCYNEXIS, INC. COMMON STOCK","NASDAQ"
"SCZ","ISHARES MSCI EAFE SMALL-CAP","SCZ","ISHARES MSCI EAFE SMALL CAP IN","NASDAQ"
"SCZM","SANTACRUZ SILVER MINING LTD","SCZM","SANTACRUZ SILVER MINING LTD.","NASDAQ"
"SD","SANDRIDGE ENERGY INC","SD","SANDRIDGE ENERGY INC","NYSE"
"SDA","SUNCAR TECHNOLOGY GROUP IN-A","SDA","SUNCAR TECHNOLOGY GROUP INC. CLASS A","NASDAQ"
"SDCI","USCF SUMMERHAVEN DYNAMIC ETF","SDCI","USCF SUMMERHAVEN DYNAMIC COMMODITY STRAT K-1","NYSE"
"SDD","PROSHARES ULTRASHORT SC600","SDD","PROSHARES ULTRASHORT SMALLCAP6","NYSE"
"SDEM","GLOBAL X MSCI SUPERDIVIDEND","SDEM","GLOBAL X SUPERDIVIDEND EMG MKT","NYSE"
"SDEV","STABLECOIN DEVELOPMENT CORP","SDEV","STABLECOIN DEVELOPMENT CORP","NYSE_AMERICAN"
"SDFI","AB SHORT DURATION INCOME ETF","SDFI","AB SHORT DURATION INCOME ETF","NYSE"
"SDG","ISH MSCI GLOB SUST DEVE GOAL","SDG","ISHARES MSCI GLOBAL SUSTAINABLE DEVELOPMENT GOALS","NASDAQ"
"SDGR","SCHRODINGER INC","SDGR","SCHRODINGER, INC. COMMON STOCK","NASDAQ"
"SDHC","SMITH DOUGLAS HOMES CORP","SDHC","SMITH DOUGLAS HOMES CORP","NYSE"
"SDHI","SIDDHI ACQUISITION CORP-A","SDHI","SIDDHI ACQUISITION CORP CLASS A","NASDAQ"
"SDHY","PGIM SHRT DURAT HI YLD","SDHY","PGIM SHORT DURATION HI YLD OPPTY FUND","NYSE"
"SDIV","GLOBAL X SUPERDIVIDEND ETF","SDIV","GLOBAL X SUPERDIVIDEND ETF","NYSE"
"SDM","SMART DIGITAL GROUP LTD","SDM","SMART DIGITAL GROUP LIMITED","NASDAQ"
"SDMF","SIMPLIFY DBI CTA M-F INDX","SDMF","SIMPLIFY DBI CTA MANAGED FUTURES INDEX ETF","NYSE"
"SDOG","ALPS SECTOR DIVIDEND DOGS","SDOG","ALPS SECTOR DIVIDEND DOGS ETF","NYSE"
"SDOT","SADOT GROUP INC","SDOT","SADOT GROUP INC.","NASDAQ"
"SDOW","PROSHARES ULTPRO SHRT DOW30","SDOW","PROSHARES ULTRAPRO SHORT DOW30","NYSE"
"SDP","PROSHARES ULTSHRT UTILITIES","SDP","PROSHARES ULTRASHORT UTILITIES","NYSE"
"SDRL","SEADRILL LIMITED","SDRL","SEADRILL LTD","NYSE"
"SDS","PROSHARES ULTRASHORT S&P500","SDS","PROSHARES ULTRASHORT S&P500","NYSE"
"SDST","STARDUST POWER INC","SDST","STARDUST POWER INC.","NASDAQ"
"SDTY","YLDMX S&P 500 0DTE C C S ETF","SDTY","YIELDMAX S&P 500 0DTE COVERED CALL STRATEGY ETF","NASDAQ"
"SDVD","FT VEST SMID RISING DIVIDEND","SDVD","FT CBOE VEST SMID RISING DIVIDEND ACHIEVERS","BATS"
"SDVY","FIRST TRUST SMID CAP RISING","SDVY","FIRST TR SMID CAP RISING DIVIDEND ACHIEVERS ETF","NASDAQ"
"SDY","SS SPDR S&P DIVIDEND ETF","SDY","STATE ST SPDR S&P DIVIDEND","NYSE"
"SE","SEA LTD-ADR","SE","SEA LTD ADS","NYSE"
"SEA","US GLOBAL SEA TO SKY CARGO","SEA","US GLOBAL SEA TO SKY CARGO ETF","NYSE"
"SEAT","VIVID SEATS INC - CLASS A","SEAT","VIVID SEATS INC. CLASS A COMMON STOCK","NASDAQ"
"SEB","SEABOARD CORP","SEB","SEABOARD","NYSE_AMERICAN"
"SECT","MAIN SECTOR ROTATION ETF","SECT","SECTOR 5 INC","BATS"
"SECU","ISHRS SECUR INCOM ACT ETF","SECU","ISHARES SECURITIZED INCOME ACTIVE ETF","BATS"
"SEDG","SOLAREDGE TECHNOLOGIES INC","SEDG","SOLAREDGE TECHNOLOGIES, INC. C","NASDAQ"
"SEED","ORIGIN AGRITECH LTD","SEED","ORIGIN AGRITECH","NASDAQ"
"SEEM","SEI SELECT EM MRKT EQ","SEEM","SEI SELECT EMERGING MARKETS EQUITY ETF","NASDAQ"
"SEER","SEER INC","SEER","SEER, INC. CLASS A COMMON STOCK","NASDAQ"
"SEF","PROSHARES SHORT FINANCIALS","SEF","PROSHARES SHORT FINANCIALS","NYSE"
"SEG","SEAPORT ENTERTAINMENT GROUP","SEG","SEAPORT ENTERTAINMENT GROUP INC","NYSE"
"SEGG","SPORTS ENTERTAINMENT GAMING","SEGG","SPORTS ENTERTAINMENT GAMING GLOBAL CORPORATION","NASDAQ"
"SEI","SOLARIS ENERGY INFRASTRUCTUR","SEI","SOLARIS ENERGY INFRASTRUCTURE, INC. CLASS A","NYSE"
"SEIC","SEI INVESTMENTS COMPANY","SEIC","SEI INVESTMENTS","NASDAQ"
"SEIE","SEI SELECT INTL EQUITY","SEIE","SEI SELECT INTERNATIONAL EQUITY ETF","NASDAQ"
"SEIM","SEI ENHANCED US LARGE CAP MO","SEIM","SEI ENHANCED U.S. LARGE CAP MOMENTUM FACTOR ETF","BATS"
"SEIQ","SEI ENHANCED US LARGE CAP QU","SEIQ","SEI ENHANCED U.S. LARGE CAP QUALITY FACTOR ETF","BATS"
"SEIS","SEI SELECT SMALL CAP ETF","SEIS","SEI SELECT SMALL CAP ETF","NASDAQ"
"SEIV","SEI ENHANCED US LRG CAP VAL","SEIV","SEI ENHANCED U.S. LARGE CAP VALUE FACTOR ETF","BATS"
"SEIX","VIRTUS SEIX SENIOR LOAN ETF","SEIX","VIRTUS SEIX SENIOR LOAN ETF","NYSE"
"SELF","GLOBAL SELF STORAGE INC","SELF","SELF STORAGE GROUP INC","NASDAQ"
"SELV","SEI ENHANCED LOW VOL US LRG","SELV","SEI ENHANCED LOW VOLATILITY U.S. LARGE CAP ETF","BATS"
"SELX","SEMILUX INTERNATIONAL LTD","SELX","SEMILUX INTERNATIONAL LTD.","NASDAQ"
"SEM","SELECT MEDICAL HOLDINGS CORP","SEM","SELECT MEDICAL HOLDINGS","NYSE"
"SEMG","SUNCOAST SELECT GROWTH ETF","SEMG","SUNCOAST SELECT GROWTH ETF","NYSE"
"SEMI","COLUMBIA SELECT TECH ETF","SEMI","COLUMBIA SELECT TECHNOLOGY ETF","NYSE"
"SEMR","SEMRUSH HOLDINGS INC-A","SEMR","SEMRUSH HOLDINGS INC","NYSE"
"SEMY","GRANITESHRS YLDBOOST SC ETF","SEMY","GRANITESHARES YIELDBOOST SEMICONDUCTOR ETF","NASDAQ"
"SENEA","SENECA FOODS CORP - CL A","SENEA","SENECA FOODS","NASDAQ"
"SENEB","SENECA FOODS CORP - CL B","SENEB","SENECA FOODS CORP CLASS B","NASDAQ"
"SENS","SENSEONICS HOLDINGS INC","SENS","SENSEONICS HOLDINGS, INC.","NASDAQ"
"SEPI","SHELTON EQTY PREMIUM INC ETF","SEPI","SHELTON EQUITY PREMIUM INCOME ETF","NYSE"
"SEPM","FT VEST US EQ MAX BUF SEP","SEPM","FIRST TR VIII VEST US EQUITY MAX BUFFER SEP","BATS"
"SEPN","SEPTERNA INC","SEPN","SEPTERNA, INC.","NASDAQ"
"SEPP","PGIM S&P 500 BUFFER 12 ETF -","SEPP","SHL TELEMEDICINE PGIM US LARGE-CAP BUFFER 12 SEP","BATS"
"SEPT","ALL US EQU BUF10 SEP ETF-USD","SEPT","ALLIANZIM US LARGE CAP BUFFER10 SEP ETF","BATS"
"SEPU","ALLIANZIM US BF15 UNCAP SEP","SEPU","AIM PRODUCTS TRUST ALLIANZIM US EQUITY BUFFER15","BATS"
"SEPW","ALIANZIM US EQ BFR20 SEP-USD","SEPW","ALLIANZIM US LARGE CAP BUFFER20 SEP ETF","BATS"
"SEPZ","TRUESHARES STRUC OUT SEP ETF","SEPZ","TRUESHARES STRUCTURED OUTCOME SEPT ETF","BATS"
"SER","SERINA THERAPEUTICS INC.","SER","SERINA THERAPEUTICS INC","NYSE_AMERICAN"
"SERA","SERA PROGNOSTICS INC-A","SERA","SERA PROGNOSTICS, INC.","NASDAQ"
"SERV","SERVE ROBOTICS INC","SERV","SERVE ROBOTICS INC.","NASDAQ"
"SES","SES AI CORP","SES","SES AI CORP","NYSE"
"SETH","PROSHARE SHORT ETHER ETF-USD","SETH","PROSHARES SHORT ETHER STRATEGY ETF","NYSE"
"SETM","SPROTT CRITICAL MATERIAL ETF","SETM","SPROTT ENERGY TRANSITION MATERIALS ETF","NASDAQ"
"SEV","APTERA MOTORS CORP CL B","SEV","APTERA MOTORS CORP. CLASS B","NASDAQ"
"SEVN","SEVEN HILLS REALTY TRUST","SEVN","SEVEN HILLS REALTY TRUST COMMON STOCK","NASDAQ"
"SEZL","SEZZLE INC","SEZL","SEZZLE INC.","NASDAQ"
"SF","STIFEL FINANCIAL CORP","SF","STIFEL FINANCIAL","NYSE"
"SFB","SF 5.2 10-15-47 PFD","SFB","STIFEL FINANCIAL CORP","NYSE"
"SFBC","SOUND FINANCIAL BANCORP INC","SFBC","SOUND FINANCIAL BANCORP","NASDAQ"
"SFBS","SERVISFIRST BANCSHARES INC","SFBS","SERVISFIRST BANCSHARES INC","NYSE"
"SFD","SMITHFIELD FOODS INC","SFD","SMITHFIELD FOODS, INC.","NASDAQ"
"SFEB","FT VEST US SC MB ETF-USD INC","SFEB","FT VEST US SMALL CAP MODERATE BUFFER ETF - FEB","BATS"
"SFGV","SEQUOIA GLOBAL VALUE ETF","SFGV","SEQUOIA GLOBAL VALUE ETF","NYSE"
"SFHG","SAMFINE CREATION HLD GR-CL A","SFHG","SAMFINE CREATION HOLDINGS GROUP LIMITED CLASS A","NASDAQ"
"SFIX","STITCH FIX INC-CLASS A","SFIX","STITCH FIX, INC. CLASS A COMMON STOCK","NASDAQ"
"SFL","SFL CORP LTD","SFL","SFL CORP LTD","NYSE"
"SFLO","VS SM CAP FREE CASH FLOW ETF","SFLO","VICTORYSHARES SMALL CAP FREE CASH FLOW ETF","NASDAQ"
"SFLR","INNOVATOR EQTY MGD FLOOR ETF","SFLR","INNOVATOR EQUITY MANAGED FLOOR ETF","NYSE"
"SFM","SPROUTS FARMERS MARKET INC","SFM","SPROUTS FARMERS MARKET, INC. C","NASDAQ"
"SFNC","SIMMONS FIRST NATL CORP-CL A","SFNC","SIMMONS FIRST NATIONAL","NASDAQ"
"SFST","SOUTHERN FIRST BANCSHARES","SFST","SOUTHERN FIRST BANCSHARES","NASDAQ"
"SFTX","HORIZN INTRNTNL MNGD RSK ETF","SFTX","HORIZON INTERNATIONAL MANAGED RISK ETF","NYSE"
"SFTY","HORIZON MANAGED RISK ETF","SFTY","HORIZON FUNDS HORIZON MNGD RISK ETF","BATS"
"SFWL","SHENGFENG DEVELOPMENT LTD-A","SFWL","SHENGFENG DEVELOPMENT LIMITED CLASS A","NASDAQ"
"SFY","SOFI SELECT 500 ETF","SFY","SOFI SELECT 500 ETF","NYSE"
"SG","SWEETGREEN INC - CLASS A","SG","SWEETGREEN INC","NYSE"
"SGA","SAGA COMMUNICATIONS INC-CL A","SGA","SAGA COMMUNICATIONS","NASDAQ"
"SGC","SUPERIOR GROUP OF COS INC","SGC","SUPERIOR UNIFORM GROUP","NASDAQ"
"SGDJ","SPROTT JR. GOLD MINERS ETF","SGDJ","ALPS SPROTT JUNIOR GOLD MINERS","NYSE"
"SGDM","SPROTT GOLD MINERS ETF","SGDM","SPROTT GOLD MINERS ETF","NYSE"
"SGHC","SUPER GROUP SGHC LTD","SGHC","SUPER GROUP (SGHC) LTD","NYSE"
"SGHT","SIGHT SCIENCES INC","SGHT","SIGHT SCIENCES, INC.","NASDAQ"
"SGI","SOMNIGROUP INTERNATIONAL INC","SGI","SOMNIGROUP INTERNATIONAL INC","NYSE"
"SGLC","SGI US LARGE CAP CORE ETF","SGLC","SGI US LARGE CAP CORE ETF","NYSE"
"SGLY","SINGULARITY FUTURE TECHNOLOG","SGLY","SINGULARITY FUTURE TECHNOLOGY LTD.","NASDAQ"
"SGML","SIGMA LITHIUM CORP","SGML","SIGMA LITHIUM CORPORATION COMMON SHARES","NASDAQ"
"SGMO","SANGAMO THERAPEUTICS INC","SGMO","SANGAMO THERAPEUTICS, INC. COMMON STOCK","NASDAQ"
"SGMT","SAGIMET BIOSCIENCES INC-A","SGMT","SAGIMET BIOSCIENCES INC. SERIES A","NASDAQ"
"SGOL","ABRDN PHYSICAL GOLD SHARES","SGOL","ABRDN PHYSICAL GOLD SHARES ETF","NYSE"
"SGOV","ISHARES 0-3 MONTH TREASURY B","SGOV","ISHARES 0-3 MONTH TREASURY BOND ETF","NYSE"
"SGP","SPYGLASS PHARMA INC","SGP","SPYGLASS PHARMA, INC.","NASDAQ"
"SGRP","SPAR GROUP INC","SGRP","SPAR GROUP","NASDAQ"
"SGRT","SMART EARNINGS GROWTH 30 ETF","SGRT","SMART EARNINGS GROWTH 30 ETF","NYSE"
"SGRW","HARBOR ACTE SL CAP GWTH ETF","SGRW","HARBOR ACTIVE SMALL CAP GROWTH ETF","NYSE"
"SGRY","SURGERY PARTNERS INC","SGRY","SURGERY PARTNERS, INC. COMMON STOCK","NASDAQ"
"SGU","STAR GROUP LP","SGU","STAR GROUP L.P.","NYSE"
"SGVT","SCHWAB GOVT MONEY MARKET ETF","SGVT","SCHWAB GOVERNMENT MONEY MARKET ETF","NYSE"
"SH","PROSHARES SHORT S&P500","SH","PROSHARES SHORT S&P500","NYSE"
"SHAG","WSDMTREE YLD EN US ST AGG","SHAG","WISDOMTREE BRCLY YIELD ENHANCED US SH TERM AGGRGT","BATS"
"SHAK","SHAKE SHACK INC - CLASS A","SHAK","SHAKE SHACK INC","NYSE"
"SHAZ","SHARONAI HOLDINGS INC","SHAZ","SHARONAI HOLDINGS, INC. CLASS A","NASDAQ"
"SHBI","SHORE BANCSHARES INC","SHBI","SHORE BANCSHARES","NASDAQ"
"SHC","SOTERA HEALTH CO","SHC","SOTERA HEALTH COMPANY COMMON STOCK","NASDAQ"
"SHDG","SOUNDWATCH HEDGED EQUITY ETF","SHDG","TRUST FOR ADVISED PORTFOLIOS SOUNDWATCH HEDGED","BATS"
"SHE","SS SPDR MSCI U GEND DIV ETF","SHE","STATE ST SPDR MSCI USA GENDER DIVERSITY","NYSE"
"SHEH","THE SHELL PLC ADRHEDGED","SHEH","SHELL PLC ADR HEDGED","NYSE"
"SHEL","SHELL PLC-ADR","SHEL","SHELL PLC","NYSE"
"SHEN","SHENANDOAH TELECOMMUNICATION","SHEN","SHENANDOAH TELECOMMUNICAT","NASDAQ"
"SHFS","SHF HOLDINGS INC","SHFS","SHF HOLDINGS, INC. CLASS A","NASDAQ"
"SHG","SHINHAN FINANCIAL GROUP-ADR","SHG","SHINHAN FINANCIAL GRP","NYSE"
"SHIM","SHIMMICK CORP","SHIM","SHIMMICK CORPORATION","NASDAQ"
"SHIP","SEANERGY MARITIME HOLDINGS","SHIP","SEANERGY MARITIME","NASDAQ"
"SHLD","GLOBAL X DEFENSE TECH ETF","SHLD","GLOBAL X DEFENSE TECH ETF","NYSE"
"SHLS","SHOALS TECHNOLOGIES GROUP -A","SHLS","SHOALS TECHNOLOGIES GROUP, INC. CLASS A","NASDAQ"
"SHM","SS SPDR N ICE ST MUNI ETF","SHM","STATE ST SPDR NUVEEN ICE SHORT TERM MUNICIPAL BOND","NYSE"
"SHMD","SCHMID GROUP NV","SHMD","SCHMID GROUP N.V. CLASS A","NASDAQ"
"SHNY","MICROSECTORS GOLD 3X LEV ETN","SHNY","MICRO SECTORS GOLD 3X LEVERAGED ETNS 1/29/43","NYSE"
"SHO","SUNSTONE HOTEL INVESTORS INC","SHO","SUNSTONE HOTEL INVESTORS","NYSE"
"SHOC","SHOC US SEMICON EQUITY ETF","SHOC","STRIVE US SEMICONDUCTOR ETF","NYSE"
"SHOO","STEVEN MADDEN LTD","SHOO","STEVEN MADDEN","NASDAQ"
"SHOP","SHOPIFY INC - CLASS A","SHOP","SHOPIFY INC. CLASS A","NASDAQ"
"SHPH","SHUTTLE PHARMACEUTICALS HOLD","SHPH","SHUTTLE PHARMACEUTICALS HOLDINGS, INC.","NASDAQ"
"SHPP","PACER INDUSTRIALS AND LOGIS","SHPP","PACER INDUSTRIALS AND LOGISTICS ETF","NYSE"
"SHPU","DIRXION DLY SHOP BULL 2X ETF","SHPU","DIREXION DAILY SHOP BULL 2X ETF","NASDAQ"
"SHRT","GOTHAM SHRT STRAT ETF","SHRT","GOTHAM SHORT STRATEGIES ETF","NYSE"
"SHRY","FIRST TRUST SHAREHOLDER YLD","SHRY","FIRST TR BLOOMBERG SHAREHOLDER YIELD ETF","NASDAQ"
"SHUS","STRATIFIED LARGECAP HDGD ETF","SHUS","STRATIFIED LARGE CAP HEDGED ETF","NYSE"
"SHV","ISHARES 0-1 YEAR TREASURY BO","SHV","ISHARES 0-1 YEAR TBND ETF","NYSE"
"SHW","SHERWIN-WILLIAMS CO-THE","SHW","SHERWIN-WILLIAMS","NYSE"
"SHY","ISHARES 1-3 YEAR TREASURY BO","SHY","ISHARES BARCLAYS 1-3 YEAR TREA","NASDAQ"
"SHYD","VANECK SH HI YLD MUNI","SHYD","VANECK VECTORS SHORT HIGH YIEL","BATS"
"SHYG","ISHARES 0-5 YR HY CORP BOND","SHYG","ISHARES 0-5 YR HIGH YIELD CORP","NYSE"
"SHYL","XTRACKERS SHRT DUR HIGH YIEL","SHYL","XTRACKERS SHORT DURATION HIGH YIELD BOND ETF","NYSE"
"SHYM","ISHARES SHORT DURATION HIGH","SHYM","ISHARES HIGH YIELD MUNI INCOME ACTIVE ETF","BATS"
"SI","SHOULDER INNOVATIONS INC","SI","SHOULDER INNOVATIONS INC","NYSE"
"SIBN","SI-BONE INC","SIBN","SI-BONE INC","NASDAQ"
"SID","CIA SIDERURGICA NACL-SP ADR","SID","COMPANHIA SIDERURGICA","NYSE"
"SIDU","SIDUS SPACE INC-CL A","SIDU","SIDUS SPACE, INC. CLASS A COMMON STOCK","NASDAQ"
"SIEB","SIEBERT FINANCIAL CORP","SIEB","SIEBERT FINANCIAL","NASDAQ"
"SIF","SIFCO INDUSTRIES","SIF","SIFCO INDUSTRIES","NYSE_AMERICAN"
"SIFY","SIFY TECHNOLOGIES-SPON ADR","SIFY","SIFY TECHNOLOGIES","NASDAQ"
"SIG","SIGNET JEWELERS LTD","SIG","SIGNET JEWELERS","NYSE"
"SIGA","SIGA TECHNOLOGIES INC","SIGA","SIGA TECHNOLOGIES INC. COMMON STOCK","NASDAQ"
"SIGI","SELECTIVE INSURANCE GROUP","SIGI","SELECTIVE INSURANCE","NASDAQ"
"SIGIP","SELECTIVE INSURANCE GROU","SIGIP","SELECTIVE INSURANCE GROUP (1/1,000 4.60% PF SER B)","NASDAQ"
"SIHY","HARBOR ARES SYSTEMT HI YD-US","SIHY","HARBOR ARES SYSTEMATIC HIGH YIELD ETF","NYSE"
"SII","SPROTT INC","SII","SPROTT INC","NYSE"
"SIJ","PROSHARES ULTSHRT INDUSTRIAL","SIJ","PROSHARES ULTRASHORT INDUSTRIA","NYSE"
"SIL","GLOBAL X SILVER MINERS ETF","SIL","GLOBAL X SILVER MINERS ETF","NYSE"
"SILA","SILA REALTY TRUST INC","SILA","SILA REALTY TRUST","NYSE"
"SILC","SILICOM LTD","SILC","SILICOM","NASDAQ"
"SILJ","AMPLIFY JUNIOR SILVER MINERS","SILJ","AMPLIFY JUNIOR SILVER MINERS ETF","NYSE"
"SILO","SILO PHARMA INC","SILO","SILO PHARMA, INC.","NASDAQ"
"SIM","GRUPO SIMEC SAB-SPON ADR","SIM","GRUPO SIMEC","NYSE_AMERICAN"
"SIMA","SIM ACQUISITION CORP I-A","SIMA","SIM ACQUISITION CORP. I CLASS A","NASDAQ"
"SIMO","SILICON MOTION TECHNOL-ADR","SIMO","SILICON MOTION TECH","NASDAQ"
"SIMS","SS SPDR S&P KENSHO IS ETF","SIMS","STATE ST SPDR S&P KENSHO INTELLIGENT STRUCTURES","NYSE"
"SINT","SINTX TECHNOLOGIES INC","SINT","SINTX TECHNOLOGIES INC","NASDAQ"
"SIO","TOUCHSTONE STRTG IN ETF-IUSD","SIO","TOUCHSTONE STRATEGIC INCOME OPPORTUNITIES ETF","NYSE"
"SION","SIONNA THERAPEUTICS INC","SION","SIONNA THERAPEUTICS, INC.","NASDAQ"
"SIOO","VISTASHRS TGT 15 S&P DST ETF","SIOO","VISTASHARES TARGET 15 S&P 100 DISTRIBUTION","NYSE"
"SIRI","SIRIUS XM HOLDINGS INC","SIRI","SIRIUS XM HOLDINGS INC. COMMON","NASDAQ"
"SITC","SITE CENTERS CORP","SITC","SITE CENTERS CORP","NYSE"
"SITE","SITEONE LANDSCAPE SUPPLY INC","SITE","SITEONE LANDSCAPE SUPPLY INC","NYSE"
"SITM","SITIME CORP","SITM","SITIME CORP.","NASDAQ"
"SIVR","ABRDN PHYSICAL SILVER SHARES","SIVR","ABRDN PHYSICAL SILVER SHARES ETF","NYSE"
"SIXA","ETC 6 MERIDIAN MEGA CAP EQUI","SIXA","6 MERIDIAN MEGA CAP EQUITY ETF","NYSE"
"SIXD","ALLIAN US EQU 6 MON BU10-USD","SIXD","ALLIANZIM US LARGE CAP 6 MO BUFFER10 JUN/DEC ETF","BATS"
"SIXF","ALLIAN US EQU 6 MON BU10-USD","SIXF","ALLIANZIM US LARGE CAP 6 MO BUFFER10 FEB/AUG ETF","BATS"
"SIXG","DEFIANCE CONNECTIVE TECH ETF","SIXG","DEFIANCE CONNECTIVE TECHNOLOGIES ETF","NASDAQ"
"SIXH","ETC 6 MERIDIAN HEDGED EQUITY","SIXH","ETC 6 MERIDIAN HEDGED EQUITY OPTION ETF","NYSE"
"SIXJ","ALLIAN US EQU 6 MON BU10-USD","SIXJ","ALLIANZIM US LARGE CAP 6 MONTH BUFFER10 JAN/JUL ET","BATS"
"SIXL","ETC 6 MERIDIAN LOW BETA EQUI","SIXL","6 MERIDIAN LOW BETA EQUITY ETF","NYSE"
"SIXO","ALLIAN US EQU 6 MON BU10-USD","SIXO","ALLIANZIM US LARGE CAP 6 MONTH BUFFER10 APR/OCT","BATS"
"SIXP","ALLIAN US EQU 6 MON BU10-USD","SIXP","ALLIANZ US LARGE CAP 6 MO BUFFER10 MAR/SEP ETF","BATS"
"SIXS","ETC 6 MERIDIAN SMALL CAP EQU","SIXS","6 MERIDIAN SMALL CAP EQUITY ETF","NYSE"
"SIXZ","ALLIAN US EQU 6 MON BU10-USD","SIXZ","ALLIANZIM US LARGE CAP 6 MO BUFFER 10 MAY/NOV ETF","BATS"
"SIZE","ISHARES MSCI USA SIZE FACTOR","SIZE","ISHARES MSCI USA SIZE FACTOR","NYSE"
"SJ","SCIENJOY HOLDING CORP-A","SJ","SCIENJOY HOLDING CORP","NASDAQ"
"SJB","PROSHARES SHORT HIGH YIELD","SJB","PROSHARES SHORT HIGH YIELD","NYSE"
"SJM","JM SMUCKER CO-THE","SJM","J.M. SMUCKER","NYSE"
"SJNK","SS SPDR BB ST HI YIELD ETF","SJNK","STATE ST SPDR BLOOMBERG SHORT TERM HIGH YIELD","NYSE"
"SJT","SAN JUAN BASIN ROYALTY TR","SJT","SAN JUAN BASIN ROYALTY","NYSE"
"SKBL","SKYLINE BUILDERS GROUP HOL-A","SKBL","SKYLINE BUILDERS GROUP HOLDING LIMITED CLASS A","NASDAQ"
"SKE","SKEENA RESOURCES LTD","SKE","599538","NYSE"
"SKF","PROSHARES ULTSHRT FINANCIALS","SKF","PROSHARES ULTRASHORT FINANCIAL","NYSE"
"SKIL","SKILLSOFT CORP","SKIL","SKILLSOFT CORP","NYSE"
"SKIN","BEAUTY HEALTH CO-THE","SKIN","BEAUTY HEALTH CO","NASDAQ"
"SKK","SKK HOLDINGS LTD-CLASS A","SKK","SKK HOLDINGS LIMITED CLASS A","NASDAQ"
"SKLZ","SKILLZ INC","SKLZ","SKILLZ INC","NYSE"
"SKM","SK TELECOM CO LTD-SPON ADR","SKM","SK TELECOM CO","NYSE"
"SKOR","FLEXSHARES CREDIT-SCORED US","SKOR","FLEXSHARES CREDIT-SCORED US CO","NASDAQ"
"SKRE","TUTTLE CAP DLY 2X INV REG","SKRE","TUTTLE CAPITAL DAILY -2X REGIONAL BANKS ETF","NASDAQ"
"SKT","TANGER INC","SKT","TANGER INC.","NYSE"
"SKWD","SKYWARD SPECIALTY INSURANCE","SKWD","SKYWARD SPECIALTY INSURANCE GROUP, INC.","NASDAQ"
"SKY","CHAMPION HOMES INC","SKY","CHAMPION HOMES INC","NYSE"
"SKYE","SKYE BIOSCIENCE INC","SKYE","SKYE BIOSCIENCE, INC.","NASDAQ"
"SKYH","SKY HARBOUR GROUP CORP","SKYH","SKY HARBOUR GROUP CORP","NYSE"
"SKYT","SKYWATER TECHNOLOGY INC","SKYT","SKYWATER TECHNOLOGY, INC. COMMON STOCK","NASDAQ"
"SKYW","SKYWEST INC","SKYW","SKYWEST","NASDAQ"
"SKYX","SKYX PLATFORMS CORP","SKYX","SKYX PLATFORMS CORP","NASDAQ"
"SKYY","FIRST TRUST CLOUD COMPUTING","SKYY","FIRST TRUST CLOUD COMPUTIN","NASDAQ"
"SLAB","SILICON LABORATORIES INC","SLAB","SILICON LABORATORIES","NASDAQ"
"SLAI","SOLAI LTD","SLAI","SOLAI LTD","NYSE"
"SLB","SLB LTD","SLB","SLB LTD","NYSE"
"SLDB","SOLID BIOSCIENCES INC","SLDB","SOLID BIOSCIENCES INC. COMMON STOCK","NASDAQ"
"SLDE","SLIDE INSURANCE HOLDINGS INC","SLDE","SLIDE INSURANCE HOLDINGS, INC.","NASDAQ"
"SLDP","SOLID POWER INC","SLDP","SOLID POWER, INC. CLASS A COMMON STOCK","NASDAQ"
"SLDR","GLOBAL X SHORT-TERM TL ETF","SLDR","GLOBAL X SHORT TERM TREASURY LADDER","NYSE"
"SLE","SUPER LEAGUE ENTERPRISE INC","SLE","SUPER LEAGUE ENTERPRISE, INC.","NASDAQ"
"SLF","SUN LIFE FINANCIAL INC","SLF","SUN LIFE FINANCIAL","NYSE"
"SLG","SL GREEN REALTY CORP","SLG","SL GREEN REALTY","NYSE"
"SLGB","SMART LOGISTICS GLOBAL LTD","SLGB","SMART LOGISTICS GLOBAL LIMITED","NASDAQ"
"SLGL","SOL-GEL TECHNOLOGIES LTD","SLGL","SOL-GEL TECHNOLOGIES LTD.","NASDAQ"
"SLGN","SILGAN HOLDINGS INC","SLGN","SILGAN HOLDINGS","NYSE"
"SLI","STANDARD LITHIUM LTD","SLI","STANDARD LITHIUM LTD","NYSE_AMERICAN"
"SLJY","AMPL SJ JU SIV MIN CO ETF-US","SLJY","AMPLIFY SILJ JUNIOR SILVER MINERS COVERED CALL","NYSE"
"SLM","SLM CORP","SLM","SLM","NASDAQ"
"SLMBP","SLM CORPORATION PFD SER B","SLMBP","SLM CORP SER B PFD","NASDAQ"
"SLMT","BRERA HOLDINGS PLC-CL B","SLMT","BRERA HOLDINGS PLC CLASS B","NASDAQ"
"SLN","SILENCE THERAPEUTICS PLC-ADR","SLN","SILENCE THERAPEUTICS PLC ADS","NASDAQ"
"SLND","SOUTHLAND HOLDINGS INC","SLND","SOUTHLAND HOLDINGS, INC.","NYSE_AMERICAN"
"SLNG","STABILIS SOLUTIONS INC","SLNG","STABILIS SOLUTIONS, INC. COMMON STOCK","NASDAQ"
"SLNH","SOLUNA HOLDINGS INC","SLNH","SOLUNA HOLDINGS, INC. COMMON STOCK","NASDAQ"
"SLNHP","SOLUNA HOLDINGS INC","SLNHP","SOLUNA HOLDINGS, INC 9.0% SERIES A PF","NASDAQ"
"SLNO","SOLENO THERAPEUTICS INC","SLNO","SOLENO THERAPEUTICS, INC. COMMON STOCK","NASDAQ"
"SLON","PROSHARES ULTRA SOLANA ETF","SLON","PROSHARES ULTRA SOLANA ETF","NYSE"
"SLP","SIMULATIONS PLUS INC","SLP","SIMULATIONS PLUS","NASDAQ"
"SLQD","ISHARES 0-5 YR INV GRD CORP","SLQD","ISHARES 0-5 YR INVESTMENT GRAD","NASDAQ"
"SLQT","SELECTQUOTE INC","SLQT","SELECTQUOTE INC","NYSE"
"SLRC","SLR INVESTMENT CORP","SLRC","SLR INVESTMENT CORP","NASDAQ"
"SLS","SELLAS LIFE SCIENCES GROUP I","SLS","SELLAS LIFE SCIENCES GROUP, INC.","NASDAQ"
"SLSN","SOLESENCE INC","SLSN","SOLESENCE, INC.","NASDAQ"
"SLSR","SOLARIS RESOURCES INC","SLSR","SOLARIS RESOURCES INC","NYSE_AMERICAN"
"SLTY","YIELDMAX ULTR SH OPT INC STR","SLTY","YIELDMAX ULTRA SHORT OPTION INCOME STRATEGY ETF","NYSE"
"SLV","ISHARES SILVER TRUST","SLV","ISHARES SILVER TRUST","NYSE"
"SLVM","SYLVAMO CORP","SLVM","SYLVAMO CORP","NYSE"
"SLVO","UBS AG ETRACS SL SH CO C ETN","SLVO","CREDIT SUISSE X-LINKS SILVER SHARES COVE","NASDAQ"
"SLVP","ISHARES MSCI GLOBAL SILVER A","SLVP","ISHARES MSCI GLOBAL SILVER MINERS ETF","BATS"
"SLVR","SPROTT SLVR MINER & PHY SLVR","SLVR","SPROTT SILVER MINERS & PHYSICAL SILVER ETF","NASDAQ"
"SLVX","NICHOLAS SILVER INCOME ETF","SLVX","NICHOLAS SILVER INCOME ETF","NYSE"
"SLX","VANECK STEEL ETF","SLX","VANECK STEEL ETF","NYSE"
"SLXN","SILEXION THERAPEUTICS CORP","SLXN","BIOMOTION SCIENCES","NASDAQ"
"SLYG","SS SPDR S&P 600 SC GR ETF","SLYG","STATEST SPDR S&P 600 SMALL CAP GROWTH","NYSE"
"SLYV","SS SPDR S&P 600 SC VAL ETF","SLYV","SPDR S&P 600 SMALL CAP VALUE E","NYSE"
"SM","SM ENERGY CO","SM","SM ENERGY","NYSE"
"SMA","SMARTSTOP SELF STORAGE REIT","SMA","SMARTSTOP SELF STORAGE REIT INC","NYSE"
"SMAX","ISHARES L CAP MB SEP ETF","SMAX","ISHARES LARGE CAP MAX BUFFER SEP ETF","BATS"
"SMAY","FT VEST U.S. SMALL CAP MODER","SMAY","FIRST TR VIII CBOE VEST US SMALL CAP MOD BUFF MAY","BATS"
"SMB","VANECK SHORT MUNI ETF","SMB","VANECK VECTORS AMT FREE SHORT MUNI","BATS"
"SMBC","SOUTHERN MISSOURI BANCORP","SMBC","SOUTHERN MISSOURI BANCORP","NASDAQ"
"SMBK","SMARTFINANCIAL INC","SMBK","SMARTFINANCIAL, INC. COMMON STOCK","NYSE"
"SMBS","SCHWAB MBS ETF","SMBS","SCHWAB MORTGAGE-BACKED SECURITIES ETF","NYSE"
"SMC","SUMMIT MIDSTREAM CORP","SMC","SUMMIT MIDSTREAM CORP","NYSE"
"SMCF","THEMES US S-C CSH FLW CHAMP","SMCF","THEMES US SMALL CAP CASH FLOW CHAMPIONS ETF","NASDAQ"
"SMCI","SUPER MICRO COMPUTER INC","SMCI","SUPER MICRO COMPUTER","NASDAQ"
"SMCL","GRANITESHARES 2X L SMCI ETF","SMCL","GRANITESHARES 2X LONG SMCI DAILY ETF","NASDAQ"
"SMCO","HILTON SMALL-MIDCAP OPP ETF","SMCO","HILTON SMALL-MIDCAP OPPORTUNITY ETF","NASDAQ"
"SMCX","DEFIANCE DLY TRG 2X LNG SMCI","SMCX","DEFIANCE DAILY TARGET 2X LONG SMCI ETF","NASDAQ"
"SMCY","YM SMCI OPT INCOME STRAT ETF","SMCY","YIELDMAX SMCI OPTION INCOME STRATEGY ETF","NYSE"
"SMCZ","DEFIANCE DT 2X SHRT SMCI ETF","SMCZ","DEFIANCE DAILY TARGET 2X SHORT SMCI ETF","NASDAQ"
"SMDD","PROSHARES ULTPRO SHRT MC400","SMDD","PROSHARES ULTRAPRO SHORT MIDCA","NYSE"
"SMDV","PROSHRS RSL 2000 DVD GRW ETF","SMDV","PROSHARES RUSSELL 2000 DIVIDEND GROWERS","BATS"
"SMDX","INTECH S&P SMALL-MC DA ETF","SMDX","INTECH S&P SMALL-MID CAP DIVERSIFIED ALPHA ETF","NYSE"
"SMFG","SUMITOMO MITSUI-SPONS ADR","SMFG","SUMITOMO MITSUI FINANCIAL","NYSE"
"SMG","SCOTTS MIRACLE-GRO CO","SMG","SCOTTS MIRACLE GRO","NYSE"
"SMH","VANECK SEMICONDUCTOR ETF","SMH","VANECK SEMICONDUCTOR ETF","NASDAQ"
"SMHB","ETRACS MON PAY 2X LEV US -B","SMHB","ETRACS 2X MONTHLY PAY LEVERAGED US SMALL CAP HIGH","NYSE"
"SMHI","SEACOR MARINE HOLDINGS INC","SMHI","SEACORE MARINE HOLDINGS INC","NYSE"
"SMHX","VANECK FABLES SMICNDCTR ETF","SMHX","VANECK FABLESS SEMICONDUCTOR ETF","NASDAQ"
"SMID","SMITH-MIDLAND CORP","SMID","SMITH-MIDLAND CORP","NASDAQ"
"SMIG","BAHL & GAYNOR S-M INC GROWTH","SMIG","BAHL & GAYNOR SMALL/MID CAP INCOME GROWTH ETF","NYSE"
"SMIN","ISHARES MSCI INDIA SMALL-CAP","SMIN","ISHARES MSCI INDIA SMALL CAP","BATS"
"SMIZ","ZACKS SMALL-MID CAP ETF","SMIZ","ZACKS SMALL/MID CAP ETF","NYSE"
"SMJF","SMJ INTERNATIONAL HOLDI-CL A","SMJF","SMJ INTERNATIONAL HOLDINGS INC","NYSE_AMERICAN"
"SMLF","ISHARES US SMALLCAP EQUITY F","SMLF","ISHARES MSCI USA SMALL-CAP MULTIFACTOR ETF","NYSE"
"SMLL","HARBOR ACTIVE SMALL CAP ETF","SMLL","HARBOR ACTIVE SMALL CAP ETF","NYSE"
"SMLV","SS SPDR US SC LOW VOL IDX","SMLV","STATE ST SPDR US SMALL CAP LOW VOLATILITY","NYSE"
"SMMD","ISHARES RUSSELL 2500 ETF","SMMD","ISHARES TRUST RUSSELL 2500 ETF","BATS"
"SMMT","SUMMIT THERAPEUTICS INC","SMMT","SUMMIT THERAPEUTICS PLC AMERIC","NASDAQ"
"SMMU","PIMCO SHRT TRM MUNI BND ETF","SMMU","PIMCO SHORT TERM MUNICIPAL BON","NYSE"
"SMMV","ISHARES MSCI USA SMALL-CAP M","SMMV","ISHARES MSCI USA SMALL-CAP MIN VOL FACTOR ETF","BATS"
"SMN","PROSHARES ULTRASHORT MATERIA","SMN","PROSHARES ULTRASHORT MATERIALS TRADING","NYSE"
"SMOG","VANECK LOW CARBON ENERGY ETF","SMOG","VANECK VECTORS LOW CARBON ENERGY ETF","NYSE"
"SMOM","SYMMETRY PANORAMIC SCTR MMNT","SMOM","SYMMETRY PANORAMIC SECTOR MOMENTUM ETF","NASDAQ"
"SMOT","VANECK MORNINGSTAR SMID MOAT","SMOT","VANECK ETF TRUST VANECK MORNINGSTAR SMID MOAT ETF","BATS"
"SMOX","HORIZON S-M CP CORE EQTY ETF","SMOX","HORIZON SMALL/MID CAP CORE EQUITY ETF","NYSE"
"SMP","STANDARD MOTOR PRODS","SMP","STANDARD MOTOR PRODUCTS","NYSE"
"SMPL","SIMPLY GOOD FOODS CO-THE","SMPL","THE SIMPLY GOOD FOODS COMPANY","NASDAQ"
"SMR","NUSCALE POWER CORP","SMR","NUSCALE POWER CORPORATION","NYSE"
"SMRF","ALPS NAUTILUS SMR NUCL & TEC","SMRF","ALPS NAUTILUS SMR NUCLEAR & TECHNOLOGY","NYSE"
"SMRI","BUSHIDO CAP US EQUITY ETF","SMRI","BUSHIDO CAPITAL US EQUITY ETF","NASDAQ"
"SMRT","SMARTRENT INC","SMRT","SMARTRENT INC","NYSE"
"SMSI","SMITH MICRO SOFTWARE INC","SMSI","SMITH MICRO SOFTWARE","NASDAQ"
"SMST","DEFIANCE DLY TRG 2X SHR MSTR","SMST","TIDAL TRUST II DEFIANCE DAILY TARGET 2X SHORT MSTR","NASDAQ"
"SMTC","SEMTECH CORP","SMTC","SEMTECH","NASDAQ"
"SMTH","ALPS SMTH COR BD PLUS ETF","SMTH","SMITH CORE PLUS BOND ETF","NYSE"
"SMTI","SANARA MEDTECH INC","SMTI","SANARA MEDTECH INC. COMMON STOCK","NASDAQ"
"SMTK","SMARTKEM INC","SMTK","SMARTKEM, INC.","NASDAQ"
"SMU","TRADR 2X LONG SMR DAILY ETF","SMU","TRADR 2X LONG ASTS DAILY ETF SMR DAILY ETF","BATS"
"SMUP","T-REX 2XL SMR DT ETF","SMUP","ETF OPPTY TRUST T-REX 2X LONG SMR DAILY TARGET ETF","BATS"
"SMWB","SIMILARWEB LTD","SMWB","SIMILARWEB LTD","NYSE"
"SMX","SMX SECURITY MATTERS PLC","SMX","SMX (SECURITY MATTERS) PUBLIC LIMITED COMPANY","NASDAQ"
"SMXT","SOLARMAX TECHNOLOGY INC","SMXT","SOLARMAX TECHNOLOGY INC.","NASDAQ"
"SMYY","GRANITE YIELDBOOST SMCI ETF","SMYY","GRANITESHARES YIELDBOOST SMCI ETF","NASDAQ"
"SN","SHARKNINJA INC","SN","SHARKNINJA INC","NYSE"
"SNA","SNAP-ON INC","SNA","SNAP-ON","NYSE"
"SNAG","LEVERAGE SHARES 2X SNAP","SNAG","LEVERAGE SHARES 2X LONG SNAP DAILY ETF","NASDAQ"
"SNAP","SNAP INC - A","SNAP","SNAP INC","NYSE"
"SNAV","MOHR SECTOR NAV ETF","SNAV","LLABORATIVE INVESTMENT SERIES TRUST MOHR SCTR NAV","BATS"
"SNBR","SLEEP NUMBER CORP","SNBR","SLEEP NUMBER CORP","NASDAQ"
"SNCY","SUN COUNTRY AIRLINES HOLDING","SNCY","SUN COUNTRY AIRLINES HOLDINGS, INC.","NASDAQ"
"SND","SMART SAND INC","SND","SMART SAND, INC. COMMON STOCK","NASDAQ"
"SNDA","SONIDA SENIOR LIVING INC","SNDA","SONIDA SENIOR LIVING INC","NYSE"
"SNDK","SANDISK CORP","SNDK","SANDISK CORPORATION","NASDAQ"
"SNDL","SNDL INC","SNDL","SUNDIAL GROWERS INC. COMMON SHARES","NASDAQ"
"SNDR","SCHNEIDER NATIONAL INC-CL B","SNDR","SCHNEIDER NATIONAL INC","NYSE"
"SNDU","T-REX 2X LG SNDK DT ETF","SNDU","","BATS"
"SNDX","SYNDAX PHARMACEUTICALS INC","SNDX","SYNDAX PHARMACEUTICALS, INC.","NASDAQ"
"SNES","SENESTECH INC","SNES","SENESTECH, INC. COMMON STOCK","NASDAQ"
"SNEX","STONEX GROUP INC","SNEX","STONEX GROUP INC","NASDAQ"
"SNFCA","SECURITY NATL FINL CORP-CL A","SNFCA","SECURITY NATL FINANCIAL","NASDAQ"
"SNGX","SOLIGENIX INC","SNGX","SOLIGENIX, INC. COMMON STOCK","NASDAQ"
"SNN","SMITH & NEPHEW PLC -SPON ADR","SNN","SMITH & NEPHEW","NYSE"
"SNOA","SONOMA PHARMACEUTICALS INC","SNOA","SONOMA PHARMACEUTICALS, INC.","NASDAQ"
"SNOU","T-REX 2X LONG SNOW DT ETF","SNOU","T-REX 2X LONG GME DAILY TARGET SNOW DAILY TARGET","BATS"
"SNOV","FT VEST US SMALL CAP MODERAT","SNOV","FT CBOE VEST US SMALL CAP MODERATE BUFFER NOV","BATS"
"SNOW","SNOWFLAKE INC","SNOW","SNOWFLAKE INC","NYSE"
"SNOY","YILDMAX SNOW OPT INCM ST ETF","SNOY","YIELDMAX SNOW OPTION INCOME STRATEGY ETF","NYSE"
"SNPD","XTRACKERS S&P DIVIDEND ARIST","SNPD","DBX TRUST XTRACKERS S&P ESG DIV ARISTOCRATS","BATS"
"SNPE","XTRCKR S&P 500 SCOR&SCRN ETF","SNPE","XTRACKERS S&P 500 ESG ETF","NYSE"
"SNPG","XTRACKERS S&P 500 GROWTH SCO","SNPG","DBX ETF TRUST XTRACKERS S&P 500 GROWTH ESG ETF","BATS"
"SNPS","SYNOPSYS INC","SNPS","SYNOPSYS","NASDAQ"
"SNPX","TRADR 2X LONG SNPS DAILY ETF","SNPX","TRADR 2X LONG SNPS DAILY ETF","BATS"
"SNSE","SENSEI BIOTHERAPEUTICS INC","SNSE","SENSEI BIOTHERAPEUTICS, INC.","NASDAQ"
"SNSR","GLOBAL X INTERNET OF THINGS","SNSR","GLOBAL X INTERNET OF THINGS ETF","NASDAQ"
"SNT","SENSTAR TECHNOLOGIES CORP","SNT","SENSTAR TECHNOLOGIES LTD.","NASDAQ"
"SNTG","SENTAGE HOLDINGS INC","SNTG","SENTAGE HOLDINGS INC. ORDINARY SHARES","NASDAQ"
"SNTH","MRP SYNTHEQUITY ETF","SNTH","MRP SYNTHEQUITY ETF","NYSE"
"SNTI","SENTI BIOSCIENCES INC","SNTI","SENTI BIOSCIENCES, INC. COMMON STOCK","NASDAQ"
"SNWV","SANUWAVE HEALTH INC","SNWV","SANUWAVE HEALTH, INC.","NASDAQ"
"SNX","TD SYNNEX CORP","SNX","TD SYNNEX CORP","NYSE"
"SNXX","TRADR 2X LONG SNDK DAILY ETF","SNXX","TRADR 2X LONG SNDK DAILY ETF","BATS"
"SNY","SANOFI-ADR","SNY","SANOFI ADS","NASDAQ"
"SO","SOUTHERN CO-THE","SO","SOUTHERN","NYSE"
"SOAR","VOLATO GROUP INC","SOAR","VOLATO GROUP INC","NYSE_AMERICAN"
"SOBO","SOUTH BOW CORP","SOBO","SOUTH BOW CORP","NYSE"
"SOBR","SOBR SAFE INC","SOBR","SOBR SAFE, INC. COMMON STOCK","NASDAQ"
"SOC","SABLE OFFSHORE CORP","SOC","SABLE OFFSHORE CORP","NYSE"
"SOCA","SOLARIUS CAPITAL ACQUIS-CL A","SOCA","SOLARIUS CAPITAL ACQUISITION CORP. CLASS A","NASDAQ"
"SOCAU","SOLARIUS CAPITAL ACQUISITION","SOCAU","SOLARIUS CAPITAL ACQUISITION CORP. UNT","NASDAQ"
"SOCL","GLOBAL X SOCIAL MEDIA ETF","SOCL","GLOBAL X SOCIAL MEDIA INDEX ET","NASDAQ"
"SOEZ","FRANKLIN SOLANA ETF","SOEZ","FRANKLIN SOLANA ETF","NYSE"
"SOFI","SOFI TECHNOLOGIES INC","SOFI","SOFI TECHNOLOGIES INC","NASDAQ"
"SOFR","AMPLIFY SAMSUNG SOFR ETF","SOFR","AMPLIFY SAMSUNG SOFR ETF","NYSE"
"SOFX","DEFIANCE DLY TRG 2X LNG SOFI","SOFX","DEFIANCE DAILY TARGET 2X LONG SOFI ETF","NASDAQ"
"SOGP","SOUND GROUP INC","SOGP","LIZHI INC. ADS","NASDAQ"
"SOHOB","SOTHERLY HOTELS INC","SOHOB","SOTHERLY HOTELS INC. 8.0% SERIES B PF","NASDAQ"
"SOHON","SOTHERLY HOTELS INC","SOHON","SOTHERLY HOTELS INC 8.25% SER D","NASDAQ"
"SOHOO","SOTHERLY HOTELS INC","SOHOO","SOTHERLY HOTELS INC. 7.875% SERIES C PF","NASDAQ"
"SOHU","SOHU.COM LTD-ADR","SOHU","SOHU.COM","NASDAQ"
"SOJC","SO 5 1-4 12-01-77 PFD","SOJC","SOUTHERN COMPANY SERIES 2017B 5.25% JRSBNT 12/1/77","NYSE"
"SOJD","SOUTHERN CO","SOJD","SOUTHERN CO SERIES 2020A NTS","NYSE"
"SOJE","SOUTHERN CO","SOJE","SOUTHERN COMPANY 4.2% NTS","NYSE"
"SOJF","SOUTHERN CO","SOJF","SOUTHERN CO SERIES 2025A 6.5% NTS","NYSE"
"SOLC","CANARY MARINADE SOLANA ETF","SOLC","CANARY MARINADE SOLANA ETF","NASDAQ"
"SOLM","AMPLIFY SOLANA 3% MNTH OPTN","SOLM","AMPLIFY SOLANA 3% MONTHLY OPTION INCOME ETF","BATS"
"SOLS","SOLSTICE ADV MATERIALS INC","SOLS","SOLSTICE ADVANCED MATERIALS INC.","NASDAQ"
"SOLT","2X SOLANA ETF","SOLT","2X SOLANA ETF","NASDAQ"
"SOLV","SOLVENTUM CORP","SOLV","SOLVENTUM CORP","NYSE"
"SOLZ","SOLANA ETF","SOLZ","SOLANA ETF","NASDAQ"
"SOMN","SOUTHERN CO CORP UNIT","SOMN","SOUTHERN CO 2025 CORPORATE UTS","NYSE"
"SON","SONOCO PRODUCTS CO","SON","SONOCO PRODUCTS","NYSE"
"SONM","DNA X INC","SONM","DNA X, INC.","NASDAQ"
"SONO","SONOS INC","SONO","SONOS, INC. COMMON STOCK","NASDAQ"
"SONY","SONY GROUP CORP - SP ADR","SONY","SONY CORPORATION","NYSE"
"SOPA","SOCIETY PASS INC","SOPA","SOCIETY PASS INCORPORATED COMMON STOCK","NASDAQ"
"SOPH","SOPHIA GENETICS SA","SOPH","SOPHIA GENETICS SA ORDINARY SHARES","NASDAQ"
"SOR","SOURCE CAPITAL","SOR","SOURCE CAPITAL INC COMMON","NYSE"
"SORA","ASIASTRATEGY","SORA","ASIASTRATEGY","NASDAQ"
"SORN","SOREN ACQUISITION CORP-CL A","SORN","SOREN ACQUISITION CORP. CLASS A","NASDAQ"
"SORNU","SOREN ACQUISITION CORP","SORNU","SOREN ACQUISITION CORP. UNT","NASDAQ"
"SOS","SOS LTD-A","SOS","SOS LTD","NYSE"
"SOTK","SONO-TEK CORP","SOTK","SONO-TEK CORPORATION COMMON STOCK","NASDAQ"
"SOUL","SOULPOWER ACQUISITION CO-A","SOUL","SOULPOWER ACQUISITION CORP","NYSE"
"SOUN","SOUNDHOUND AI INC-A","SOUN","SOUNDHOUND AI, INC CLASS A COMMON STOCK","NASDAQ"
"SOUX","DEFIANCE DT 2XL SOUN ETF","SOUX","DEFIANCE DAILY TARGET 2X LONG SOUN ETF","NASDAQ"
"SOVF","SOVEREIGN'S CAPITAL FLOURISH","SOVF","SOVEREIGN'S CAPITAL FLOURISH FUND","NYSE"
"SOWG","SOW GOOD INC","SOWG","SOW GOOD INC.","NASDAQ"
"SOXL","DIREX DAIL SEMI BU 3X ET-USD","SOXL","DIREXION DAILY SEMICONDUCTOR BULL 3X ETF","NYSE"
"SOXQ","INVESCO PHLX SEMICONDUCTOR","SOXQ","INVESCO PHLX SEMICONDUCTOR ETF","NASDAQ"
"SOXS","DIREX DAI SEMI BE 3X ETF-USD","SOXS","DIREXION DAILY SEMICONDUCTOR BEAR 3X ETF","NYSE"
"SOXX","ISHARES SEMICONDUCTOR ETF","SOXX","ISHARES SEMICONDUCTOR ETF","NASDAQ"
"SOXY","YIELDMAX TARGET 12 SC OI ETF","SOXY","YIELDMAX TARGET 12 SEMICONDUCTOR OPTION INCOME ETF","NYSE"
"SOYB","TEUCRIUM SOYBEAN FUND","SOYB","TEUCRIUM SOYBEAN","NYSE"
"SPAB","SS SPDR P AGG BOND ETF","SPAB","STATE ST SPDR PORTFOLIO AGGREGATE BOND FUND","NYSE"
"SPAI","SAFE PRO GROUP INC","SPAI","SAFE PRO GROUP INC.","NASDAQ"
"SPAM","THEMES CYBERSECURITY ETF","SPAM","THEMES CYBERSECURITY ETF","NASDAQ"
"SPB","SPECTRUM BRANDS HOLDINGS INC","SPB","SPECTRUM BRANDS HOLDINGS","NYSE"
"SPBC","SIMPLIFY US EQTY PL BITCOIN","SPBC","SIMPLIFY US EQUITY PLUS BITCOIN STRATEGY ETF","NASDAQ"
"SPBO","SS SPDR P CORP BOND ETF","SPBO","STATE ST SPDR PORTFOLIO CORPORATE BOND ETF","NYSE"
"SPBU","ALLIZIM BUF15 UNCPD ALOC ETF","SPBU","ALLIANZIM BUFFER15 UNCAPPED ALLOCATION ETF","BATS"
"SPBW","ALLIANZIM BUFFER20 ALLOC","SPBW","ALLIANZIM BUFFER20 ALLOCATION ETF","BATS"
"SPCB","SUPERCOM LTD","SPCB","SUPERCOM, LTD. ORDINARY SHARES","NASDAQ"
"SPCE","VIRGIN GALACTIC HOLDINGS INC","SPCE","VIRGIN GALACTIC HOLDINGS INC","NYSE"
"SPCI","TUTTLE CPTL SPC INDST IB ETF","SPCI","","BATS"
"SPCT","LIBERTY ONE SPECTRUM ETF","SPCT","LIBERTY ONE SPECTRUM ETF","NASDAQ"
"SPCZ","RIVERNORTH ENH PRE-MERG SPAC","SPCZ","RIVERNORTH ENHANCED PRE-MERGER SPAC ETF","BATS"
"SPD","SIMPLIFY US EQTY PLUS DOWN","SPD","SIMPLIFY US EQUITY PLUS DOWNSIDE CONVEXITY ETF","NYSE"
"SPDG","SS SPDR P S&P SEC N D ETF","SPDG","STATE ST SPDR PORTFOLIO S&P SECTOR NEUTRAL DIV","NYSE"
"SPDN","DIR DLY SP 500 BR 1X ETF-USI","SPDN","DIREXION DAILY S&P 500 BEAR 1X ETF","NYSE"
"SPDV","AAM S&P 500 HIGH DIV VAL ETF","SPDV","AAM S&P 500 HIGH DIVIDEND VALUE ETF","NYSE"
"SPDW","STE STR SPDR PT DW EU ETF","SPDW","STATE ST SPDR PORTFOLIO DEVELOPED WORLD EX-US","NYSE"
"SPE","SPECIAL OPPORTUNITIES FUND","SPE","SPECIAL OPPORTUNITIES FUND COM","NYSE"
"SPEG","SILVER PEGASUS ACQUISITION-A","SPEG","SILVER PEGASUS ACQUISITION CORP CLASS A","NASDAQ"
"SPEGU","SILVER PEGASUS ACQUISITION C","SPEGU","SILVER PEGASUS ACQUISITION CORP UNT","NASDAQ"
"SPEM","STATE STREET SP PTF EM ETF","SPEM","STATE ST SPDR PORTFOLIO EMERGING MARKETS","NYSE"
"SPEU","STATE STREET SPDR PORTFOLIO","SPEU","STATE ST SPDR PORTFOLIO EUROPE ETF","NYSE"
"SPFF","GLOBAL X SUPERINCOME PREFER","SPFF","GLOBAL X SUPERINCOME PREFERRED","NYSE"
"SPFI","SOUTH PLAINS FINANCIAL INC","SPFI","SOUTH PLAINS FINANCIAL, INC.","NASDAQ"
"SPG","SIMON PROPERTY GROUP INC","SPG","SIMON PROPERTY GROUP","NYSE"
"SPGI","S&P GLOBAL INC","SPGI","S & P GLOBAL INC","NYSE"
"SPGM","STATE STREET SPDR PORTFOLIO","SPGM","STATE ST SPDR PORTFOLIO MSCI GLOBAL STOCK","NYSE"
"SPGP","INVESCO S&P 500 GARP ETF","SPGP","INVESCO S&P GARP ETF","NYSE"
"SPH","SUBURBAN PROPANE PARTNERS LP","SPH","SUBURBAN PROPANE PARTNERS","NYSE"
"SPHB","INVESCO S&P 500 HIGH BETA ET","SPHB","INVESCO S&P 500 HIGH BETA","NYSE"
"SPHD","INVESCO S&P 500 HIGH DIVIDEN","SPHD","INVESCO S&P HIGH DIV LOW VTLY","NYSE"
"SPHL","SPRINGVIEW HOLDINGS LTD-CL A","SPHL","SPRINGVIEW HOLDINGS LTD CLASS A","NASDAQ"
"SPHQ","INVESCO S&P 500 QUALITY ETF","SPHQ","INVESCO S&P 500 QUALITY","NYSE"
"SPHR","SPHERE ENTERTAINMENT CO","SPHR","SPHERE ENTERTAINMENT","NYSE"
"SPHY","SS SPDR P HIGH YIELD ETF","SPHY","STATE ST SPDR PORTFOLIO HIGH YIELD BOND ETF","NYSE"
"SPIB","SS SPDR P INT C CORP ETF","SPIB","STATE ST SPDR PORTFOLIO INT TERM CORP BOND ETF","NYSE"
"SPIN","SS US EQUITY PREM INC ETF","SPIN","SPDR SSGA US EQUITY PREMIUM INCOME ETF","BATS"
"SPIP","SS SPDR P TIPS ETF","SPIP","STATE ST SPDR PORTFOLIO TIPS ETF","NYSE"
"SPIR","SPIRE GLOBAL INC","SPIR","SPIRE GLOBAL INC","NYSE"
"SPIT","F-M EMERALD SPEC SIT ETF","SPIT","F/M EMERALD SPECIAL SITUATIONS ETF","NASDAQ"
"SPKL","SPARK I ACQUISITION CORP","SPKL","SPARK I ACQUISITION CORP. CLASS A","NASDAQ"
"SPKLU","SPARK I ACQUISITION CORP","SPKLU","SPARK I ACQUISITION CORP. UNT","NASDAQ"
"SPLB","SS SPDR P LONG TERM C ETF","SPLB","STATE ST SPDR PORTFOLIO LONG TERM CORP BOND ETF","NYSE"
"SPLS","PIMCO US STCK ACTV BOND ETF","SPLS","PIMCO US STOCKS PLUS ACTIVE BOND ETF","BATS"
"SPLV","INVESCO S&P 500 LOW VOLATILI","SPLV","INVESCO S&P 500 LOW VOLATI","NYSE"
"SPMA","SOUND PT MERIDIAN CAP INC PFD SHS W","SPMA","SOUND POINT MERIDIAN CAPITAL INC SER A 8% NTS","NYSE"
"SPMC","SOUND POINT MERIDIAN CAPITAL","SPMC","SOUND POINT MERIDIAN CAPITAL INC","NYSE"
"SPMD","SS SPDR P S&P 400 MIDCAP ETF","SPMD","STATE ST SPDR PORTFOLIO S&P 400 MID CAP ETF","NYSE"
"SPME","SOUND POINT MERIDIAN CAPITAL INC","SPME","SOUND POINT MERIDIAN CAPITAL INC 7.875% SER B PFD","NYSE"
"SPMO","INVESCO S&P 500 MOMENTUM ETF","SPMO","INVESCO SP500 MOMENTUM PORTFOLIO","NYSE"
"SPNT","SIRIUSPOINT LTD","SPNT","SIRIUSPOINT LTD","NYSE"
"SPOG","LEVERAGE SHARES 2X SPOT","SPOG","LEVERAGE SHARES 2X LONG SPOT DAILY ETF","NASDAQ"
"SPOK","SPOK HOLDINGS INC","SPOK","SPOK HOLDINGS, INC. COMMON STO","NASDAQ"
"SPOT","SPOTIFY TECHNOLOGY SA","SPOT","SPOTIFY TECHNOLOGY SA","NYSE"
"SPPL","SIMPPLE LTD","SPPL","SIMPPLE LTD.","NASDAQ"
"SPPP","SPROTT PHYSICAL PLATINUM AND","SPPP","SPROTT PHYSICAL PLATINUM AND P","NYSE"
"SPRB","SPRUCE BIOSCIENCES INC","SPRB","SPRUCE BIOSCIENCES, INC.","NASDAQ"
"SPRC","SCISPARC LTD","SPRC","SCISPARC LTD. ORDINARY SHARES","NASDAQ"
"SPRE","SP-F S&P GLOBAL REIT SHARIA","SPRE","SP FUNDS S&P GLOBAL REIT SHARIA ETF","NYSE"
"SPRO","SPERO THERAPEUTICS INC","SPRO","SPERO THERAPEUTICS, INC. COMMON STOCK","NASDAQ"
"SPRU","SPRUCE POWER HOLDING CORP","SPRU","SPRUCE POWER HC CLASS A","NYSE"
"SPRX","SPEAR ALPHA ETF","SPRX","SPEAR ALPHA ETF","NASDAQ"
"SPRY","ARS PHARMACEUTICALS INC","SPRY","ARS PHARMACEUTICALS, INC.","NASDAQ"
"SPSB","SS SPDR P ST C CORP ETF","SPSB","STATE ST SPDR PORTFOLIO SHORT TERM CORP BOND","NYSE"
"SPSC","SPS COMMERCE INC","SPSC","SPS COMMERCE","NASDAQ"
"SPSK","SP FUNDS DOW JONES GLOBAL SU","SPSK","SP FUNDS DOW JONES GLOBAL SUKUK ETF","NYSE"
"SPSM","SS SPDR P S&P 600 SMALL CAP","SPSM","STATE ST SPDR PORTFOLIO S&P 600 SMALL CAP","NYSE"
"SPT","SPROUT SOCIAL INC - CLASS A","SPT","SPROUT SOCIAL, INC CLASS A COMMON STOCK","NASDAQ"
"SPTE","SP FUNDS S&P GLOBAL TECH ETF","SPTE","SP FUNDS S&P GLOBAL TECHNOLOGY ETF","NYSE"
"SPTI","SS SPDR P INT TERM TSY ETF","SPTI","STATE ST SPDR PORTFOLIO INT TERM TREASURY","NYSE"
"SPTL","SS SPDR PF LNG TRM TSY E-USD","SPTL","STATE ST SPDR PORTFOLIO LONG TERM TREASURY","NYSE"
"SPTM","SS SPDR P S&P 1500 COMP ETF","SPTM","STATE ST SPDR PORTFOLIO S&P 1500 COMPOSITE","NYSE"
"SPTS","SS SPDR P ST TERM TSY ETF","SPTS","STATE ST SPDR PORTFOLIO SHORT TERM TREASURY","NYSE"
"SPUC","SIMPLIFY US EQTY PLUS UP","SPUC","SIMPLIFY US EQUITY PLUS UPSIDE CONVEXITY ETF","NYSE"
"SPUS","SP FUNDS S&P SHARIA INDU EXC","SPUS","SP FUNDS S&P 500 SHARIA INDUSTRY EXCLUSIONS ETF","NYSE"
"SPUT","INNO EP INC DLY PUTWRITE ETF","SPUT","INNOVATOR EQUITY PREMIUM INCOME DAILY PUTWRITE ETF","NYSE"
"SPUU","DIR DAI S&P 500 BU 2X ETF-US","SPUU","DIREXION DAILY S&P 500 BULL 2X ETF","NYSE"
"SPVM","INVESCO S&P 500 VALUE WITH M","SPVM","INVESCO S&P 500 VALUE WITH MOMENTUM ETF","NYSE"
"SPWH","SPORTSMAN'S WAREHOUSE HOLDIN","SPWH","SPORTSMANS WAREHOUSE HOLDINGS,","NASDAQ"
"SPWO","SP FUNDS S&P WORLD EX-US ETF","SPWO","SP FUNDS S&P WORLD (EX-US) ETF","NYSE"
"SPWR","SUNPOWER INC","SPWR","SUNPOWER INC.","NASDAQ"
"SPXC","SPX TECHNOLOGIES INC","SPXC","SPX CORP","NYSE"
"SPXD","XTRCKR S&P 500 DI SCTR W ETF","SPXD","XTRACKERS S&P 500 DIVERSIFIED SECTOR WEIGHT ETF","NASDAQ"
"SPXE","PROSHARES S&P 500 EX-ENERGY","SPXE","PROSHARES S&P EX-ENERGY ETF","NYSE"
"SPXL","DIREXION DAILY S&P 500 BULL","SPXL","DIREXION DAILY S&P 500 BULL 3X ETF","NYSE"
"SPXN","PROSHARES S&P 500 EX-FINANCI","SPXN","PROSHARES S&P EX-FINANCIALS ETF","NYSE"
"SPXS","DIREX DAI SEMI BE 3X ETF-USD","SPXS","DIREXION DAILY S&P 500 BEAR 3X ETF","NYSE"
"SPXT","PROSHARES S&P 500 EX-TECHNOL","SPXT","PROSHARES S&P EX-TECHNOLOGY ETF","NYSE"
"SPXU","PROSH ULTRAPRO SHORT S&P 500","SPXU","PROSHARES ULTRAPRO SHORT S&P50","NYSE"
"SPXV","PROSHARES TRUST-S&P 500 EX-H","SPXV","PROSHARES S&P EX-HEALTHCARE ETF","NYSE"
"SPXX","NUVEEN S&P500 DYNAM OVERWR","SPXX","NUVEEN S&P 500 DYNAMIC OVERWRI","NYSE"
"SPY","SS SPDR S&P 500 ETF TRUST-US","SPY","SPDR S&P 500","NYSE"
"SPYA","TWIN OAK ENDURE ETF","SPYA","THE RBB FUND TRUST TWIN OAK ENDURE ETF","BATS"
"SPYC","SIMPLIFY US EQTY PLUS CONVEX","SPYC","SIMPLIFY US EQUITY PLUS CONVEXITY ETF","NYSE"
"SPYD","SS SPDR P S&P 500 HI DIV ETF","SPYD","STATE ST SPDR PORTFOLIO S&P 500 HIGH DIVIDEND","NYSE"
"SPYG","SS SPDR P S&P 500 GROWTH ETF","SPYG","STATE ST SPDR PORTFOLIO S&P 500 GROWTH ETF","NYSE"
"SPYH","NEOS S&P 500 HDG EQ INC ETF","SPYH","NEOS NEOS S&P 500 HEDGED EQUITY INCOME","BATS"
"SPYI","NEOS S&P 500 HIGH INCOME ETF","SPYI","NEOS S&P 500 HIGH INCOME ETF","BATS"
"SPYM","STE STR SPDR PT S&P 500 ETF","SPYM","STATE ST SPDR PORTFOLIO S&P 500","NYSE"
"SPYQ","TRADR 2X LONG SPY QUARTR ETF","SPYQ","TRADR 2X LONG SPY QUARTERLY ETF","NASDAQ"
"SPYT","DEFIANCE S&P 500 TAR INC ETF","SPYT","DEFIANCE S&P 500 TARGET INCOME ETF","NYSE"
"SPYU","MAX S&P 500 4X LEVERAGED ETN","SPYU","MAX S&P 500 4X LEVERAGED ETNS 10/30/43","NYSE"
"SPYV","SS SPDR P S&P 500 VALUE ETF","SPYV","STATE ST SPDR PORTFOLIO S&P 500 VALUE ETF","NYSE"
"SPYX","SS SPDR S&P 500 FOSS FL ETF","SPYX","STATE ST SPDR S&P 500 FOSSIL FUEL RESERVES FREE","NYSE"
"SQFTP","PRESIDIO PROPERTY TRUST, INC. PREFERRED","SQFTP","PRESIDIO PROPERTY TRUST, INC. 9.375% SERIES D PF","NASDAQ"
"SQLV","ROYCE QUANT SMALL-CAP QUALIT","SQLV","ROYCE QUANT SMALL-CAP QUALITY VALUE ETF","NASDAQ"
"SQM","QUIMICA Y MINERA CHIL-SP ADR","SQM","SOCIEDAD QUIMICA Y MINERA","NYSE"
"SQMX","FT VEST US QUAR MAX BUFF ETF","SQMX","FIRST TR VIII VEST US EQUITY QUARTERLY MAX BUFFER","BATS"
"SQNS","SEQUANS COMMUNICATIONS-ADR","SQNS","SEQUANS COMMUNICATIONS","NYSE"
"SQQQ","PROSHARES ULTRAPRO SHORT QQQ","SQQQ","PROSHARES ULTRAPRO SHORT QQQ","NASDAQ"
"SQS","SAPIENT QUALITY SELECT ETF","SQS","SAPIENT QUALITY SELECT ETF","NASDAQ"
"SR","SPIRE INC","SR","SPIRE INC","NYSE"
"SRAD","SPORTRADAR GROUP AG-A","SRAD","SPORTRADAR GROUP AG","NASDAQ"
"SRBK","SR BANCORP INC","SRBK","SR BANCORP, INC.","NASDAQ"
"SRCE","1ST SOURCE CORP","SRCE","1ST SOURCE","NASDAQ"
"SRE","SEMPRA","SRE","SEMPRA","NYSE"
"SREA","SEMPRA ENERGY PREFERRED","SREA","SEMPRA 5.75% NOTES","NYSE"
"SRET","GLOBAL X SUPERDIVIDEND REIT","SRET","GLOBAL X SUPERDIVIDEND REIT ET","NASDAQ"
"SRFM","SURF AIR MOBILITY INC","SRFM","SURF AIR MOBILITY INC","NYSE"
"SRG","SERITAGE GROWTH PROP- A","SRG","SERITAGE GROWTH PROPERTIES CL A","NYSE"
"SRHQ","SRH US QUALITY GARP ETF","SRHQ","SRH US QUALITY GARP ETF","NYSE"
"SRI","STONERIDGE INC","SRI","STONERIDGE","NYSE"
"SRJN","SPIRE INC","SRJN","SPIRE INC 6.375% JUNIOR SB NT DUE 2086","NYSE"
"SRL","SCULLY ROYALTY LTD","SRL","SCULLY ROYALTY LTD","NYSE"
"SRLN","SS BLACKSTONE SR LOAN ETF","SRLN","STATE STREET BLACKSTONE SENIOR LOAN ETF","NYSE"
"SROI","CALMS ANTKO GLB SUST EQY ETF","SROI","CALAMOS ANTETOKOUNMPO GLOBAL SUSTAINABLE ETF","NYSE"
"SRPT","SAREPTA THERAPEUTICS INC","SRPT","SAREPTA THERAPEUTICS, INC. COM","NASDAQ"
"SRPU","TRADR 2X LONG SRPT DAILY ETF","SRPU","TRADR 2X LONG SRPT DAILY ETF","BATS"
"SRRK","SCHOLAR ROCK HOLDING CORP","SRRK","SCHOLAR ROCK HC","NASDAQ"
"SRS","PROSHARES ULTRASHORT RE","SRS","PROSHARES ULTRASHORT REAL ESTA","NYSE"
"SRTA","STRATA CRITICAL MEDICAL INC","SRTA","STRATA CRITICAL MEDICAL, INC. CLASS A","NASDAQ"
"SRTS","SENSUS HEALTHCARE INC","SRTS","SENSUS HEALTHCARE, INC. COMMON STOCK","NASDAQ"
"SRTY","PROSHARES ULTRAPRO SHRT R2K","SRTY","PROSHARES ULTRAPRO SHORT RUSSELL","NYSE"
"SRV","NXG CUSHING MIDSTREAM ENERGY","SRV","NXG CUSHING MIDSTREAM ENERGY FUND","NYSE"
"SRVR","PACER DATA & INFRASTRUCTURE","SRVR","PACER DATA & INFRASTRUCTURE REAL ESTATE ETF","NYSE"
"SRXH","SRX HEALTH SOLUTIONS INC","SRXH","SRX HEALTH SOLUTIONS INC","NYSE_AMERICAN"
"SRZN","SURROZEN INC","SRZN","SURROZEN, INC. COMMON STOCK","NASDAQ"
"SSAC","SPACSPHERE ACQUISITION-CL A","SSAC","SPACSPHERE ACQUISITION CORP. CLASS A","NASDAQ"
"SSACU","SPACSPHERE ACQUISITION CORP","SSACU","SPACSPHERE ACQUISITION CORP. UNT","NASDAQ"
"SSB","SOUTHSTATE BANK CORP","SSB","SOUTHSTATE BANK CORP","NYSE"
"SSBI","SUMMIT STATE BANK","SSBI","SUMMIT STATE BANK","NASDAQ"
"SSD","SIMPSON MANUFACTURING CO INC","SSD","SIMPSON MANUFACTURING","NYSE"
"SSEA","STARRY SEA ACQUISITION CORP","SSEA","STARRY SEA ACQUISITION CORP CS","NASDAQ"
"SSEAU","STARRY SEA ACQUISITION CORP","SSEAU","STARRY SEA ACQUISITION CORP UNT","NASDAQ"
"SSG","PROSHARES ULTSHRT SEMICONDUC","SSG","PROSHARES ULTRASHORT SEMICONDU","NYSE"
"SSII","SS INNOVATIONS INTERNATIONAL","SSII","SS INNOVATIONS INTERNATIONAL INC.","NASDAQ"
"SSK","REX OSPREY SOL STAKING ETF","SSK","ETF OPPTY TRUST REX-OSPREY SOL + STAKING ETF","BATS"
"SSL","SASOL LTD-SPONSORED ADR","SSL","SASOL","NYSE"
"SSM","SONO GROUP NV","SSM","SONO GROUP N.V.","NASDAQ"
"SSNC","SS&C TECHNOLOGIES HOLDINGS","SSNC","SS&C TECHNOLOGIES HOLDING","NASDAQ"
"SSO","PROSHARES ULTRA S&P500","SSO","PROSHARES ULTRA S&P 500","NYSE"
"SSP","EW SCRIPPS CO-THE-A","SSP","E.W. SCRIPPS","NASDAQ"
"SSPY","STRATIFIED LARGECP INDEX ETF","SSPY","SYNTAX STRATIFIED LARGECAP ETF","NYSE"
"SSRM","SSR MINING INC","SSRM","SSR MINING INC","NASDAQ"
"SSSS","SURO CAPITAL CORP","SSSS","SURO CAPITAL CORP","NASDAQ"
"SSSSL","SURO CAPITAL CORP","SSSSL","SURO CAPITAL CORP. 6.00 NOTES DUE 2026","NASDAQ"
"SST","SYSTEM1 INC","SST","SYSTEM 1 INC","NYSE"
"SSTI","SOUNDTHINKING INC","SSTI","SHOTSPOTTER, INC. COMMON STOCK","NASDAQ"
"SSTK","SHUTTERSTOCK INC","SSTK","SHUTTERSTOCK","NYSE"
"SSUS","DAY HAGAN SMART SECTOR ETF","SSUS","DAY HAGAN/NED DAVIS RESEARCH SMART SECTOR ETF","NYSE"
"SSXU","DAY HAGAN SMART SECTOR INTER","SSXU","DAY HAGAN/NED DAVIS RESEARCH SMART SECTOR INTL ETF","NYSE"
"SSYS","STRATASYS LTD","SSYS","STRATASYS","NASDAQ"
"ST","SENSATA TECHNOLOGIES HOLDING","ST","SENSATA TECHNOLOGIES","NYSE"
"STAA","STAAR SURGICAL CO","STAA","STAAR SURGICAL","NASDAQ"
"STAG","STAG INDUSTRIAL INC","STAG","STAG INDUSTRIAL","NYSE"
"STAK","STAK INC-A","STAK","STAK INC. CLASS A","NASDAQ"
"STBA","S & T BANCORP INC","STBA","S&T BANCORP","NASDAQ"
"STBF","PERF TRUST SHORT TERM BD ETF","STBF","SHL TELEMEDICINE PERFORMANCE TRUST SHORT TERM BOND","BATS"
"STBQ","AMPLIFY STABLECOIN TECH","STBQ","AMPLIFY STABLECOIN TECHNOLOGY ETF","NYSE"
"STC","STEWART INFORMATION SERVICES","STC","STEWART INFORMATION SVCS","NYSE"
"STCE","SCHWAB CRYPTO THEMATIC ETF","STCE","SCHWAB CRYPTO THEMATIC ETF","NYSE"
"STE","STERIS PLC","STE","STERIS PLC","NYSE"
"STEL","STELLAR BANCORP INC","STEL","STELLAR BANCORP, INC.","NYSE"
"STEM","STEM INC","STEM","STEM INC","NYSE"
"STEN","ISHR L CAP 10% T BUF SEP ETF","STEN","ISHARES LARGE CAP 10% TARGET BUFFER SEP ETF","BATS"
"STEP","STEPSTONE GROUP INC-CLASS A","STEP","STEPSTONE GROUP INC. CLASS A","NASDAQ"
"STEW","SRH TOTAL RETURN FUND INC","STEW","SRH TOTAL RETURN FUND INC","NYSE"
"STEX","STREAMEX CORP","STEX","STREAMEX CORP.","NASDAQ"
"STFS","STAR FASHION CULTURE HLDG-A","STFS","STAR FASHION CULTURE HOLDINGS LIMITED CLASS A","NASDAQ"
"STG","SUNLANDS TECHNOLOGY- SP ADR","STG","SUNLANDS TECHNOLOGY GROUP ADS","NYSE"
"STGW","STAGWELL INC","STGW","STAGWELL INC","NASDAQ"
"STHH","STMICROELE NV ADRHD TM","STHH","PRECIDIAN STMICROELECTRONICS NV ADRHEDGED","NYSE"
"STHO","STAR HOLDINGS","STHO","STAR HOLDINGS","NASDAQ"
"STI","SOLIDION TECHNOLOGY INC","STI","SOLIDION TECHNOLOGY, INC.","NASDAQ"
"STIM","NEURONETICS INC","STIM","NEURONETICS, INC. COMMON STOCK","NASDAQ"
"STIP","ISHARES 0-5 YEAR TIPS BOND E","STIP","ISHARES BARCLAYS 0-5 YEAR TIPS","NYSE"
"STK","COLUMBIA SLGMN PREM TECH GR","STK","COLUMBIA SELIGMAN PREMIUM TECH","NYSE"
"STKE","SOL STRATEGIES INC","STKE","SOL STRATEGIES INC.","NASDAQ"
"STKH","STEAKHOLDER FOODS LTD-ADR","STKH","STEAKHOLDER FOODS LTD. ADS","NASDAQ"
"STKL","SUNOPTA INC","STKL","SUNOPTA","NASDAQ"
"STKS","ONE GROUP HOSPITALITY INC-TH","STKS","THE ONE GROUP HOSPITALITY, INC.","NASDAQ"
"STLA","STELLANTIS NV","STLA","STELLANTIS NV","NYSE"
"STLD","STEEL DYNAMICS INC","STLD","STEEL DYNAMICS","NASDAQ"
"STM","STMICROELECTRONICS NV-NY SHS","STM","STMICROELECTRONICS","NYSE"
"STN","STANTEC INC","STN","STANTEC, INC.","NYSE"
"STNC","HENNESSY SUSTAINABLE ETF","STNC","HENNESSY FUNDS TRUST HENNESSY SUSTAINABLE ETF","NASDAQ"
"STNE","STONECO LTD-A","STNE","STONECO LTD. CLASS A COMMON SHARES","NASDAQ"
"STNG","SCORPIO TANKERS INC","STNG","SCORPIO TANKERS","NYSE"
"STOK","STOKE THERAPEUTICS INC","STOK","STOKE THERAPEUTICS, INC. COMMON STOCK","NASDAQ"
"STOT","SS DL ST DUR TR TACT ETF","STOT","SPDR DOUBLELINE SHORT DURATION TR TACTICAL ETF","BATS"
"STOX","HORIZON CORE EQUITY ETF","STOX","HORIZON FUNDS HORIZON CORE EQUITY ETF","BATS"
"STPZ","PIMCO 1-5 YEAR U.S. TIPS INDEX","STPZ","PIMCO 1-5 YEAR US TIPS INDEX E","NYSE"
"STRA","STRATEGIC EDUCATION INC","STRA","STRAYER EDUCATION","NASDAQ"
"STRC","MICROSTRATEGY INC 9% PERP STRETCH P","STRC","STRATEGY INC VARIABLE RATE SERIES A STRETCH PF","NASDAQ"
"STRD","MICROSTRATEGY INC 10% PERP STRIDE P","STRD","STRATEGY INC 10.00% SERIES A STRIDE PF","NASDAQ"
"STRF","MICROSTRATEGY 10% PERP STRIFE PFD","STRF","STRATEGY INC 10.00% SERIES A STRIFE PF","NASDAQ"
"STRK","MICROSTRATEGY INC PERP STRIKE PFD S","STRK","STRATEGY INC 8.00% SERIES A STRIKE PF","NASDAQ"
"STRL","STERLING INFRASTRUCTURE INC","STRL","STERLING CONSTRUCTION CO","NASDAQ"
"STRN","SMART TREND 25 ETF","STRN","SMART TREND 25 ETF","NYSE"
"STRO","SUTRO BIOPHARMA INC","STRO","SUTRO BIOPHARMA, INC. COMMON STOCK","NASDAQ"
"STRR","STAR EQUITY HOLDINGS INC","STRR","STAR EQUITY HOLDINGS, INC.","NASDAQ"
"STRRP","STAR EQUITY HOLDINGS INC","STRRP","STAR EQUITY HOLDINGS, INC. 10% SERIES A PF","NASDAQ"
"STRS","STRATUS PROPERTIES INC","STRS","STRATUS PROPERTIES","NASDAQ"
"STRT","STRATTEC SECURITY CORP","STRT","STRATTEC SECURITY","NASDAQ"
"STRV","STRIVE 500 ETF","STRV","STRIVE 500 ETF","NYSE"
"STRW","STRAWBERRY FIELDS REIT INC","STRW","STRAWBERRY FIELDS REIT INC","NYSE_AMERICAN"
"STRZ","STARZ ENTERTAINMENT CORP","STRZ","STARZ ENTERTAINMENT CORP.","NASDAQ"
"STSM","DEF DAILY TAR 2X S TSM ETF","STSM","DEFIANCE DAILY TARGET 2X SHORT TSM ETF","NYSE"
"STSS","SHARPS TECHNOLOGY INC","STSS","SHARPS TECHNOLOGY INC. COMMON STOCK","NASDAQ"
"STT","STATE STREET CORP","STT","STATE STREET","NYSE"
"STTK","SHATTUCK LABS INC","STTK","SHATTUCK LABS, INC. COMMON STOCK","NASDAQ"
"STUB","STUBHUB HOLDINGS INC-CLASS A","STUB","STUBHUB HOLDINGS INC","NYSE"
"STVN","STEVANATO GROUP SPA","STVN","STEVANATO GROUP S PA","NYSE"
"STWD","STARWOOD PROPERTY TRUST INC","STWD","STARWOOD PROPERTY","NYSE"
"STX","SEAGATE TECHNOLOGY HOLDINGS","STX","SEAGATE TECHNOLOGY","NASDAQ"
"STXD","STRIVE 1000 DIVIDEND GROWTH","STXD","STRIVE 1000 DIVIDEND GROWTH ETF","NYSE"
"STXE","STRIVE EM MARKETS EX-CHINA","STXE","STRIVE EMERGING MARKETS EX-CHINA ETF","NYSE"
"STXG","STRIVE 1000 GROWTH ETF","STXG","STRIVE 1000 GROWTH ETF","NYSE"
"STXK","STRIVE SMALL-CAP ETF","STXK","STRIVE 2000 ETF","NYSE"
"STXS","STEREOTAXIS INC","STXS","STEREOTAXIS","NYSE_AMERICAN"
"STXT","STRIVE TOTAL RETURN BOND ETF","STXT","STRIVE TOTAL RETURN BOND ETF","NYSE"
"STXV","STRIVE 1000 VALUE ETF","STXV","STRIVE 1000 VALUE ETF","NYSE"
"STZ","CONSTELLATION BRANDS INC-A","STZ","CONSTELLATION BRANDS","NYSE"
"SU","SUNCOR ENERGY INC","SU","SUNCOR ENERGY","NYSE"
"SUB","ISHARES SHORT-TERM NATIONAL","SUB","ISHARES SHORT TERM NATIONAL MUNI BOND","NYSE"
"SUGP","SU GROUP HOLDINGS LTD-A","SUGP","SU GROUP HOLDINGS LIMITED CLASS A","NASDAQ"
"SUI","SUN COMMUNITIES INC","SUI","SUN COMMUNITIES","NYSE"
"SUIG","SUI GROUP HOLDINGS LTD","SUIG","SUI GROUP HOLDINGS LIMITED","NASDAQ"
"SUIS","CANARY SUI ETF","SUIS","CANARY STAKED SUIS ETF","NASDAQ"
"SUMAU","SUMA ACQUISITION CORP","SUMAU","SUMA ACQUISITION CORPORATION UNT","NASDAQ"
"SUN","SUNOCO LP","SUN","SUNOCO LP","NYSE"
"SUNB","SUNBELT RENTALS HOLDINGS INC","SUNB","SUNBELT RENTALS HOLDINGS INC","NYSE"
"SUNC","SUNOCOCORP LLC","SUNC","SUNOCO LLC","NYSE"
"SUNE","SUNATION ENERGY INC","SUNE","SUNATION ENERGY, INC.","NASDAQ"
"SUNS","SUNRISE REALTY TRUST INC","SUNS","SUNRISE REALTY TRUST, INC.","NASDAQ"
"SUPN","SUPERNUS PHARMACEUTICALS INC","SUPN","SUPERNUS PHARMACEUTICALS","NASDAQ"
"SUPV","GRUPO SUPERVIELLE SA-SP ADR","SUPV","GRUPO SUPERVIELLE S.A.","NYSE"
"SUPX","SUPERX AI TECHNOLOGY LTD","SUPX","SUPERX AI TECHNOLOGY LIMITED","NASDAQ"
"SURE","ADVISORSHARES INSIDER ADVANT","SURE","ADVISORSHARES INSIDER ADVANTAGE ETF","NYSE"
"SURG","SURGEPAYS INC","SURG","SURGEPAYS INC COMMON STOCK","NASDAQ"
"SURI","SIMPLIFY PROPEL OPPORT ETF","SURI","SIMPLIFY PROPEL OPPORTUNITIES ETF","NYSE"
"SUSA","ISHARES ESG OPTIMIZED MSCI U","SUSA","ISHARES ESG OPTIMIZED MSCI USA ETF","NYSE"
"SUSB","ISHARES ESG AWARE 1-5 YEAR U","SUSB","ISHARES ESG AWARE 1-5 YEAR USD CRP BND ETF","NASDAQ"
"SUSC","ISHARES ESG AWARE USD CORPOR","SUSC","ISHARES ESG AWARE USD CORP BOND ETF","NASDAQ"
"SUSL","ISHARES ESG MSCI USA LEADERS","SUSL","ISHARES ESG MSCI USA LEADERS ETF","NASDAQ"
"SUUN","POWERBANK CORP","SUUN","POWERBANK CORPORATION","NASDAQ"
"SUZ","SUZANO SA - SPON ADR","SUZ","SUZANO SA","NYSE"
"SVA","SINOVAC BIOTECH LTD","SVA","SINOVAC BIOTECH","NASDAQ"
"SVAC","SPRING VALLEY ACQUISITION-A","SVAC","SPRING VALLEY ACQUISITION CORP. III CLASS A","NASDAQ"
"SVACU","SPRING VALLEY ACQUISITION CO","SVACU","SPRING VALLEY ACQUISITION CORP. III UNT","NASDAQ"
"SVAL","ISHARES US SMALL CAP VAL FAC","SVAL","ISHARES US SMALL CAP VALUE FACTOR ETF","BATS"
"SVAQ","SILICON VALLEY ACQUISIT-CL A","SVAQ","SILICON VALLEY ACQUISITION CORP. CLASS A","NASDAQ"
"SVAQU","SILICON VALLEY ACQUISITION C","SVAQU","SILICON VALLEY ACQUISITION CORP. UNT","NASDAQ"
"SVC","SERVICE PROPERTIES TRUST","SVC","SERVICE PROPERTIES TRUST","NASDAQ"
"SVCC","STELLAR V CAPITAL CORP-CL A","SVCC","STELLAR V CAPITAL CORP. CLASS A","NASDAQ"
"SVCCU","STELLAR V CAPITAL CORP","SVCCU","STELLAR V CAPITAL CORP. UNT","NASDAQ"
"SVCO","SILVACO GROUP INC","SVCO","SILVACO GROUP, INC.","NASDAQ"
"SVIV","SPRING VALLEY ACQUISITIO-A","SVIV","SPRING VALLEY ACQUISITION CORP. IV CLASS A","NASDAQ"
"SVIVU","SPRING VALLEY ACQUISITION CO","SVIVU","SPRING VALLEY ACQUISITION CORP. IV UNT","NASDAQ"
"SVIX","-1X SHORT VIX FUTURES ETF","SVIX","VS TR -1X SHORT VIX FUTURES ETF","BATS"
"SVM","SILVERCORP METALS INC","SVM","SILVERCORP METALS INC","NYSE_AMERICAN"
"SVOL","SIMPLIFY VOLATILITY PREMIUM","SVOL","SIMPLIFY VOLATILITY PREMIUM ETF","NYSE"
"SVRA","SAVARA INC","SVRA","SAVARA INC. COMMON STOCK","NASDAQ"
"SVRE","SAVERONE 2014 LTD -ADR","SVRE","SAVERONE 2014 LTD. ADS","NASDAQ"
"SVRN","OCEANPAL INC","SVRN","OCEANPAL INC.","NASDAQ"
"SVV","SAVERS VALUE VILLAGE INC","SVV","SAVERS VALUE VILLAGE INC","NYSE"
"SVXY","PROSHARES SHORT VIX ST FUTUR","SVXY","PROSHARES SHORT VIX SHORT-TERM","BATS"
"SW","SMURFIT WESTROCK PLC","SW","SMURFIT WESTROCK PLC","NYSE"
"SWAG","STRAN & CO INC","SWAG","STRAN & COMPANY, INC.","NASDAQ"
"SWAN","AMPLIFY BLCKSWN GROW TRSRY","SWAN","AMPLIFY BLACKSWAN GROWTH & TREASURY CORE ETF","NYSE"
"SWBI","SMITH & WESSON BRANDS INC","SWBI","SMITH & WESSON BRANDS INC","NASDAQ"
"SWIM","LATHAM GROUP INC","SWIM","LATHAM GROUP, INC. COMMON STOCK","NASDAQ"
"SWK","STANLEY BLACK & DECKER INC","SWK","STANLEY BLACK & DECKER","NYSE"
"SWKHL","SWK HOLDINGS CORP","SWKHL","SWK HC 9.00% SRNT 2027","NASDAQ"
"SWKS","SKYWORKS SOLUTIONS INC","SWKS","SKYWORKS SOLUTIONS","NASDAQ"
"SWVL","SWVL HOLDINGS CORP","SWVL","SWVL HC CLASS A","NASDAQ"
"SWX","SOUTHWEST GAS HOLDINGS INC","SWX","SOUTHWEST GAS HOLDINGS INC","NYSE"
"SWZ","TOTAL RETURN SECURITIES FUND","SWZ","SWISS HELVETIA FUND COMMON","NYSE"
"SXC","SUNCOKE ENERGY INC","SXC","SUNCOKE ENERGY","NYSE"
"SXI","STANDEX INTERNATIONAL CORP","SXI","STANDEX INTERNATIONAL","NYSE"
"SXQG","ETC 6 MERIDIAN QUALITY GROWT","SXQG","6 MERIDIAN QUALITY GROWTH ETF","NYSE"
"SXT","SENSIENT TECHNOLOGIES CORP","SXT","SENSIENT TECHNOLOGIES","NYSE"
"SXTC","CHINA SXT PHARMACEUTICALS-A","SXTC","CHINA SXT PHARMACEUTICALS, INC. CLASS A","NASDAQ"
"SXTP","60 DEGREES PHARMA INC","SXTP","60 DEGREES PHARMACEUTICALS, INC.","NASDAQ"
"SY","SO-YOUNG INTERNATIONAL-ADR","SY","SO-YOUNG INTERNATIONAL INC. ADS","NASDAQ"
"SYBT","STOCK YARDS BANCORP INC","SYBT","STOCK YARDS BANCORP, INC. COMM","NASDAQ"
"SYF","SYNCHRONY FINANCIAL","SYF","SYNCHRONY FINANCIAL","NYSE"
"SYFI","AB SHRT DURATION HGH YLD ETF","SYFI","AB SHORT DURATION HIGH YIELD ETF","NYSE"
"SYK","STRYKER CORP","SYK","STRYKER","NYSE"
"SYLD","CAMBRIA SHAREHOLDER YIELD ET","SYLD","CAMBRIA SHAREHOLDER YIELD ETF","BATS"
"SYM","SYMBOTIC INC","SYM","SYMBOTIC INC. CLASS A COMMON STOCK","NASDAQ"
"SYNA","SYNAPTICS INC","SYNA","SYNAPTICS","NASDAQ"
"SYNX","SILYNXCOM LTD","SYNX","SILYNXCOM LTD","NYSE_AMERICAN"
"SYPR","SYPRIS SOLUTIONS INC","SYPR","SYPRIS SOLUTIONS","NASDAQ"
"SYRE","SPYRE THERAPEUTICS INC","SYRE","SPYRE THERAPEUTICS, INC.","NASDAQ"
"SYSB","ISHARES SYSTEMATIC BOND ETF","SYSB","ISHARES SYSTEMATIC BOND ETF","BATS"
"SYY","SYSCO CORP","SYY","SYSCO","NYSE"
"SYZ","LAZARD US SYTEM SM CAP ETF","SYZ","LAZARD US SYSTEMATIC SMALL CAP EQUITY ETF","NASDAQ"
"SZK","PROSHARES ULTRASHORT CONSUME","SZK","PROSHARES ULTRASHORT CONSUMER STPLS TRDG","NYSE"
"SZNE","PACER CFRA STOVALL EQUAL","SZNE","PACER CFRA-STOVALL EQUAL WEIGHT SEASONAL ROTATION","NYSE"
"SZZL","SIZZLE ACQUISITION CORP-CL A","SZZL","SIZZLE ACQUISITION CORP. II CLASS A","NASDAQ"
"SZZLU","SIZZLE ACQUISITION CORP II","SZZLU","SIZZLE ACQUISITION CORP. II UNT","NASDAQ"
"T","AT&T INC","T","AT&T","NYSE"
"TAC","TRANSALTA CORP","TAC","TRANSALTA","NYSE"
"TACH","TITAN ACQUISITION CORP-CL A","TACH","TITAN ACQUISITION CORP. CLASS A","NASDAQ"
"TACHU","TITAN ACQUISITION CORP","TACHU","TITAN ACQUISITION CORP. UNT","NASDAQ"
"TACN","T ROWE PRC AC INTNL EQTY ETF","TACN","T ROWE PRICE ACTIVE CORE INTERNATIONAL EQUITY","NYSE"
"TACO","BERTO ACQUISITION CORP","TACO","BERTO ACQUISITION CORP.","NASDAQ"
"TACOU","BERTO ACQUISITION CORP","TACOU","BERTO ACQUISITION CORP. UNT","NASDAQ"
"TACT","TRANSACT TECHNOLOGIES INC","TACT","TRANSACT TECHNOLOGIES","NASDAQ"
"TACU","T ROWE PRICE ACT CORE US ETF","TACU","T ROWE PRICE ACTIVE CORE US EQUITY ETF","NYSE"
"TAFI","AB TAX AWARE SHORT DUR MUNI","TAFI","AB TAX-AWARE SHORT DURATION MUNI ETF","NYSE"
"TAFL","AB TAX AWARE LONG MUNI","TAFL","AB TAX AWARE LONG MUNICIPAL ETF","NYSE"
"TAFM","AB TAX AWARE INTER MUNI","TAFM","AB TAX AWARE INTERMEDIATE MUNICIPAL ETF","NYSE"
"TAGG","T ROWE PRICE QM US BOND ETF","TAGG","T ROWE PRICE QM US BOND ETF","NYSE"
"TAGS","TEUCRIUM AGRICULTURAL FUND","TAGS","TEUCRIUM AGRICULTURAL","NYSE"
"TAIL","CAMBRIA TAIL RISK ETF","TAIL","CAMBRIA TAIL RISK ETF","BATS"
"TAK","TAKEDA PHARMACEUTIC-SP ADR","TAK","TAKEDA PHARMACEUTICAL CO LTD","NYSE"
"TAL","TAL EDUCATION GROUP- ADR","TAL","TAL EDUCATION GROUP","NYSE"
"TALK","TALKSPACE INC","TALK","TALKSPACE, INC. COMMON STOCK","NASDAQ"
"TALO","TALOS ENERGY INC","TALO","TALOS ENERGY INC","NYSE"
"TALV","TRANSAMER LRGE VAL ACTIV ETF","TALV","TRANSAMERICA LARGE VALUE ACTIVE ETF","NYSE"
"TAN","INVESCO SOLAR ETF","TAN","INVESCO SOLAR PORTFOLIO","NYSE"
"TANH","TANTECH HOLDINGS LTD-A","TANH","TANTECH HOLDINGS LTD. CLASS A","NASDAQ"
"TAOP","TAOPING INC","TAOP","TAOPING INC. BVI ORDINARY SHARES","NASDAQ"
"TAOX","TAO SYNERGIES INC","TAOX","TAO SYNERGIES INC.","NASDAQ"
"TAP","MOLSON COORS BEVERAGE CO - B","TAP","MOLSON COORS BEVERAGE CO","NYSE"
"TAPR","INNO EQT DEF PRT ETF - 2 Y A","TAPR","INNOVATOR EQUITY DEFINED PROT ETF 2 YR TO APR 2027","BATS"
"TARA","PROTARA THERAPEUTIC INC","TARA","PROTARA THERAPEUTICS INC","NASDAQ"
"TARK","TRADR 2X LONG INNOVATION ETF","TARK","AXS 2X INNOVATION ETF","NASDAQ"
"TARS","TARSUS PHARMACEUTICALS INC","TARS","TARSUS PHARMACEUTICALS, INC.","NASDAQ"
"TASK","TASKUS INC-A","TASK","TASKUS, INC. CLASS A COMMON STOCK","NASDAQ"
"TATT","TAT TECHNOLOGIES LTD","TATT","TAT TECHNOLOGIES","NASDAQ"
"TAVIU","TAVIA ACQUISITION CORP","TAVIU","TAVIA ACQUISITION CORP. UNT","NASDAQ"
"TAX","CAMBRIA TAX AWARE ETF","TAX","CAMBRIA TAX AWARE ETF","NASDAQ"
"TAXF","AMERICAN CENTURY DIVER MUNI","TAXF","AMERICAN CENTURY DIVERSIFIED MUNI BND ETF","NYSE"
"TAXM","BONDBLOXX IR+M TAX-AWARE MAS","TAXM","BONDBLOXX IR+M TAX-AWARE MASSACHUSETTS RESIDENTS","NYSE"
"TAXS","NORTHERN TST TAX-EXPT B ETF","TAXS","NORTHERN TRUST SHORT-TERM TAX-EXEMPT BOND ETF","NASDAQ"
"TAXX","BBLX IRM TAX-AWARE S DUR ETF","TAXX","BONDBLOXX IR+M TAX-AWARE SHORT DURATION ETF","NYSE"
"TAYD","TAYLOR DEVICES INC","TAYD","TAYLOR DEVICES","NASDAQ"
"TBB","T 5.35 11-01-66 PFD","TBB","AT&T INC","NYSE"
"TBBB","BBB FOODS INC-CLASS A","TBBB","BBB FOODS INC","NYSE"
"TBBK","BANCORP INC-THE","TBBK","BANCORP","NASDAQ"
"TBCH","TURTLE BEACH CORP","TBCH","TURTLE BEACH CORPORATION","NASDAQ"
"TBF","PROSHARES SHORT 20+ TREASURY","TBF","PROSHARES SHORT 20+ YEAR TREAS","NYSE"
"TBFG","BRINSMERE FUND GROWTH ETF","TBFG","BRINSMERE FUND GROWTH ETF","NYSE"
"TBG","TBG DIVIDEND FOCUS ETF","TBG","TBG DIVIDEND FOCUS ETF","NYSE"
"TBH","BRAG HOUSE HOLDINGS INC","TBH","BRAG HOUSE HOLDINGS, INC.","NASDAQ"
"TBI","TRUEBLUE INC","TBI","TRUEBLUE","NYSE"
"TBIL","F-M US TREASURY 3 MONTH BILL","TBIL","RBB FUND F/M US TREASURY 3 MONTH BILL FUND","NASDAQ"
"TBJL","INNOVATOR 20 YR T BOND 9 BUF","TBJL","INNOVATOR 20 YEAR TBND 9 BUFFER ETF JUL","BATS"
"TBLA","TABOOLA.COM LTD","TBLA","TABOOLA.COM LTD. ORDINARY SHARES","NASDAQ"
"TBLD","THORNBURG INCOME BUILDER OPP","TBLD","THORNBURG INCOME BUILDER OPPORTUNITIES TRUST","NASDAQ"
"TBLL","INVESCO SHORT TERM TREASURY","TBLL","INVESCO SHORT TERM TREASURY ETF","NYSE"
"TBLU","TORTOISE GLOBAL WATER ETF","TBLU","TORTOISE GLOBAL WATER ETF","NYSE"
"TBN","TAMBORAN RESOURCES CORP","TBN","TAMBORAN RESOURCES CORP","NYSE"
"TBPH","THERAVANCE BIOPHARMA INC","TBPH","THERAVANCE BIOPHARMA INC","NASDAQ"
"TBRG","TRUBRIDGE INC","TBRG","TRUBRIDGE, INC.","NASDAQ"
"TBT","PROSHARES ULTRASHORT 20+Y TR","TBT","PROSHARES ULTRASHORT 20+ YEAR","NYSE"
"TBUX","T ROWE PRICE ULTRA SHORT-TER","TBUX","T ROWE PRICE ULTRA SHORT TERM BOND ETF","NYSE"
"TBXU","DX D BIOTECH T 5 BULL 2X ETF","TBXU","DIREXION DAILY BIOTECH TOP 5 BULL 2X ETF","NYSE"
"TC","TOKEN CAT LTD","TC","TOKEN CAT LIMITED ADS","NASDAQ"
"TCAF","T ROWE PRC CAP APPRECIATION","TCAF","T. ROWE PRICE CAPITAL APPRECIATION","NYSE"
"TCAI","TORTOISE AI INFRASTRUCTR ETF","TCAI","TORTOISE AI INFRASTRUCTURE ETF","NYSE"
"TCAL","T ROWE PRE CPT APR PR IN ETF","TCAL","T ROWE PRICE CAPITAL APPRECIATION PREMIUM INCOME","NYSE"
"TCBI","TEXAS CAPITAL BANCSHARES INC","TCBI","TEXAS CAPITAL BANCSHARES","NASDAQ"
"TCBIO","TEXAS CAPITAL BANCSHARES","TCBIO","TEXAS CAPITAL BANCSHARES 5.75% PF SERIES B","NASDAQ"
"TCBK","TRICO BANCSHARES","TCBK","TRICO BANCSHARES","NASDAQ"
"TCBS","TEXAS COMMUNITY BANCSHARES","TCBS","TEXAS COMMUNITY BANCSHARES, INC. COMMON","NASDAQ"
"TCBX","THIRD COAST BANCSHARES INC","TCBX","THIRD COAST BANCSHARES, INC.","NYSE"
"TCGL","TECHCREATE GROUP LTD-A","TCGL","TECHCREATE GROUP LTD","NYSE_AMERICAN"
"TCHI","ISHARES MSCI CHINA TECH","TCHI","ISHARES MSCI CHINA MULTISECTOR TECH ETF","NASDAQ"
"TCHP","T ROWE PRICE BLUE CHIP GROWT","TCHP","T. ROWE PRICE BLUE CHIP GROWTH ETF","NYSE"
"TCI","TRANSCONTINENTAL REALTY INV","TCI","TRANSCONTINENTAL REALTY","NYSE"
"TCMD","TACTILE SYSTEMS TECHNOLOGY I","TCMD","TACTILE SYSTEMS TECHNOLOGY INC","NASDAQ"
"TCOM","TRIP.COM GROUP LTD-ADR","TCOM","TRIP.COM GROUP LTD ADS","NASDAQ"
"TCPA","TRANSCANADA PIPELINES LTD 6.250% JR","TCPA","TRANS CANADA PIPELINES LTD 6.25% NTS","NYSE"
"TCPB","THRIVENT CORE PLUS BOND ETF","TCPB","THRIVENT CORE PLUS BOND ETF","NYSE"
"TCPC","BLACKROCK TCP CAPITAL CORP","TCPC","BLACKROCK TCP CAPITAL CORP","NASDAQ"
"TCRT","ALAUNOS THERAPEUTICS INC","TCRT","ALAUNOS THERAPEUTICS, INC. COMMON STOCK","NASDAQ"
"TCRX","TSCAN THERAPEUTICS INC","TCRX","TSCAN THERAPEUTICS, INC.","NASDAQ"
"TCV","TOWLE VALUE ETF","TCV","TOWLE VALUE ETF","NYSE"
"TCX","TUCOWS INC-CLASS A","TCX","TUCOWS INC. CLASS A COMMON STO","NASDAQ"
"TD","TORONTO-DOMINION BANK","TD","TORONTO-DOMINION BANK","NYSE"
"TDAC","TRANSLATIONAL DEVELOPMENT AC","TDAC","TRANSLATIONAL DEVELOPMENT ACQUISITION CORP.","NASDAQ"
"TDAQ","TAPPALPHA IN 100 GR & DI ETF","TDAQ","TAPPALPHA INNOVATION 100 GROWTH & DAILY INCOME","BATS"
"TDAX","TDAQ LIFT ETF","TDAX","TDAQ LIFT ETF","BATS"
"TDAY","USA TODAY CO INC","TDAY","USD TODAY CO INC","NYSE"
"TDC","TERADATA CORP","TDC","TERADATA","NYSE"
"TDEC","FT VEST EM BUFF ETF DEC","TDEC","FIRST TR ETF VIII VEST EM BUFFER ETF DEC","BATS"
"TDF","TEMPLETON DRAGON FUND INC","TDF","TEMPLETON DRAGON FUND COMMON","NYSE"
"TDG","TRANSDIGM GROUP INC","TDG","TRANSDIGM GROUP","NYSE"
"TDIV","FT NASDAQ TECH DVD INDEX FD","TDIV","FIRST TRUST NASDAQ TECHNOLOGY","NASDAQ"
"TDOC","TELADOC HEALTH INC","TDOC","TELADOC HEALTH INC","NYSE"
"TDOT","21SHARES POLKADOT ETF","TDOT","21SHARES POLKADOT ETF","NASDAQ"
"TDS","TELEPHONE AND DATA SYSTEMS","TDS","TELEPHONE AND DATA SYSTEMS","NYSE"
"TDSB","ETC CABANA TARGET BETA ETF","TDSB","EXCHANGE LISTED FUNDS ETC CABANA TARGET BETA","NASDAQ"
"TDSC","EXCHANGE LISTED FUNDS TRUST","TDSC","EXCHANGE LISTED FUNDS ETC CABANA TARGET DRAWDOWN 1","NASDAQ"
"TDTF","FLEXSHARES IBOXX 5-YEAR TARG","TDTF","FLEXSHARES IBOXX 5YR TARGET DU","NYSE"
"TDTH","TRIDENT DIGITAL TECH HOLDING","TDTH","TRIDENT DIGITAL TECH HOLDINGS LTD ADS","NASDAQ"
"TDTT","FLEXSHARES IBOXX 3-YEAR TARG","TDTT","FLEXSHARES IBOXX 3YR TARGET DU","NYSE"
"TDUP","THREDUP INC - CLASS A","TDUP","THREDUP INC. CLASS A COMMON STOCK","NASDAQ"
"TDV","PROSHARES S&P TECH DVD ARIST","TDV","PROSHARES S&P TECHNOLOGY DIVIDEND ARISTOCRATS ETF","BATS"
"TDVG","T ROWE PRICE DIVIDEND GROWTH","TDVG","T. ROWE PRICE DIVIDEND GROWTH ETF","NYSE"
"TDVI","FT VEST TECHNOLOGY DIVIDEND","TDVI","FT CBOE VEST TECHNOLOGY DIVIDEND TARGET INCOME","BATS"
"TDW","TIDEWATER INC","TDW","TIDEWATER","NYSE"
"TDWD","TAILWIND 2.0 ACQUISITIO-CL A","TDWD","TAILWIND 2.0 ACQUISITION CORP. CLASS A","NASDAQ"
"TDWDU","TAILWIND 2.0 ACQUISITION COR","TDWDU","TAILWIND 2.0 ACQUISITION CORP. UNT","NASDAQ"
"TDY","TELEDYNE TECHNOLOGIES INC","TDY","TELEDYNE TECHNOLOGIES","NYSE"
"TE","T1 ENERGY INC","TE","T1 ENERGY INC","NYSE"
"TEAD","TEADS HOLDING CO","TEAD","TEADS HC.","NASDAQ"
"TEAM","ATLASSIAN CORP-CL A","TEAM","ATLASSIAN CORPORATION PLC CLASS A","NASDAQ"
"TEC","HARBOR TRANSFORMTIV TECH ETF","TEC","HARBOR TRANSFORMATIVE TECHNOLOGIES ETF","NYSE"
"TECB","ISHARES US TECH BREAKTHROUGH","TECB","ISHARES U.S. TECH BREAKTHROUGH MULTISECTOR ETF","NYSE"
"TECH","BIO-TECHNE CORP","TECH","BIO-TECHNE CORP COMMON STOCK","NASDAQ"
"TECK","TECK RESOURCES LTD-CLS B","TECK","TECK RESOURCES LTD","NYSE"
"TECL","DIRE DAI TEC BULL 3X ETF-USD","TECL","DIREXION DAILY TECHNOLOGY BULL 3X ETF","NYSE"
"TECS","DIREXION DL TECH BR3X ETF-UI","TECS","DIREXION DAILY TECHNOLOGY BEAR 3X ETF","NYSE"
"TECX","TECTONIC THERAPEUTIC INC","TECX","TECTONIC THERAPEUTIC, INC.","NASDAQ"
"TEI","TEMPLETON EMRG MKTS INC","TEI","TEMPLETON EMERGING MKTS INCOME","NYSE"
"TEK","ISHARES TECHNOLOGY OPP A ETF","TEK","ISHARES TECHNOLOGY OPPORTUNITIES ACTIVE ETF","NYSE"
"TEKX","SS GLXY TRANFRM TECH ACC ETF","TEKX","STATE STREET GALAXY TRANSFORMATIVE TECH ELERATORS","NASDAQ"
"TEL","TE CONNECTIVITY PLC","TEL","TE CONNECTIVITY","NYSE"
"TELA","TELA BIO INC","TELA","TELA BIO, INC. COMMON STOCK","NASDAQ"
"TELO","TELOMIR PHARMACEUTICALS INC","TELO","TELOMIR PHARMACEUTICALS, INC.","NASDAQ"
"TEM","TEMPUS AI INC-CL A","TEM","TEMPUS AI, INC. CLASS A","NASDAQ"
"TEMD","TMPL EMERG MRKT DEBT ETF","TEMD","TEMPLETON EMERGING MARKETS DEBT ETF","NYSE"
"TEMR","T RW PRC EMG MKT EQT RSR ETF","TEMR","T. ROWE PRICE EMERGING MARKETS RESEARCH ETF","NYSE"
"TEMT","TRADR 2X LONG TEM DAILY ETF","TEMT","TRADR 2X LONG QBTS DAILY ETF TEM DAILY ETF","BATS"
"TEN","TSAKOS ENERGY NAVIGATION LTD","TEN","TSAKOS ENERGY NAVIGATION","NYSE"
"TENB","TENABLE HOLDINGS INC","TENB","TENABLE HOLDINGS, INC. COMMON STOCK","NASDAQ"
"TEND","ISHRS LG CAP 10% TR BUF DEC","TEND","ISHARES LARGE CAP 10% TARGET BUFFER DEC ETF","BATS"
"TENX","TENAX THERAPEUTICS INC","TENX","TENAX THERAPEUTICS INC","NASDAQ"
"TEO","TELECOM ARGENTINA SA-SP ADR","TEO","TELECOM ARGENTINA","NYSE"
"TEQI","T ROWE PRICE EQUITY INCOME E","TEQI","T. ROWE PRICE EQUITY INCOME ETF","NYSE"
"TER","TERADYNE INC","TER","TERADYNE","NASDAQ"
"TERN","TERNS PHARMACEUTICALS INC","TERN","TERNS PHARMACEUTICALS, INC.","NASDAQ"
"TESL","SIMPLIFY VOLT TSLA REVOLUTIO","TESL","SIMPLIFY VOLT TSLA REVOLUTION ETF","NYSE"
"TETH","21SHARES ETHEREUM ETF","TETH","21SHARES ETHEREUM ETF","BATS"
"TEVA","TEVA PHARMACEUTICAL-SP ADR","TEVA","TEVA PHARMACEUTICAL","NYSE"
"TEX","TEREX CORP","TEX","TEREX","NYSE"
"TEXN","ISHARES TX EQUITY ETF","TEXN","ISHARES TEXAS EQUITY ETF","NASDAQ"
"TEXU","DIREXION DLY ET5 BULL 2X ETF","TEXU","DIREXION DAILY ENERGY TOP 5 BULL 2X ETF","NYSE"
"TEXX","HORIZON KINETICS TEXAS ETF","TEXX","HORIZON KINETICS TEXAS ETF","NASDAQ"
"TFC","TRUIST FINANCIAL CORP","TFC","TRUIST FINANCIAL CORP","NYSE"
"TFFI","CHESAP TREND FOLLO FI IN ETF","TFFI","CHESAPEAKE TREND-FOLLOWING FIXED INCOME ETF","NYSE"
"TFI","SS SPDR N ICE MUNI BOND ETF","TFI","STATE ST SPDR NUVEEN ICE MUNICIPAL BOND ETF","NYSE"
"TFII","TFI INTERNATIONAL INC","TFII","TFI INTERNATIONAL INC","NYSE"
"TFIN","TRIUMPH FINANCIAL INC","TFIN","TRIUMPH FINANCIAL, INC.","NYSE"
"TFJL","INNOVATOR 20 YR TREAS BOND 5","TFJL","INNOVATOR 20 YEAR TBND 5 FLOOR ETF JUL","BATS"
"TFLO","ISHARES TREASURY FLOATING RA","TFLO","ISHARES TREASURY FLOATING RATE","NYSE"
"TFLR","T ROWE PRICE FLOATING RT ETF","TFLR","T ROWE PRICE FLOATING RATE ETF","NYSE"
"TFNS","T ROWE PRICE FINANCIALS ETF","TFNS","T. ROWE PRICE FINANCIALS ETF","NASDAQ"
"TFPM","TRIPLE FLAG PRECIOUS MET","TFPM","TRIPLE FLAG PRECIOUS METALS CORP","NYSE"
"TFPN","BLUEPRINT CHSPK MA TREND ETF","TFPN","BLUEPRINT CHESAPEAKE MULTI-ASSET TREND ETF","NYSE"
"TFSL","TFS FINANCIAL CORP","TFSL","TFS FINANCIAL","NASDAQ"
"TFX","TELEFLEX INC","TFX","TELEFLEX","NYSE"
"TG","TREDEGAR CORP","TG","TREDEGAR CORPORATION","NYSE"
"TGB","TASEKO MINES LTD","TGB","TASEKO MINES","NYSE_AMERICAN"
"TGE","GENERATION ESSENTIALS GROU-A","TGE","GENERATION ESSENTIALS GROUP","NYSE"
"TGEN","TECOGEN INC-WALTHAM MA","TGEN","TECOGEN INC COMMON STOCK","NYSE_AMERICAN"
"TGHL","GROWHUB LTD-THE-CLASS A","TGHL","THE GROWHUB LIMITED CLASS A","NASDAQ"
"TGL","TREASURE GLOBAL INC","TGL","TREASURE GLOBAL INC.","NASDAQ"
"TGLB","T ROWE PRICE GLOBAL EQUI ETF","TGLB","T. ROWE PRICE ETF, INC. GLOBAL EQUITY ETF","NYSE"
"TGLS","TECNOGLASS INC","TGLS","TECNOGLASS INC. ORDINARY SHARE","NYSE"
"TGRT","T. ROWE PRICE GROWTH ETF","TGRT","T. ROWE PRICE ETF, INC. GROWTH ETF","NYSE"
"TGRW","T ROWE PRICE GROWTH STOCK ET","TGRW","T. ROWE PRICE GROWTH STOCK ETF","NYSE"
"TGS","TRANSPORTADOR GAS-ADR SP B","TGS","TRANSPORTADORA DE GAS","NYSE"
"TGT","TARGET CORP","TGT","TARGET","NYSE"
"TGTX","TG THERAPEUTICS INC","TGTX","TG THERAPEUTICS","NASDAQ"
"TH","TARGET HOSPITALITY CORP","TH","TARGET HOSPITALITY CORP. COMMON STOCK","NASDAQ"
"THC","TENET HEALTHCARE CORP","THC","TENET HEALTHCARE","NYSE"
"THCH","TH INTERNATIONAL LTD-CAYMAN","THCH","TH INTERNATIONAL LIMITED","NASDAQ"
"THD","ISHARES MSCI THAILAND ETF","THD","ISHARES MSCI THAILAND ETF","NYSE"
"THFF","FIRST FINANCIAL CORP","THFF","FIRST FINANCIAL CORPORATION","NASDAQ"
"THG","HANOVER INSURANCE GROUP INC-","THG","HANOVER INSURANCE GROUP","NYSE"
"THH","TRYHARD HOLDINGS LTD","THH","TRYHARD HOLDINGS LIMITED","NASDAQ"
"THIR","THOR INDEX ROTATION ETF","THIR","THOR INDEX ROTATION ETF","NYSE"
"THLV","THOR EQUAL WL VL ETF-USD INC","THLV","THOR LOW VOLATILITY ETF","NYSE"
"THM","INTL TOWER HILL MINES LTD","THM","INTERNATIONAL TOWER HILL","NYSE_AMERICAN"
"THMR","THOR ADAPTIVERISK DYNMIC ETF","THMR","THOR ADAPTIVERISK DYNAMIC ETF","NYSE"
"THMZ","LAZARD EQUITY MEGATRENDS ETF","THMZ","LAZARD EQUITY MEGATRENDS ETF","NASDAQ"
"THNQ","ROBO GLOBAL ARTIFICIAL INTEL","THNQ","ROBO GLOBAL ARTIFICIAL INTELLIGENCE ETF","NYSE"
"THNR","AMPLIFY WGHT LOSS DRG & TRM","THNR","AMPLIFY WEIGHT LOSS DRUG & TREATMENT ETF","NYSE"
"THO","THOR INDUSTRIES INC","THO","THOR INDUSTRIES","NYSE"
"THQ","ABRDN HEALTHCARE OPPORT","THQ","ABRDN HEALTHCARE OPPORTUNITIES","NYSE"
"THR","THERMON GROUP HOLDINGS INC","THR","THERMON GROUP HOLDINGS","NYSE"
"THRM","GENTHERM INC","THRM","GENTHERM","NASDAQ"
"THRO","ISHARES U.S. THEMATIC ROTATI","THRO","ISHARES US THEMATIC ROTATION ACTIVE ETF","NYSE"
"THRY","THRYV HOLDINGS INC","THRY","THRYV HOLDINGS, INC. COMMON STOCK","NASDAQ"
"THTA","SOFI ENHANCED YIELD ETF","THTA","SOFI ENHANCED YIELD ETF","NYSE"
"THW","ABRDN WORLD HEALTHCARE FUND","THW","ABRDN WORLD HEALTHCARE FUND","NYSE"
"THY","TOEWS AGILITY SHARES DYNAMIC","THY","TOEWS AGILITY SHARES DYNAMIC TACTICAL INCOME ETF","NYSE"
"THYF","T ROWE PRICE US HIGH YIELD","THYF","T ROWE PRICE US HIGH YIELD ETF","NYSE"
"TIC","TIC SOLUTIONS INC","TIC","TIC SOLUTIONS INC","NYSE"
"TIGO","MILLICOM INTL CELLULAR S.A.","TIGO","MILLICOM INTERNATIONAL CELLULAR SA","NASDAQ"
"TIGR","UP FINTECH HOLDING LTD - ADR","TIGR","UP FINTECH HOLDING LTD ADS (15 CLASS A)","NASDAQ"
"TII","TITAN MINING CORP","TII","TITAN MINING CORP","NYSE_AMERICAN"
"TIIV","AAM TODD ITNL IV ETF","TIIV","AAM TODD INTERNATIONAL INTRINSIC VALUE ETF","NYSE"
"TIL","INSTIL BIO INC","TIL","INSTIL BIO, INC. COMMON STOCK","NASDAQ"
"TILE","INTERFACE INC","TILE","INTERFACE INC","NASDAQ"
"TILL","TEUCRIUM AG NO K-1 STRATEGY","TILL","TEUCRIUM AGRICULTURAL STRATEGY NO K-1 ETF","NYSE"
"TILT","FLEXSHARES MORNINGSTAR US MA","TILT","FLEXSHARES MSTAR US MKT FACTOR","BATS"
"TIMB","TIM SA-ADR","TIMB","TIM SA","NYSE"
"TINS","TMPL INTRNL INSIGHTS ETF","TINS","TEMPLETON INTERNATIONAL INSIGHTS ETF","NYSE"
"TINT","PROSHARES SMART MATERIALS","TINT","PROSHARES SMART MATERIALS ETF","NYSE"
"TINY","PROSHARES NANOTECHNOLOGY ETF","TINY","PROSHARES NANOTECHNOLOGY ETF","NYSE"
"TIP","ISHARES TIPS BOND ETF","TIP","ISHARES BARCLAYS TIPS BOND","NYSE"
"TIPD","NORTHN T55 INF DIST L ETF","TIPD","NORTHERN TRUST 2055 INFLATION-LINKED DIST LADDER","NYSE"
"TIPT","TIPTREE INC","TIPT","TIPTREE INC. CLASS A","NASDAQ"
"TIPX","SS SPDR BB 1-10YR TIPS ETF","TIPX","STATE ST SPDR BLOOMBERG 1-10 YR TIPS","NYSE"
"TIPZ","PIMCO BROAD US TIPS INDEX","TIPZ","PIMCO BROAD U.S. TIPS INDEX ET","NYSE"
"TISI","TEAM INC","TISI","TEAM","NYSE"
"TITN","TITAN MACHINERY INC","TITN","TITAN MACHINERY","NASDAQ"
"TIVC","TIVIC HEALTH SYSTEMS INC","TIVC","TIVIC HEALTH SYSTEMS, INC. COMMON STOCK","NASDAQ"
"TJAN","INV E D PRT ETF - 2Y T JAN27","TJAN","INNOVATOR EQUITY DEFINED PROT ETF 2 YR TO JAN 2027","BATS"
"TJGC","TJGC GROUP LTD","TJGC","TJGC GROUP LIMITED","NASDAQ"
"TJUL","INNOVATOR EQUITY DEFINED PRO","TJUL","INNOVATOR EQUITY DEFINED PROTECTION 2 YR JUL 2025","BATS"
"TJUN","FT VEST EMERGING MAR B JUN","TJUN","FIRST TR ETF VIII VEST EM BUFFER ETF JUN","BATS"
"TJX","TJX COMPANIES INC","TJX","TJX COMPANIES","NYSE"
"TK","TEEKAY CORP LTD","TK","TEEKAY CORP LTD","NYSE"
"TKC","TURKCELL ILETISIM HIZMET-ADR","TKC","TURKCELL ILETISIM","NYSE"
"TKLF","TOKYO LIFESTYLE CO LTD","TKLF","TOKYO LIFESTYLE CO., LTD. ADS","NASDAQ"
"TKNO","ALPHA TEKNOVA INC","TKNO","ALPHA TEKNOVA, INC. COMMON STOCK","NASDAQ"
"TKNQ","AMPLIFY TOKENIZATION TECH","TKNQ","AMPLIFY TOKENIZATION TECHNOLOGY ETF","NYSE"
"TKO","TKO GROUP HOLDINGS INC","TKO","TKO GROUP HOLDINGS INC","NYSE"
"TKR","TIMKEN CO","TKR","TIMKEN","NYSE"
"TLCI","TOUCHSTONE INTL EQTY ETF","TLCI","TOUCHSTONE INTERNATIONAL EQUITY ETF","NYSE"
"TLF","TANDY LEATHER FACTORY INC","TLF","TANDY LEATHER FACTORY, INC.","NASDAQ"
"TLG","TOUCHSTONE LRG COMP GRW ETF","TLG","TOUCHSTONE LARGE COMPANY GROWTH ETF","NASDAQ"
"TLH","ISHARES 10-20 YEAR TREASURY","TLH","ISHARES BARCLAYS 10-20 YEAR TR","NYSE"
"TLIH","TEN-LEAGUE INTERNATIONAL HLD","TLIH","TEN-LEAGUE INTERNATIONAL HOLDINGS LIMITED","NASDAQ"
"TLK","TELKOM INDONESIA PERSERO-ADR","TLK","TELEKOMUNIKASI INDONESIA","NYSE"
"TLN","TALEN ENERGY CORP","TLN","TALEN ENERGY CORPORATION","NASDAQ"
"TLNC","TALON CAPITAL CORP-CL A","TLNC","TALON CAPITAL CORP. CLASS A","NASDAQ"
"TLNCU","TALON CAPITAL CORP","TLNCU","TALON CAPITAL CORP. UNT","NASDAQ"
"TLPH","TALPHERA INC","TLPH","TALPHERA, INC.","NASDAQ"
"TLRY","TILRAY BRANDS INC","TLRY","TILRAY BRANDS INC","NASDAQ"
"TLS","TELOS CORPORATION","TLS","TELOS CORPORATION COMMON STOCK","NASDAQ"
"TLSA","TIZIANA LIFE SCIENCES LTD","TLSA","TIZIANA LIFE SCIENCES LTD","NASDAQ"
"TLSI","TRISALUS LIFE SCIENCES INC","TLSI","TRISALUS LIFE SCIENCES, INC.","NASDAQ"
"TLT","ISHARES 20+ YEAR TREASURY BD","TLT","ISHARES 20+ YEAR TREASURY BOND","NASDAQ"
"TLTD","FLEXSHARES MORNINGSTAR DEVEL","TLTD","FLEXSHARES MSTAR DEV MK EX-US","NYSE"
"TLTE","FLEXSHARES MORNINGSTAR EMERG","TLTE","FLEXSHARES MSTAR EMRG MKTS FCT","NYSE"
"TLTI","NEOS ENH IC 20+YR TRE BD ETF","TLTI","NEOS TRUST NEOS ENHANCED INCOME 20+ YEAR TBND","BATS"
"TLTP","AMPLIFY TLT US TR 12% OP ETF","TLTP","AMPLIFY BLOOMBERG US TREASURY TARGET HIGH INCOME","BATS"
"TLTW","ISHARES 20+ BOND BUYWRITE","TLTW","ISHARES 20+YR T-BOND BUYWRITE","BATS"
"TLTX","GLOBAL X T BND ENH INC ETF","TLTX","GLOBAL X TBND ENHANCED INCOME ETF","BATS"
"TLX","TELIX PHARMACEUTICALS LTD","TLX","TELIX PHARMACEUTICALS LIMITED ADS","NASDAQ"
"TLYS","TILLY'S INC-CLASS A SHRS","TLYS","TILLY'S","NYSE"
"TM","TOYOTA MOTOR CORP -SPON ADR","TM","TOYOTA MOTOR","NYSE"
"TMAR","FT VEST EME MAR BUF ETF - MA","TMAR","FIRST TR ETF VIII VEST EM BUFFER ETF MAR","BATS"
"TMAT","MAIN THEMATIC INNOVATION ETF","TMAT","MAIN THEMATIC INNOVATION ETF","BATS"
"TMB","THORNBURG MULTI SECTOR B ETF","TMB","THORNBURG MULTI SECTOR BOND ETF","NASDAQ"
"TMC","TMC THE METALS CO INC","TMC","TMC THE METALS COMPANY INC.","NASDAQ"
"TMCI","TREACE MEDICAL CONCEPTS INC","TMCI","TREACE MEDICAL CONCEPTS, INC.","NASDAQ"
"TMCR","METALS ROYALTY CO INC-THE","TMCR","THE METALS ROYALTY COMPANY INC.","NASDAQ"
"TMDE","TMD ENERGY LTD","TMDE","TMD ENERGY LTD","NYSE_AMERICAN"
"TMDV","PROSHARES RUSSELL US DVD GRW","TMDV","PROSHARES RUSSELL US DIVIDEND GROWERS ETF","BATS"
"TMDX","TRANSMEDICS GROUP INC","TMDX","TRANSMEDICS GROUP, INC. COMMON STOCK","NASDAQ"
"TME","TENCENT MUSIC ENTERTAINM-ADR","TME","TENCENT MUSIC ENTERTAINMENT GROUP","NYSE"
"TMED","T ROWE PRICE HEALTH CARE ETF","TMED","T. ROWE PRICE HEALTH CARE ETF","NASDAQ"
"TMET","ISHARES TE METALS ETF","TMET","ISHARES TRANSITION-ENABLING METALS ETF","NASDAQ"
"TMF","DIR DLY 20+YR TR BL3X ETF-UI","TMF","DIREXION DAILY 20+ YEAR TREASURY BULL 3X ETF","NYSE"
"TMFC","MOTLEY FOOL 100 INDEX ETF","TMFC","MOTLEY FOOL 100 INDEX ETF","BATS"
"TMFE","MOTLEY FOOL CAPITAL EFFICIE","TMFE","RBB FUND MOTLEY FOOL CAPITAL EFFICIENCY 100","BATS"
"TMFG","MOTLEY FOOL GLOBAL OPP","TMFG","MOTLEY FOOL GLOBAL OPPORTUNITIES ETF","BATS"
"TMFM","MOTLEY FOOL MID-CAP GROWTH","TMFM","MOTLEY FOOL MID-CAP GROWTH ETF","BATS"
"TMFS","MOTLEY FOOL SMALL-CAP GROWTH","TMFS","MOTLEY FOOL SMALL-CAP GROWTH ETF","BATS"
"TMFX","MOTLEY FOOL NEXT INDEX ETF","TMFX","MOTLEY FOOL NEXT INDEX ETF","BATS"
"TMH","TOYOTA MOTOR CORPR ADRHEDGED","TMH","TOYOTA MOTOR CORP ADR HEDGED","NYSE"
"TMHC","TAYLOR MORRISON HOME CORP","TMHC","TAYLOR MORRISON HOME CORP","NYSE"
"TMLP","TORTOISE MLP ETF","TMLP","TORTOISE MLP ETF","NYSE"
"TMO","THERMO FISHER SCIENTIFIC INC","TMO","THERMO FISHER SCIENTIFIC","NYSE"
"TMP","TOMPKINS FINANCIAL CORP","TMP","TOMPKINS FINANCIAL","NYSE_AMERICAN"
"TMQ","TRILOGY METALS INC","TMQ","TRILOGY METALS INC","NYSE_AMERICAN"
"TMSF","T ROWE PRICE MS INCOME ETF","TMSF","T. ROWE PRICE MULTI-SECTOR INCOME ETF","NASDAQ"
"TMSL","T.ROWE PRC SMALL-MID CAP ETF","TMSL","T ROWE PRICE SMALL-MID CAP ETF","NYSE"
"TMTS","SPARTACUS ACQUISITION C-CL A","TMTS","SPARTACUS ACQUISITION CORP. II CLASS A","NASDAQ"
"TMTSU","SPARTACUS ACQU CORP II","TMTSU","SPARTACUS ACQUISITION CORP. II UNT","NASDAQ"
"TMUS","T-MOBILE US INC","TMUS","T-MOBILE US, INC. COMMON STOCK","NASDAQ"
"TMUSI","T-MOBILE USA INC","TMUSI","T-MOBILE US, INC. 5.500% SRNT JUN 2070","NASDAQ"
"TMUSL","T-MOBILE USA INC","TMUSL","T-MOBILE US, INC. 6.250% SRNT 2069","NASDAQ"
"TMUSZ","T-MOBILE USA INC","TMUSZ","T-MOBILE US, INC. 5.500% SRNT MAR 2070","NASDAQ"
"TMV","DIR DA 20+YR TRE BE 3X ETF-U","TMV","DIREXION DAILY 20+ YEAR TREASURY BEAR 3X ETF","NYSE"
"TNA","DIR DAI SML CA BUL 3X ET-USD","TNA","DIREXION DAILY SMALL CAP BULL 3X ETF","NYSE"
"TNC","TENNANT CO","TNC","TENNANT","NYSE"
"TNDM","TANDEM DIABETES CARE INC","TNDM","TANDEM DIABETES CARE, INC. COM","NASDAQ"
"TNET","TRINET GROUP INC","TNET","TRINET GROUP, INC","NYSE"
"TNGX","TANGO THERAPEUTICS INC","TNGX","TANGO THERAPEUTICS, INC.","NASDAQ"
"TNGY","TORTOISE ENERGY ETF","TNGY","TORTOISE ENERGY ETF","NYSE"
"TNK","TEEKAY TANKERS LTD-CLASS A","TNK","TEEKAY TANKERS","NYSE"
"TNL","TRAVEL + LEISURE CO","TNL","TRAVEL + LEISURE CO","NYSE"
"TNMG","TNL MEDIAGENE","TNMG","TNL MEDIAGENE","NASDAQ"
"TNON","TENON MEDICAL INC","TNON","TENON MEDICAL INC","NASDAQ"
"TNUK","TORTOISE NUCLEAR RENAISSANCE","TNUK","TORTOISE NUCLEAR RENAISSANCE ETF","NYSE"
"TNXP","TONIX PHARMACEUTICALS HOLDIN","TNXP","TONIX PHARMACEUTICALS HOLDING","NASDAQ"
"TNXT","T ROWE PRICE INNV LDRS ETF","TNXT","T. ROWE PRICE INNOVATION LEADERS ETF","NASDAQ"
"TNYA","TENAYA THERAPEUTICS INC","TNYA","TENAYA THERAPEUTICS, INC. COMMON STOCK","NASDAQ"
"TOAK","TWIN OAK SHRT HRZ ABS RTRN","TOAK","TWIN OAK SHORT HORIZON ABSOLUTE RETURN ETF","NYSE"
"TOCT","INNOVATOR ED P 2 YR TO OCT27","TOCT","INNOVATOR EQUITY DEFINED PROT ETF 2 YR TO OCT 2027","BATS"
"TOGA","TREMBLANT GLOBAL ETF","TOGA","TREMBLANT GLOBAL ETF","NYSE"
"TOI","ONCOLOGY INSTITUTE INC-THE","TOI","THE ONCOLOGY INSTITUTE, INC.","NASDAQ"
"TOK","ISHARES MSCI KOKUSAI ETF","TOK","ISHARES MSCI KOKUSAI","NYSE"
"TOKE","CAMBRIA CANNABIS ETF","TOKE","CAMBRIA CANNABIS ETF","BATS"
"TOL","TOLL BROTHERS INC","TOL","TOLL BROTHERS","NYSE"
"TOLL","TEMA DURABLE QUALITY ETF","TOLL","TEMA ETF TRUST TEMA MONOPOLIES AND OLIGOPOLIES ETF","BATS"
"TOLZ","PROSHARES GLB INFRASTRUCTURE","TOLZ","PROSHARES DJ BROOKFIELD GLOBAL","NYSE"
"TOMZ","TOMI ENVIRONMENTAL SOLUTIONS","TOMZ","TOMI ENVIRONMENTAL SOLUTIONS, INC.","NASDAQ"
"TONX","TON STRATEGY CO","TONX","TON STRATEGY COMPANY","NASDAQ"
"TOON","KARTOON STUDIOS INC","TOON","KARTOON STUDIOS INC","NYSE_AMERICAN"
"TOP","TOP FINANCIAL GROUP LTD A","TOP","TOP FINANCIAL GROUP LTD","NASDAQ"
"TOPC","ISHARES S&P 500 3% CAPPED","TOPC","ISHARES S&P 500 3% CAPPED ETF","NYSE"
"TOPP","TOPPOINT HOLDINGS INC","TOPP","TOPPOINT HOLDINGS INC","NYSE_AMERICAN"
"TOPS","TOP SHIPS INC","TOPS","TOP SHIPS, INC. COMMON STOCK","NYSE_AMERICAN"
"TOPT","ISHARES TOP 20 US STOCKS ETF","TOPT","ISHARES TOP 20 US STOCKS ETF","NYSE"
"TOPW","ROUNDHILL TOP WEEKLYPAY ETF","TOPW","","BATS"
"TORO","TORO CORP","TORO","TORO CORP.","NASDAQ"
"TOS","TWIN OAK ETF COMPANY","TOS","","BATS"
"TOST","TOAST INC-CLASS A","TOST","TOAST INC","NYSE"
"TOT","LIONSHARES US EQ TOT RET ETF","TOT","LION SHARES US EQUITY TOTAL RETURN ETF","NYSE"
"TOTL","SS DOUBLELINE TR TACT ETF","TOTL","STATE STREET DOUBLELINE TOTAL RETURN TACTICAL","NYSE"
"TOTR","T ROWE PRICE TOTAL RETURN ET","TOTR","T ROWE PRICE TOTAL RETURN ETF","NYSE"
"TOUR","TUNIU CORP-SPON ADR","TOUR","TUNIU CORP ADS","NASDAQ"
"TOUS","T ROWE PRC INTERNATIONAL EQ","TOUS","T ROWE PRICE INTERNATIONAL EQUITY ETF","NYSE"
"TOV","JLENS 500 JEWISH ADVY US ETF","TOV","JLENS 500 JEWISH ADVOCACY US ETF","NYSE"
"TOVX","THERIVA BIOLOGICS INC","TOVX","THERIVA BIOLOGICS INC","NYSE_AMERICAN"
"TOWN","TOWNE BANK","TOWN","TOWNE BANK","NASDAQ"
"TOXR","21SHARES XRP ETF","TOXR","21SHARES XRP ETF","BATS"
"TOYO","TOYO CO LTD","TOYO","TOYO CO., LTD","NASDAQ"
"TPAY","RH SP 500 TAR 10 M DIST ETF","TPAY","","BATS"
"TPB","TURNING POINT BRANDS INC","TPB","TURNING POINT BRANDS INC","NYSE"
"TPC","TUTOR PERINI CORP","TPC","TUTOR PERINI","NYSE"
"TPCS","TECHPRECISION CORP","TPCS","TECHPRECISION CORPORATION","NASDAQ"
"TPET","TRIO PETROLEUM CORP","TPET","TRIO PETROLEUM CORP","NYSE_AMERICAN"
"TPG","TPG INC","TPG","TPG INC","NASDAQ"
"TPGXL","TPG OPERATING GROUP II LP","TPGXL","TPG OPERATING GROUP II, LP 6.950% JRSBNT 2064","NASDAQ"
"TPH","TRI POINTE HOMES INC","TPH","TRI POINTE HOMES INC","NYSE"
"TPHD","TIMOTHY PLAN HIGH DVD STCK","TPHD","TIMOTHY PLAN HIGH DIVIDEND STOCK ETF","NYSE"
"TPL","TEXAS PACIFIC LAND CORP","TPL","TEXAS PACIFIC LAND CORP","NYSE"
"TPLC","TIMOTHY PLN US LRG-MID CAP","TPLC","TIMOTHY PLAN US LARGE/MID CAP CORE ETF","NYSE"
"TPOR","DIREX DLY TRN BULL 3X ETF-UI","TPOR","DIREXION DAILY TRANSPORTATION BULL 3X ETF","NYSE"
"TPR","TAPESTRY INC","TPR","TAPESTRY INC","NYSE"
"TPRY","VISTASH TAR 15 TEPRT C D ETF","TPRY","VISTASHARES TARGET 15 TEPRTANTRUM CONTRARIAN DIST","NYSE"
"TPSC","TIMOTHY PLAN US SMALL CAP CO","TPSC","TIMOTHY PLAN US SMALL CAP CORE ETF","NYSE"
"TPST","TEMPEST THERAPEUTICS INC","TPST","TEMPEST THERAPEUTICS, INC. COMMON STOCK","NASDAQ"
"TPTA","TERRA PROPERTY TRUST","TPTA","TERRA PROPERTY TRUST INC 6% NTS","NYSE"
"TPVG","TRIPLEPOINT VENTURE GROWTH B","TPVG","TRIPLEPOINT VENTURE GROWTH BDC","NYSE"
"TPYP","TORTOISE NORTH AMERICAN PIPE","TPYP","TORTOISE NORTH AMERICAN PIPELINE ETF","NYSE"
"TPZ","TORT ELECTF INFRA ETF-USD IN","TPZ","TORTOISE ELECTRIFICATION INFRASTRUCTURE","NYSE"
"TQQQ","PROSHARES ULTRAPRO QQQ","TQQQ","PROSHARES ULTRAPRO QQQ","NASDAQ"
"TQQY","GRANITE YIELDBOOST QQQ","TQQY","GRANITESHARES YIELDBOOST QQQ ETF","NASDAQ"
"TR","TOOTSIE ROLL INDS","TR","TOOTSIE ROLL INDUSTRIES","NYSE"
"TRAK","REPOSITRAK INC","TRAK","REPOSITRAK","NYSE"
"TRAW","TRAWS PHARMA INC","TRAW","TRAWS PHARMA, INC.","NASDAQ"
"TRC","TEJON RANCH CO","TRC","TEJON RANCH","NYSE"
"TRDA","ENTRADA THERAPEUTICS INC","TRDA","ENTRADA THERAPEUTICS, INC. COMMON STOCK","NASDAQ"
"TREE","LENDINGTREE INC","TREE","LENDINGTREE, INC. COMMON STOCK","NASDAQ"
"TREX","TREX COMPANY INC","TREX","TREX COMPANY","NYSE"
"TRFK","PACER DATA AND DIGITAL REV","TRFK","PACER DATA AND DIGITAL REVOLUTION ETF","NYSE"
"TRFM","AAM TRANSFORMERS ETF","TRFM","AAM TRANSFORMERS ETF","NYSE"
"TRGP","TARGA RESOURCES CORP","TRGP","TARGA RESOURCES","NYSE"
"TRGSU","TRG LATIN AMERICA ACQUISITIO","TRGSU","TRG LATIN AMERICA ACQUISITIONS CORP. UNT","NASDAQ"
"TRI","THOMSON REUTERS CORP","TRI","THOMSON REUTERS CORPORATION","NASDAQ"
"TRIB","TRINITY BIOTECH PLC-SPON ADR","TRIB","TRINITY BIOTECH PL","NASDAQ"
"TRIN","TRINITY CAPITAL INC","TRIN","TRINITY CAPITAL INC. COMMON STOCK","NASDAQ"
"TRINI","TRINITY CAPITAL INC","TRINI","TRINITY CAPITAL INC. 7.875% NT 2029","NASDAQ"
"TRINZ","TRINITY CAPITAL INC","TRINZ","TRINITY CAPITAL INC. 7.875% NT 2029","NASDAQ"
"TRIP","TRIPADVISOR INC","TRIP","TRIPADVISOR","NASDAQ"
"TRMB","TRIMBLE INC","TRMB","TRIMBLE INC","NASDAQ"
"TRMD","TORM PLC-A","TRMD","TORM PLC CLASS A COMMON STOCK","NASDAQ"
"TRMK","TRUSTMARK CORP","TRMK","TRUSTMARK","NASDAQ"
"TRN","TRINITY INDUSTRIES INC","TRN","TRINITY INDUSTRIES","NYSE"
"TRND","PACER TRENDPILOT FUNDS OF FD","TRND","PACER TRENDPILOT FUND OF FUNDS ETF","NYSE"
"TRNO","TERRENO REALTY CORP","TRNO","TERRENO REALTY CORP.","NYSE"
"TRNR","INTERACTIVE STRENGTH INC","TRNR","INTERACTIVE STRENGTH INC.","NASDAQ"
"TRNS","TRANSCAT INC","TRNS","TRANSCAT","NASDAQ"
"TRON","TRON INC","TRON","TRON INC.","NASDAQ"
"TROO","TROOPS INC","TROO","TROOPS, INC. ORDINARY SHARES","NASDAQ"
"TROW","T ROWE PRICE GROUP INC","TROW","T. ROWE PRICE","NASDAQ"
"TROX","TRONOX HOLDINGS PLC","TROX","TRONOX HOLDINGS PLC","NYSE"
"TRP","TC ENERGY CORP","TRP","TC ENERGY CORP","NYSE"
"TRPA","HARTFORD AAA CLO ETF","TRPA","HARTFORD AAA CLO ETF","BATS"
"TRS","TRIMAS CORP","TRS","TRIMAS","NASDAQ"
"TRSG","TUNGRAY TECHNOLOGIES INC-A","TRSG","TUNGRAY TECHNOLOGIES INC CLASS A","NASDAQ"
"TRST","TRUSTCO BANK CORP NY","TRST","TRUSTCO BANK N","NASDAQ"
"TRSY","XTRACKERS US 0-1 YR TREASURY","TRSY","DBX ETF TRUST XTRACKERS US 0-1 YEAR TREASURY ETF","BATS"
"TRT","TRIO-TECH INTL","TRT","TRIO-TECH INTERNATIONAL","NYSE_AMERICAN"
"TRTX","TPG RE FINANCE TRUST INC","TRTX","TPG RE FINANCE TRUST INC","NYSE"
"TRTY","CAMBRIA TRINITY ETF","TRTY","CAMBRIA TRINITY ETF","BATS"
"TRU","TRANSUNION","TRU","TRANSUNION","NYSE"
"TRUC","VANECK COM SERVICES TRUS ETF","TRUC","VANECK COMMUNICATION SERVICES TRUSECTOR ETF","NASDAQ"
"TRUD","VANECK CON DISCRETY TRUS ETF","TRUD","VANECK CONSUMER DISCRETIONARY TRUSECTOR ETF","NASDAQ"
"TRUG","TRUGOLF HOLDINGS INC-CL A","TRUG","TRUGOLF, INC. CLASS A","NASDAQ"
"TRUP","TRUPANION INC","TRUP","TRUPANION INC","NASDAQ"
"TRUT","VANECK TECHNLOGY TRUSCTR ETF","TRUT","VANECK TECHNOLOGY TRUSECTOR ETF","NASDAQ"
"TRV","TRAVELERS COS INC-THE","TRV","TRAVELERS COMPANIES","NYSE"
"TRVG","TRIVAGO NV - ADR","TRVG","TRIVAGO N.V. AMERICAN DEPOSITARY SHARES","NASDAQ"
"TRVI","TREVI THERAPEUTICS INC","TRVI","TREVI THERAPEUTICS, INC. COMMON STOCK","NASDAQ"
"TRX","TRX GOLD CORP","TRX","TANZANIAN GOLD CORP","NYSE_AMERICAN"
"TS","TENARIS SA-ADR","TS","TENARIS","NYSE"
"TSAT","TELESAT CORP","TSAT","TELESAT CORPORATION CLASS A CS AND CLASS B","NASDAQ"
"TSBK","TIMBERLAND BANCORP INC","TSBK","TIMBERLAND BANCORP","NASDAQ"
"TSCO","TRACTOR SUPPLY COMPANY","TSCO","TRACTOR SUPPLY","NASDAQ"
"TSDD","GRANITESH 2X SHT TSLA ETF","TSDD","GRANITESHARES 1.5X SHORT TSLA DAILY ETF","NASDAQ"
"TSEC","TOUCHSTONE SECURITIZED INC","TSEC","TOUCHSTONE SECURITIZED INCOME ETF","NYSE"
"TSEL","TOUCHSTONE SANDS SEL GR ETF","TSEL","TOUCHSTONE SANDS CAPITAL US SELECT GROWTH ETF","NASDAQ"
"TSEM","TOWER SEMICONDUCTOR LTD","TSEM","TOWER SEMICONDUCTOR","NASDAQ"
"TSES","TRUTH SCL AMRCN ENG SCRT ETF","TSES","TRUTH SOCIAL AMERICAN ENERGY SECURITY ETF","NYSE"
"TSHA","TAYSHA GENE THERAPIES INC","TSHA","TAYSHA GENE THERAPIES, INC.","NASDAQ"
"TSI","TCW STRATEGIC INCOME FUND","TSI","TCW STRATEGIC INCOME COMMON","NYSE"
"TSIC","TRUTH SOL AMEAN ICONS ETF","TSIC","TRUTH SOCIAL AMERICAN ICONS ETF","NYSE"
"TSII","REX TSLA GROWTH & INCOME ETF","TSII","REX TSLA GROWTH & INCOME ETF","BATS"
"TSL","GRANITESHARES 1.25 LONG TSLA","TSL","GRANITESHARES 1.25X LONG TESLA DAILY ETF","NASDAQ"
"TSLA","TESLA INC","TSLA","TESLA INC.","NASDAQ"
"TSLG","LEVERAGE SHARES 2X TSLA","TSLG","LEVERAGE SHARES 2X LONG TSLA DAILY ETF","NASDAQ"
"TSLI","PROSHARES ULTRA TSLA","TSLI","PROSHARES ULTRA TSLA","NYSE"
"TSLL","DIRX DLY TSLA BUL 2X ETF-AUI","TSLL","DIREXION DAILY TSLA BULL 2X ETF","NASDAQ"
"TSLO","LEV 2X ACC TSLA M ETF","TSLO","LEVERAGE SHARES 2x CAPPED ACCELERATED TSLA","BATS"
"TSLP","KURV YLD PREM STR TSLA ETF","TSLP","KURV YIELD PREMIUM STRATEGY TESLA ETF","BATS"
"TSLQ","TRADR 2X SHORT TSLA DAILY ET","TSLQ","AXS TSLA BEAR DAILY ETF","NASDAQ"
"TSLR","GRANITESH 2X LNG TSLA ETF","TSLR","GRANITESHARES 1.75X LONG TSLA DAILY ETF","NASDAQ"
"TSLS","DIREXION DAILY TSLA BEAR 1X","TSLS","DIREXION DAILY TSLA BEAR 1X ETF","NASDAQ"
"TSLT","T-REX 2X LNG TESLA DLY TRGT","TSLT","T-REX 2X LONG TESLA DAILY TARGET ETF","BATS"
"TSLW","ROUNDHILL TSLA WEEKLYPAY ETF","TSLW","ROUNDHILL ETF TRUST ROUNDHILL TSLA WEEKLYPAY ETF","BATS"
"TSLX","SIXTH STREET SPECIALTY LENDI","TSLX","SIXTH STREET SPECIALTY LENDING INC","NYSE"
"TSLY","YIELDMAX TSLA OPTION INC ETF","TSLY","YIELDMAX TSLA OPTION INCOME STRATEGY ETF","NYSE"
"TSLZ","T-REX 2X INVERSE TESLA DLY","TSLZ","T-REX -2X TESLA DAILY TARGET ETF","BATS"
"TSM","TAIWAN SEMICONDUCTOR-SP ADR","TSM","TAIWAN SEMICONDUCTOR","NYSE"
"TSME","THRIVENT SML-MDC EQ ETF-US I","TSME","THRIVENT SMALL-MID CAP ESG ETF","NYSE"
"TSMG","LEVERAGE SHARES 2X TSM","TSMG","LEVERAGE SHARES 2X LONG TSM DAILY ETF","NASDAQ"
"TSMU","GRANITESHARES 2X L TSM ETF","TSMU","GRANITESHARES 2X LONG TSM DAILY ETF","NASDAQ"
"TSMX","DIRXN DLY TSM BULL 2X ETF-UI","TSMX","DIREXION DAILY TSM BULL 2X ETF","NASDAQ"
"TSMY","YIELDMAX TSM OPT INC STRAT","TSMY","YIELDMAX TSM OPTION INCOME STRATEGY ETF","NYSE"
"TSMZ","DIREXION DAILY TSM BEAR 1X E","TSMZ","DIREXION DAILY TSM BEAR 1X ETF","NASDAQ"
"TSN","TYSON FOODS INC-CL A","TSN","TYSON FOODS","NYSE"
"TSNF","TRUTH SCL AMRCN NXT FRNT ETF","TSNF","TRUTH SOCIAL AMERICAN NEXT FRONTIERS ETF","NYSE"
"TSOL","21SHARES SOLANA ETF","TSOL","21SHARES SOLANA ETF","BATS"
"TSPA","T ROWE PRICE US EQY RESEARCH","TSPA","T ROWE PRICE US EQUITY RESEARCH ETF","NYSE"
"TSPX","TWIN OAK ACTIV OPORTNITI ETF","TSPX","MANAGER DIRECTED PORTFOLIOS TWIN OAK ACTIVE OPPTY","BATS"
"TSPY","TAPPALPHA SPY G AND D IN ETF","TSPY","TAPPALPHA SPY GROWTH & DAILY INCOME ETF","NASDAQ"
"TSQ","TOWNSQUARE MEDIA INC - CL A","TSQ","TOWNSQUARE MEDIA INC","NYSE"
"TSRS","TS AMER RED STATE REITS ETF","TSRS","TRUTH SOCIAL AMERICAN RED STATE REITS ETF","NYSE"
"TSSD","TRUTH SCL AMRC SCRT DFNS ETF","TSSD","TRUTH SOCIAL AMERICAN SECURITY & DEFENSE ETF","NYSE"
"TSSI","TSS INC","TSSI","TSS, INC.","NASDAQ"
"TSUI","21SHARES SUI ETF","TSUI","21SHARES SUI ETF SHARES","NASDAQ"
"TSXD","DRXN D SMIC T 5 BEAR 2X ETF","TSXD","DIREXION DAILY SEMICONDUCTOR TOP 5 BEAR 2X ETF","NYSE"
"TSXU","DX D SMICO TOP 5 BULL 2X ETF","TSXU","DIREXION DAILY SEMICONDUCTOR TOP 5 BULL 2X ETF","NYSE"
"TSYX","TSPY LIFT ETF","TSYX","TSPY LIFT ETF","NASDAQ"
"TSYY","GRANITE YIELDBOOST TSLA ETF","TSYY","GRANITESHARES YIELDBOOST TSLA ETF","NASDAQ"
"TT","TRANE TECHNOLOGIES PLC","TT","TRANE TECHNOLOGIES PLC","NYSE"
"TTAM","TITAN AMERICA SA","TTAM","TITAN AMERICA SA","NYSE"
"TTAN","SERVICETITAN INC-A","TTAN","SERVICETITAN, INC. CLASS A","NASDAQ"
"TTC","TORO CO","TTC","TORO","NYSE"
"TTD","TRADE DESK INC-THE -CLASS A","TTD","THE TRADE DESK, INC. CLASS A","NASDAQ"
"TTDU","T-REX 2XL TTD DAILY TAR ETF","TTDU","ETF OPPTY TRUST T-REX 2X LONG TTD DAILY TARGET ETF","BATS"
"TTE","TOTALENERGIES SE","TTE","TOTALENERGIES SE","NYSE"
"TTEC","TTEC HOLDINGS INC","TTEC","TELETECH HOLDINGS","NASDAQ"
"TTEK","TETRA TECH INC","TTEK","TETRA TECH","NASDAQ"
"TTEQ","T ROWE PRICE TECHNOLOGY ETF","TTEQ","T. ROWE PRICE TECHNOLOGY ETF","NASDAQ"
"TTGT","TECHTARGET INC","TTGT","TECHTARGET","NASDAQ"
"TTI","TETRA TECHNOLOGIES INC","TTI","TETRA TECHNOLOGIES","NYSE"
"TTMI","TTM TECHNOLOGIES","TTMI","TTM TECHNOLOGIES","NASDAQ"
"TTRX","TURN THERAPEUTICS INC","TTRX","TURN THERAPEUTICS INC.","NASDAQ"
"TTT","PROSHARES ULT -3X 20+ YR TSY","TTT","PROSHARES ULTRAPRO SHORT 20+ Y","NYSE"
"TTWO","TAKE-TWO INTERACTIVE SOFTWRE","TTWO","TAKE-TWO INTERACTIVE SFTW","NASDAQ"
"TTXD","DX D TECH TOP 5 BEAR 2X ETF","TTXD","DIREXION DAILY TECHNOLOGY TOP 5 BEAR 2X ETF","NYSE"
"TTXU","DIREXION TECH T5 BULL 2X ETF","TTXU","DIREXION DAILY TECHNOLOGY TOP 5 BULL 2X ETF","NYSE"
"TU","TELUS CORP","TU","TELUS","NYSE"
"TUA","SIM ST TREAS FUT STRAT ETF","TUA","SIMPLIFY SHORT TERM TREASURY FUT STRAT ETF","NYSE"
"TUG","STF TACTICAL GROWTH ETF","TUG","STF TACTICAL GROWTH ETF","NASDAQ"
"TUGN","STF TACTICAL GROWTH INCOME","TUGN","STF TACTICAL GROWTH & INCOME ETF","NASDAQ"
"TULP","BLOOMIA HOLDINGS INC","TULP","BLOOMIA HOLDINGS, INC.","NASDAQ"
"TUR","ISHARES MSCI TURKEY ETF","TUR","ISHARES MSCI TURKEY INVEST MKT","NASDAQ"
"TURF","T ROWE PRICE NAT RES ETF","TURF","T. ROWE PRICE NATURAL RESOURCE ETF","NASDAQ"
"TUSB","THRIVENT ULTRA SHORT BND ETF","TUSB","THRIVENT ULTRA SHORT BOND ETF","NYSE"
"TUSI","TOUCHSTONE ULTRA SHORT INCOM","TUSI","TOUCHSTONE ULTRA SHORT INCOME ETF","BATS"
"TUSK","MAMMOTH ENERGY SERVICES INC","TUSK","MAMMOTH ENERGY SERVICES, INC.","NASDAQ"
"TUYA","TUYA INC","TUYA","TUYA INC","NYSE"
"TV","GRUPO TELEVISA SA-SPON ADR","TV","GRUPO TELEVISA","NYSE"
"TVA","TEXAS VENTURES ACQUISITION-A","TVA","TEXAS VENTURES ACQUISITION III CORP CLASS A","NASDAQ"
"TVAI","THAYER VENTURES ACQUIS CL A","TVAI","THAYER VENTURES ACQUISITION CORPORATION II CLASS A","NASDAQ"
"TVAL","T. ROWE PRICE VALUE ETF","TVAL","T ROWE PRICE VALUE ETF","NYSE"
"TVC","TENNESSE VALLEY AUTH 98 6-1-28","TVC","TENNESSEE VALLEY AUTH PUTABLE","NYSE"
"TVE","TVA PWR BD99 SR A 5-1-29(PARRS","TVE","TENNESSEE VALLEY AUTH 6 1/2 %","NYSE"
"TVGN","TEVOGEN BIO HOLDINGS INC","TVGN","TEVOGEN BIO HOLDINGS INC.","NASDAQ"
"TVRD","TVARDI THERAPEUTICS INC","TVRD","TVARDI THERAPEUTICS, INC.","NASDAQ"
"TVTX","TRAVERE THERAPEUTICS INC","TVTX","TRAVERE THERAPEUTICS, INC. COMMON STOCK","NASDAQ"
"TW","TRADEWEB MARKETS INC-CLASS A","TW","TRADEWEB MARKETS INC. CLASS A","NASDAQ"
"TWAV","TAOWEAVE INC","TWAV","TAOWEAVE, INC.","NASDAQ"
"TWFG","TWFG INC","TWFG","TWFG, INC.","NASDAQ"
"TWG","TOP WEALTH GROUP HLDNG LTD-A","TWG","TOP WEALTH GROUP HOLDING LIMITED CLASS A","NASDAQ"
"TWI","TITAN INTERNATIONAL INC","TWI","TITAN INTERNATIONAL","NYSE"
"TWIN","TWIN DISC INC","TWIN","TWIN DISC","NASDAQ"
"TWLO","TWILIO INC - A","TWLO","TWILIO INC","NYSE"
"TWLV","TWELVE SEAS INVESTMENT CO-A","TWLV","TWELVE SEAS INVESTMENT COMPANY III CLASS A","NASDAQ"
"TWLVU","TWELVE SEAS INVESTMENT CO II","TWLVU","TWELVE SEAS INVESTMENT COMPANY III UNT","NASDAQ"
"TWM","PROSHARES ULTRASHORT R2000","TWM","PROSHARES ULTRASHORT RUSSELL20","NYSE"
"TWN","TAIWAN FUND INC-TH-MD-US INC","TWN","TAIWAN FUND COMMON","NYSE"
"TWO","TWO HARBORS INVESTMENT CORP","TWO","TWO HARBORS INVESTMENT","NYSE"
"TWOD","TWO HBRS INVT CORP SR NT 009.375% 0","TWOD","TWO HARBORS INVESTMENTS CORP 9.375% SRNT 2030","NYSE"
"TWOX","ISHARES LARGE CAP ACCELERATE","TWOX","ISHARES LARGE CAP ACCELERATED ETF","BATS"
"TWST","TWIST BIOSCIENCE CORP","TWST","TWIST BIOSCIENCE CORPORATION","NASDAQ"
"TX","TERNIUM SA-SPONSORED ADR","TX","TERNIUM","NYSE"
"TXBC","21SHRS FTSE C 10 EX-BTC ETF","TXBC","21SHARES FTSE CRYPTO 10 EX-BTC INDEX ETF","NYSE"
"TXG","10X GENOMICS INC-CLASS A","TXG","10X GENOMICS, INC. CLASS A COMMON STOCK","NASDAQ"
"TXMD","THERAPEUTICSMD INC","TXMD","THERAPEUTICSMD, INC.","NASDAQ"
"TXN","TEXAS INSTRUMENTS INC","TXN","TEXAS INSTRUMENTS","NASDAQ"
"TXNM","TXNM ENERGY INC","TXNM","TXNM ENERGY INC","NYSE"
"TXO","TXO PARTNERS LP","TXO","TXO PARTNERS LP UTS","NYSE"
"TXRH","TEXAS ROADHOUSE INC","TXRH","TEXAS ROADHOUSE","NASDAQ"
"TXS","TEXAS EQUITY INDEX ETF","TXS","TEXAS CAPITAL TEXAS EQUITY INDEX ETF","NYSE"
"TXT","TEXTRON INC","TXT","TEXTRON","NYSE"
"TXUE","THORNBURG INTERNTIN EQTY ETF","TXUE","THORNBURG INTERNATIONAL EQUITY ETF","NASDAQ"
"TXXD","21SHARES 2XL DOGECOIN ETF","TXXD","21SHARES 2X LONG DOGECOIN ETF","NASDAQ"
"TXXI","BBLX IRM TAX-AWARE I DUR ETF","TXXI","BONDBLOXX IR+M TAX-AWARE INTERMEDIATE DURATION ETF","NYSE"
"TXXS","21SHARES 2X LONG SUI ETF","TXXS","21SHARES 2X LONG SUI ETF","NASDAQ"
"TY","TRI-CONTINENTAL CORPORATION","TY","TRI-CONTINENTAL CORPORATION CO","NYSE"
"TYA","SIMPLIFY INTERMEDIATE TERM","TYA","SIMPLIFY RISK PARITY TREASURY ETF","BATS"
"TYD","DIR DLY 7-10 Y TR BUL 3X ETF","TYD","DIREXION DAILY 7-10 YEAR TREASURY BULL 3X ETF","NYSE"
"TYG","TORTOISE ENERGY INFRASTRUCT","TYG","TORTOISE ENERGY INFRASTRUCTURE CORP","NYSE"
"TYGO","TIGO ENERGY INC","TYGO","TIGO ENERGY, INC.","NASDAQ"
"TYL","TYLER TECHNOLOGIES INC","TYL","TYLER TECHNOLOGIES","NYSE"
"TYLG","GLOBAL X INF TECH COV CALL","TYLG","GLOBAL X INFO TECH COVERED CALL & GROWTH ETF","NYSE"
"TYO","DIR DAY 7-10TRY BR 3X ETF-UI","TYO","DIREXION DAILY 7-10 YEAR TREASURY BEAR 3X ETF","NYSE"
"TYRA","TYRA BIOSCIENCES INC","TYRA","TYRA BIOSCIENCES, INC. COMMON STOCK","NASDAQ"
"TZA","DIRX DLY SMAL CAP B3X ETF-UI","TZA","DIREXION DAILY SMALL CAP BEAR 3X ETF","NYSE"
"TZOO","TRAVELZOO","TZOO","TRAVELZOO INC. COMMON STOCK","NASDAQ"
"U","UNITY SOFTWARE INC","U","UNITY SOFTWARE INC","NYSE"
"UA","UNDER ARMOUR INC-CLASS C","UA","UNDERARMOUR CLASS C","NYSE"
"UAA","UNDER ARMOUR INC-CLASS A","UAA","UNDER ARMOUR","NYSE"
"UAC","UNITED ACQUISITION CORP I-A","UAC","UNITED ACQUISITION CORP I","NYSE_AMERICAN"
"UAE","ISHARES MSCI UAE ETF","UAE","ISHARES MSCI UAE CAPPED ETF","NASDAQ"
"UAL","UNITED AIRLINES HOLDINGS INC","UAL","UNITED AIRLINES HOLDINGS INC","NASDAQ"
"UAMY","UNITED STATES ANTIMONY CORP","UAMY","UNITED STATES ANTIMONY","NYSE"
"UAN","CVR PARTNERS LP","UAN","CVR PARTNERS","NYSE"
"UAPR","INNOVATOR U.S. EQUITY ULTRA","UAPR","INNOVATOR U.S. EQUITY ULTRA BUFFER ETF APR","BATS"
"UAUG","INNOVATOR U.S. EQUITY ULTRA","UAUG","INNOVATOR U.S. EQUITY ULTRA BUFFER ETF AUG","BATS"
"UAVS","AGEAGLE AERIAL SYSTEMS INC","UAVS","AGEAGLE AERIAL SYSTEMS INC","NYSE_AMERICAN"
"UBCP","UNITED BANCORP INC-OHIO","UBCP","UNITED BANCORP","NASDAQ"
"UBER","UBER TECHNOLOGIES INC","UBER","UBER TECHNOLOGIES INC","NYSE"
"UBND","VICTORYSHARES CORE PLUS BOND","UBND","VICTORYSHARES CORE PLUS BOND ETF","NASDAQ"
"UBOT","DD RA INT & AUTO IB 2X ETF-U","UBOT","DIREXION DAILY ROBOTICS AI AUTO BULL 2X","NYSE"
"UBR","PROSHARES ULTRA MSCI BRAZIL","UBR","PROSHARES ULTRA MSCI BRAZIL","NYSE"
"UBRL","GRANITE 2X LONG UBER ETF","UBRL","GRANITESHARES 2X LONG UBER DAILY ETF","NASDAQ"
"UBS","UBS GROUP AG-REG","UBS","UBS GROUP AG","NYSE"
"UBSI","UNITED BANKSHARES INC","UBSI","UNITED BANKSHARES","NASDAQ"
"UBT","PROSHARES ULTRA 20+ YEAR TSY","UBT","PROSHARES ULTRA 20+ YEAR TREAS","NYSE"
"UBXG","U-BX TECHNOLOGY-A","UBXG","U-BX TECHNOLOGY LTD. CLASS A","NASDAQ"
"UCAR","U POWER LTD-A","UCAR","U POWER LIMITED","NASDAQ"
"UCB","UNITED COMMUNITY BANKS-GA","UCB","UNITED COMMUNITY BANKS INC","NYSE"
"UCC","PROSHARES ULTRA CONSUMER DIS","UCC","PROSHARES ULTRA DISCRETIONARY TRADING","NYSE"
"UCFI","CN HEALTHY FOOD TECH GROUP C","UCFI","CN HEALTHY FOOD TECH GROUP CORP.","NASDAQ"
"UCIB","ETRACS UBS BBG CONS MA SER B","UCIB","ETRACS USB BBERG CONSTMATCOMM TOT RTN B","NYSE"
"UCL","UCLOUDLINK GROUP INC","UCL","3883734","NASDAQ"
"UCO","PROSHARES ULTRA BLOOMBERG CR","UCO","PROSHARES ULTRA BLOOMBERG CRUD","NYSE"
"UCON","FIRST TRUST SMITH UNCONSTRAI","UCON","FIRST TRUST SMITH UNCONSTRAINED BOND ETF","NYSE"
"UCTT","ULTRA CLEAN HOLDINGS INC","UCTT","ULTRA CLEAN HOLDINGS","NASDAQ"
"UCYB","PROSHARES ULTRA NASDAQ CYBR","UCYB","PROSHARES ULTRA NASDAQ CYBERSECURITY ETF","NASDAQ"
"UDEC","INNOVATOR U.S. EQUITY ULTRA","UDEC","INNOVATOR U.S. EQUITY ULTRA BUFFER ETF DEC","BATS"
"UDIV","FRANKLIN U.S. CORE DIVIDEND","UDIV","FRANKLIN US CORE DIVIDEND TILT","NYSE"
"UDMY","UDEMY INC","UDMY","UDEMY, INC. COMMON STOCK","NASDAQ"
"UDN","INVESCO DB US DOLLAR INDEX B","UDN","INVESCO DB US DOLLAR INDEX","NYSE"
"UDOW","PROSHARES ULTRAPRO DOW30","UDOW","PROSHARES ULTRAPRO DOW30","NYSE"
"UDR","UDR INC","UDR","UDR","NYSE"
"UE","URBAN EDGE PROPERTIES","UE","URBAN EDGE PROPERTIES","NYSE"
"UEC","URANIUM ENERGY CORP","UEC","URANIUM ENERGY","NYSE_AMERICAN"
"UECG","LEVERAGE SHARES 2X UEC","UECG","LEVERAGE SHARES 2X LONG UEC DAILY ETF","NASDAQ"
"UEIC","UNIVERSAL ELECTRONICS INC","UEIC","UNIVERSAL ELECTRONICS","NASDAQ"
"UEVM","VICTORYSHARES EMERGING MARKE","UEVM","VICTORYSHARES EMERGING MKTS VALUE MO ETF","NASDAQ"
"UFCS","UNITED FIRE GROUP INC","UFCS","UNITED FIRE GROUP","NASDAQ"
"UFG","UNI-FUELS HOLDINGS LTD","UFG","UNI-FUELS HOLDINGS LIMITED CLASS A","NASDAQ"
"UFI","UNIFI INC","UFI","UNIFI","NYSE"
"UFIV","F-M US TREASURY 5 YEAR NOTE","UFIV","US TREASURY 5 YEAR NOTE ETF","NASDAQ"
"UFO","PROCURE SPACE ETF","UFO","PROCURE SPACE ETF","NASDAQ"
"UFOD","TUTTLE CPITL UFO DISCLSR ETF","UFOD","","BATS"
"UFPI","UFP INDUSTRIES INC","UFPI","UFP INDUSTRIES INC","NASDAQ"
"UFPT","UFP TECHNOLOGIES INC","UFPT","UFP TECHNOLOGIES","NASDAQ"
"UG","UNITED GUARDIAN INC","UG","UNITED-GUARDIAN","NASDAQ"
"UGA","UNITED STATES GAS FUND LP","UGA","UNITED STATES GASOLINE","NYSE"
"UGE","PROSHARES ULTRA CONSUMER STA","UGE","PROSHARES ULTRA CONSUMER STAPLES","NYSE"
"UGI","UGI CORP","UGI","UGI CORP","NYSE"
"UGL","PROSHARES ULTRA GOLD","UGL","PROSHARES ULTRA GOLD","NYSE"
"UGP","ULTRAPAR PARTICPAC-SPON ADR","UGP","ULTRAPAR HOLDINGS","NYSE"
"UHAL","U-HAUL HOLDING CO","UHAL","AMERCO","NYSE"
"UHG","UNITED HOMES GROUP INC","UHG","UNITED HOMES GROUP, INC CLASS A","NASDAQ"
"UHS","UNIVERSAL HEALTH SERVICES-B","UHS","UNIVERSAL HEALTH SERVICES","NYSE"
"UHT","UNIVERSAL HEALTH RLTY INCOME","UHT","UNIVERSAL HEALTH REALTY","NYSE"
"UI","UBIQUITI INC","UI","UBIQUITI NETWORKS INC","NYSE"
"UIS","UNISYS CORP","UIS","UNISYS","NYSE"
"UITB","VICTORYSHARES CORE INTERMEDI","UITB","VICTORYSHARES USAA CORE INTERMEDIATE BOND","NASDAQ"
"UIVM","VICTORYSHARES INTERNATIONAL","UIVM","VICTORYSHARES INTL VALUE MO ETF","NASDAQ"
"UJAN","INNOVATOR U.S. EQUITY ULTRA","UJAN","INNOVATOR U.S. EQUITY ULTRA BUFFER ETF JAN","BATS"
"UJUL","INNOVATOR U.S. EQUITY ULTRA","UJUL","INNOVATOR S&P 500 ULTRA BUFFER ETF","BATS"
"UJUN","INNOVATOR U.S. EQUITY ULTRA","UJUN","INNOVATOR U.S. EQUITY ULTRA BUFFER ETF JUN","BATS"
"UK","UCOMMUNE INTERNATIONAL LTD-A","UK","UCOMMUNE INTERNATIONAL LTD","NASDAQ"
"UL","UNILEVER PLC-SPONSORED ADR","UL","UNILEVER","NYSE"
"ULBI","ULTRALIFE CORP","ULBI","ULTRALIFE BATTERIES","NASDAQ"
"ULCC","FRONTIER GROUP HOLDINGS INC","ULCC","FRONTIER GROUP HOLDINGS, INC.","NASDAQ"
"ULE","PROSHARES ULTRA EURO","ULE","PROSHARES ULTRA EURO","NYSE"
"ULH","UNIVERSAL LOGISTICS HOLDINGS","ULH","UNIVERSAL LOGISTICS HOLDINGS, INC.","NASDAQ"
"ULS","UL SOLUTIONS INC - CLASS A","ULS","UL SOLUTIONS INC","NYSE"
"ULST","SS ULTRA SHORT TM BOND ETF","ULST","STATE ST ULTRA SHORT TERM BOND","NYSE"
"ULTA","ULTA BEAUTY INC","ULTA","ULTA BEAUTY INC","NASDAQ"
"ULTI","REX INCOMEMAX OPTION STRAT","ULTI","REX INCOMEMAX OPTION STRATEGY ETF","NASDAQ"
"UMAC","UNUSUAL MACHINES INC -US","UMAC","UNUSUAL MACHINES INC","NYSE_AMERICAN"
"UMAR","INNOVATOR U.S. EQUITY ULTRA","UMAR","INNOVATOR U.S. EQUITY ULTRA BUFFER ETF MAR","BATS"
"UMAY","INNOVATOR U.S. EQUITY ULTRA","UMAY","INNOVATOR U.S. EQUITY ULTRA BUFFER ETF MAY","BATS"
"UMBF","UMB FINANCIAL CORP","UMBF","UMB FINANCIAL","NASDAQ"
"UMBFO","UMB FINL CORP DEP SHS REPSTG 1-400T","UMBFO","UMB FIN CORP DS (1/400 7.750% PF SERIES B)","NASDAQ"
"UMC","UNITED MICROELECTRON-SP ADR","UMC","UNITED MICROELECTRONICS","NYSE"
"UMDD","PROSHARES ULTRAPRO MIDCAP400","UMDD","PROSHARES ULTRAPRO MIDCAP400","NYSE"
"UMH","UMH PROPERTIES INC","UMH","UMH PROPERTIES","NYSE"
"UMI","USCF MIDSTREAM ENERGY INCOME","UMI","USCF MIDSTREAM ENERGY INCOME FUND ETF","NYSE"
"UMMA","WAHED DOW JONES ISLAMIC WRLD","UMMA","WAHED DOW JONES ISLAMIC WORLD ETF","NASDAQ"
"UNB","UNION BANKSHARES INC -VT","UNB","UNION BANKSHARES","NASDAQ"
"UNCY","UNICYCIVE THERAPEUTICS INC","UNCY","UNICYCIVE THERAPEUTICS, INC.","NASDAQ"
"UNF","UNIFIRST CORP-MA","UNF","UNIFIRST","NYSE"
"UNFI","UNITED NATURAL FOODS INC","UNFI","UNITED NATURAL FOODS","NYSE"
"UNG","US NATURAL GAS FUND LP","UNG","UNITED STATES NATURAL GAS","NYSE"
"UNH","UNITEDHEALTH GROUP INC","UNH","UNITEDHEALTH GROUP","NYSE"
"UNHU","DRXN DLY UNH BULL 2X ETF","UNHU","DIREXION DAILY UNH BULL 2X ETF","NYSE"
"UNHW","ROUNDHILL UNH WEEKLYPAY ETF","UNHW","ROUNDHILL UNH WEEKLYPAY ETF","BATS"
"UNIT","UNITI GROUP INC","UNIT","UNIT GROUP INC","NASDAQ"
"UNL","UNITED STATES 12 MONTH NATUR","UNL","UNITED STATES 12 MONTH NATURAL","NYSE"
"UNM","UNUM GROUP","UNM","UNUM","NYSE"
"UNMA","UNM 6 1-4 06-15-58 PFD","UNMA","UNUM GROUP 6.25% NTS 2058","NYSE"
"UNOV","INNOVATOR U.S. EQUITY ULTRA","UNOV","INNOVATOR U.S. EQUITY ULTRA BUFFER ETF NOV","BATS"
"UNP","UNION PACIFIC CORP","UNP","UNION PACIFIC","NYSE"
"UNTY","UNITY BANCORP INC","UNTY","UNITY BANCORP","NASDAQ"
"UNX","TRADR 2X LONG U DAILY ETF","UNX","TRADR 2X LONG U DAILY ETF","BATS"
"UOCT","INNOVATOR U.S. EQUITY ULTRA","UOCT","INNOVATOR U.S. EQUITY ULTRA BUFFER ETF OCT","BATS"
"UONE","URBAN ONE INC","UONE","URBAN ONE INC","NASDAQ"
"UONEK","URBAN ONE INC","UONEK","URBAN ONE, INC. CLASS D","NASDAQ"
"UP","WHEELS UP EXPERIENCE INC","UP","WHEELS UP EXPERIENCE INC","NYSE"
"UPAR","ULTRA RISK PARITY ETF","UPAR","UPAR ULTRA RISK PARITY ETF","NYSE"
"UPB","UPSTREAM BIO INC","UPB","UPSTREAM BIO, INC.","NASDAQ"
"UPBD","UPBOUND GROUP INC","UPBD","UPBOUND GROUP, INC.","NASDAQ"
"UPC","UNIVERSE PHARMACEUTICAL-CL A","UPC","UNIVERSE PHARMACEUTICALS INC. CLASS A","NASDAQ"
"UPGD","INVESCO BLOOMBERG ANALYST RA","UPGD","INVESCO BLOOMBERG ANALYST RATING IMPROVERS ETF","NYSE"
"UPGR","XTRACKERS US GREEN INFRA ETF","UPGR","XTRACKERS US GREEN INFRASTRUCTURE SELECT","NASDAQ"
"UPLD","UPLAND SOFTWARE INC","UPLD","UPLAND SOFTWARE, INC. COMMON S","NASDAQ"
"UPRO","PROSHARES ULTRAPRO S&P 500","UPRO","PROSHARES ULTRAPRO S&P 500","NYSE"
"UPS","UNITED PARCEL SERVICE-CL B","UPS","UNITED PARCEL SERVICE","NYSE"
"UPSD","APTUS LARGE CAP UPSIDE ETF","UPSD","APTUS LARGE CAP UPSIDE ETF","BATS"
"UPST","UPSTART HOLDINGS INC","UPST","UPSTART HOLDINGS, INC. COMMON STOCK","NASDAQ"
"UPSX","TRADR 2X LONG UPST DAILY ETF","UPSX","TRADR 2X LONG QBTS DAILY ETF UPST DAILY ETF","BATS"
"UPV","PROSHARES ULTRA FTSE EUROPE","UPV","PROSHARES ULTRA FTSE EUROPE","NYSE"
"UPW","PROSHARES ULTRA UTILITIES","UPW","PROSHARES ULTRA UTILITIES","NYSE"
"UPWK","UPWORK INC","UPWK","UPWORK INC. COMMON STOCK","NASDAQ"
"UPXI","UPEXI INC","UPXI","UPEXI, INC.","NASDAQ"
"URA","GLOBAL X URANIUM ETF","URA","GLOBAL X URANIUM ETF","NYSE"
"URAA","DIR DA URA IND BU 2X ETF-USD","URAA","DIREXION DAILY URANIUM INDUSTRY BULL 2X ETF","NYSE"
"URAN","THEMES URANIUM & NUCLEAR ETF","URAN","THEMES ETF TRUST THEMES URANIUM & NUCLEAR ETF","BATS"
"URBN","URBAN OUTFITTERS INC","URBN","URBAN OUTFITTERS","NASDAQ"
"URE","PROSHARES ULTRA REAL ESTATE","URE","PROSHARES ULTRA REAL ESTATE","NYSE"
"URG","UR-ENERGY INC","URG","UR-ENERGY","NYSE_AMERICAN"
"URGN","UROGEN PHARMA LTD","URGN","UROGEN PHARMA LTD. ORDINARY SHARES","NASDAQ"
"URI","UNITED RENTALS INC","URI","UNITED RENTALS","NYSE"
"URNJ","SPROTT JR URANIUM MINERS ETF","URNJ","SPROTT JUNIOR URANIUM MINERS ETF","NASDAQ"
"URNM","SPROTT URANIUM MINERS ETF","URNM","SPROTT URANIUM MINERS ETF","NYSE"
"UROY","URANIUM ROYALTY CORP","UROY","URANIUM ROYALTY CORP. COMMON STOCK","NASDAQ"
"URSP","PROSHARES ULTRA S&P EQL WGHT","URSP","PROSHARES ULTRA S&P 500 EQUAL WEIGHT","NYSE"
"URTH","ISHARES MSCI WORLD ETF","URTH","ISHARES MSCI WORLD INDEX FUND","NYSE"
"URTY","PROSHARES ULTRAPRO RUSS2000","URTY","PROSHARES ULTRAPRO RUSSELL2000","NYSE"
"USA","LIBERTY ALL STAR EQUITY FUND","USA","LIBERTY ALL-STAR EQUITY COMMON","NYSE"
"USAC","USA COMPRESSION PARTNERS LP","USAC","USA COMPRESSION PARTNERS LP","NYSE"
"USAF","ATLAS AMERICA FUND","USAF","ATLAS AMERICA FUND","NASDAQ"
"USAR","USA RARE EARTH INC","USAR","USA RARE EARTH, INC. CLASS A","NASDAQ"
"USAS","AMERICAS GOLD AND SILVER COR","USAS","AMERICAS SILVER CORP","NYSE_AMERICAN"
"USAU","US GOLD CORP","USAU","U.S. GOLD CORP. COMMON STOCK","NASDAQ"
"USAX","TRADR 2X LONG USAR","USAX","TRADR 2X LONG USAR DAILY ETF","BATS"
"USB","US BANCORP","USB","U.S. BANCORP","NYSE"
"USBC","USBC INC","USBC","USBC INC","NYSE_AMERICAN"
"USCA","XTRACK MSCI USA CLIM ACT EQ","USCA","XTRACKERS MSCI USA CLIMATE ACTION EQUITY ETF","NYSE"
"USCB","USCB FINANCIAL HOLDINGS INC","USCB","US CENTURY BANK CLASS A","NASDAQ"
"USCI","UNITED STATES COMMODITY INDE","USCI","UNITED STATES COMMODITY INDEX","NYSE"
"USCL","ISHARES CLIMATE CONSCIOUS","USCL","ISHARES CLIMATE NSCIOUS & TRANSITION MSCI USA","NASDAQ"
"USD","PROSHARES ULTRA SEMICONDUCT","USD","PROSHARES ULTRA SEMICONDUCTORS","NYSE"
"USDU","WISDOMTREE BBG USD BULLISH","USDU","WISDOMTREE BLOOMBERG US DOLLAR","NYSE"
"USDX","SGI ENHANCED CORE ETF","USDX","SGI ENHANCED CORE ETF","NASDAQ"
"USE","USCF ENERGY CMDTY ABS RTN","USE","USCF ENERGY COMMODITY STRATEGY ABSOLUTE RETURN","NYSE"
"USEA","UNITED MARITIME CORP","USEA","UNITED MARITIME CORPORATION","NASDAQ"
"USEG","U S ENERGY CORP - DELAWARE","USEG","U.S. ENERGY","NASDAQ"
"USEP","INNOVATOR U.S. EQUITY ULTRA","USEP","INNOVATOR U.S. EQUITY ULTRA BUFFER ETF SEP","BATS"
"USEW","CAMBRIA US EW ETF","USEW","CAMBRIA US EW ETF","BATS"
"USFD","US FOODS HOLDING CORP","USFD","US FOODS HOLDING CORP","NYSE"
"USFR","WISDOMTREE FLOATING RATE TRE","USFR","WISDOMTREE FLOATING RATE TREASURY FUND","NYSE"
"USG","USCF GOLD STRATEGY PLUS INCO","USG","USCF GOLD STRATEGY PLUS INCOME FUND","NYSE"
"USGG","LEVERAGE SHARES 2X USAR","USGG","LEVERAGE SHARES 2X LONG USAR DAILY ETF","NASDAQ"
"USGO","US GOLDMINING INC","USGO","U.S. GOLDMINING INC.","NASDAQ"
"USHY","ISHARES BROAD USD HIGH YIELD","USHY","LIF BOD USD HYB DD","BATS"
"USIG","ISHARES BROAD USD INVESTMENT","USIG","ISHARES BROAD USD INVESTMENT GRADE CRP BND ETF","NASDAQ"
"USIN","WT 7-10 YR LDR TRSY FD","USIN","WISDOMTREE 7-10 YEAR LADDERED TREASURY FUND","NASDAQ"
"USIO","USIO INC","USIO","USIO INC","NASDAQ"
"USL","UNITED STATES 12 MONTH OIL","USL","UNITED STATES 12 MONTH OIL","NYSE"
"USLM","UNITED STATES LIME & MINERAL","USLM","UNITED STATES LIME","NASDAQ"
"USMC","PRINCIPAL US MEGA-CAP ETF","USMC","PRINCIPAL U.S. MEGA-CAP INDEX ETF","NASDAQ"
"USMD","COREVALUES AMER F TECH ETF","USMD","COREVALUES AMERICA FIRST TECHNOLOGY ETF","NYSE"
"USMF","WISDOMTREE US MULTIFACTOR FU","USMF","WISDOMTREE U.S. MULTIFACTOR FUND QUOTE","BATS"
"USMV","ISHARES MSCI USA MIN VOL FAC","USMV","ISHARES EDGE MSCI MIN VOL USA","BATS"
"USNA","USANA HEALTH SCIENCES INC","USNA","USANA HEALTH SCIENCES","NYSE"
"USNG","AMPLIFY SAMSUNG US NTRL GAS","USNG","AMPLIFY SAMSUNG US NATURAL GAS INFRASTRUCTURE ETF","NYSE"
"USNZ","XTRACKERS NET ZERO US ETF","USNZ","XTRACKERS NET ZERO PATHWAY PARIS ALIGNED US EQUITY","NYSE"
"USOI","UBS AG ETR CR OIL SHAR COV","USOI","CREDIT SUISSE X-LINKS CRUDE OIL SHARES VERED CALL","NASDAQ"
"USOY","DEFIANCE OIL END OPT INC ETF","USOY","DEFIANCE OIL ENHANCED OPTIONS INCOME ETF","NASDAQ"
"USPH","U.S. PHYSICAL THERAPY INC","USPH","U.S. PHYSICAL THERAPY","NYSE"
"USPX","FRANKLIN U.S. EQUITY INDEX E","USPX","FRANKLIN US EQUITY INDEX","NYSE"
"USRT","ISHARES CORE US REIT ETF","USRT","ISHARES CORE US REIT ETF","NYSE"
"USSE","SBH SELECT EQUITY ETF","USSE","SEGALL BRYANT & HAMILL SELECT EQUITY ETF","NYSE"
"USSG","XTRACKERS MSCI USA SELE EQTY","USSG","XTRACKERS MSCI USA ESG LEADERS EQUITY ETF","NYSE"
"USSH","WISDOMTREE 1-3 Y LAD TRY FD","USSH","WISDOMTREE 1-3 YEAR LADDERED TREASURY FUND","NASDAQ"
"UST","PROSHARES ULTRA 7-10 YEAR TR","UST","PROSHARES ULTRA 7-10 YEAR TREA","NYSE"
"USTB","VICTORYSHARES SHORT-TERM BON","USTB","VICTORYSHARES USAA CORE SHORT TERM BOND","NASDAQ"
"USVM","VICTORYSHARES US SMALL MID C","USVM","VICTORYSHARES US SMALL MID CAP VALUE MO","NASDAQ"
"USVN","F-M US TREASURY 7 YEAR NOTE","USVN","US TREASURY 7 YEAR NOTE ETF","NASDAQ"
"USXF","ISHARES ESG ADVANCE MSCI USA","USXF","ISHARES ESG ADVANCED MSCI USA E","NASDAQ"
"UTEN","F-M US TREASURY 10 YEAR NOTE","UTEN","US TREASURY 10 YEAR NOTE ETF","NASDAQ"
"UTES","VIRTUS REAVES UTILITIES ETF","UTES","VIRTUS REAVES UTILITIES ETF","NYSE"
"UTF","COHEN & STEERS INFRASTRUCTUR","UTF","COHEN & STEERS INFRASTRUCTURE","NYSE"
"UTG","REAVES UTILITY INCOME FUND","UTG","REAVES UTILITY INCOME COMMON","NYSE_AMERICAN"
"UTHR","UNITED THERAPEUTICS CORP","UTHR","UNITED THERAPEUTICS","NASDAQ"
"UTHY","F-M US TREASURY 30 YEAR BOND","UTHY","US TREASURY 30 YEAR BOND ETF","NASDAQ"
"UTI","UNIVERSAL TECHNICAL INSTITUT","UTI","UNIVERSAL TECHNICAL INST","NYSE"
"UTL","UNITIL CORP","UTL","UNITIL CORPORATION","NYSE"
"UTMD","UTAH MEDICAL PRODUCTS INC","UTMD","UTAH MEDICAL PRODUCTS","NASDAQ"
"UTSI","UTSTARCOM HOLDINGS CORP","UTSI","UTSTARCOM HOLDINGS CORP ORDINA","NASDAQ"
"UTSL","DIRX DLY UTILITIS B3X ETF-UI","UTSL","DIREXION DAILY UTILITIES BULL 3X ETF","NYSE"
"UTWO","F-M US TREASURY 2 YEAR NOTE","UTWO","US TREASURY 2 YEAR NOTE ETF","NASDAQ"
"UTWY","F-M US TREASURY 20 YEAR BOND","UTWY","US TREASURY 20 YEAR BOND ETF","NASDAQ"
"UTZ","UTZ BRANDS INC","UTZ","UTZ BRANDS INC","NYSE"
"UUP","INVESCO DB US DOLLAR INDEX B","UUP","INVESCO DB USD INDEX BULLISH FUND ETF","NYSE"
"UUU","UNIVERSAL SAFETY PRODUCTS IN","UUU","UNIVERSAL SAFETY PRODUCTS INC","NYSE_AMERICAN"
"UUUG","LEVERAGE SHARES 2X UUUU","UUUG","LEVERAGE SHARES 2X LONG UUUU DAILY ETF","NASDAQ"
"UUUU","ENERGY FUELS INC","UUUU","ENERGY FUELS INC.","NYSE_AMERICAN"
"UVE","UNIVERSAL INSURANCE HOLDINGS","UVE","UNIVERSAL INSURANCE","NYSE"
"UVIX","2X LONG VIX FUTURES ETF","UVIX","VS TRUST - 2X LONG VIX FUTURES ETF","BATS"
"UVSP","UNIVEST FINANCIAL CORP","UVSP","UNIVEST CORPORATION OF PA","NASDAQ"
"UVV","UNIVERSAL CORP-VA","UVV","UNIVERSAL","NYSE"
"UVXY","PROSHARES ULTRA VIX ST FUTUR","UVXY","PROSHARES ULTRA VIX SHORT-TERM","BATS"
"UWM","PROSHARES ULTRA RUSSELL2000","UWM","PROSHARES ULTRA RUSSELL2000","NYSE"
"UWMC","UWM HOLDINGS CORP","UWMC","UWM HOLDINGS CORP","NYSE"
"UX","ROUNDHILL URANIUM ETF","UX","ROUNDHILL ETF TRUST ROUNDHILL URANIUM ETF","BATS"
"UXAP","FT VEST US UNCAP ACC ETF APR","UXAP","FIRST TR VIII VEST US EQUITY UNCAPPED ELERATOR APR","BATS"
"UXI","PROSHARES ULTRA INDUSTRIALS","UXI","PROSHARES ULTRA INDUSTRIALS","NYSE"
"UXIN","UXIN LTD - ADR","UXIN","UXIN LIMITED ADS","NASDAQ"
"UXJL","FT US EQ UCPD ACCL ETF - JUL","UXJL","FIRST TR VIII VEST US EQUITY UNCAPPED ELERATOR JUL","BATS"
"UXRP","PROSHARES ULTRA XRP ETF","UXRP","PROSHARES ULTRA XRP ETF","NYSE"
"UYG","PROSHARES ULTRA FINANCIALS","UYG","PROSHARES ULTRA FINANCIALS","NYSE"
"UYLD","ANGEL OAK ULTRASHORT INCOME","UYLD","ANGEL OAK ULTRASHORT INCOME ETF","NASDAQ"
"UYM","PROSHARES ULTRA MATERIALS","UYM","PROSHARES ULTRA MATERIALS TRADING","NYSE"
"UYSC","UY SCUTI ACQUISITION CORP","UYSC","UY SCUTI ACQUISITION CORP.","NASDAQ"
"UYSCU","UY SCUTI ACQUISITION CORP","UYSCU","UY SCUTI ACQUISITION CORP. UNT","NASDAQ"
"UZD","UNITED STATES CELLULAR C","UZD","US CELLULAR 6.25% NTS 2069","NYSE"
"UZE","US CELLULAR CORP","UZE","US CELLULAR CORP 5.5% NTS","NYSE"
"UZF","US CELLULAR CORP","UZF","UNITED STATES CELLULAR CORP 5.500% SRNT 2070","NYSE"
"V","VISA INC-CLASS A SHARES","V","VISA","NYSE"
"VABK","VIRGINIA NATIONAL BANKSHARES","VABK","VIRGINIA NATIONAL BANKSHARES CORPORATION","NASDAQ"
"VAC","MARRIOTT VACATIONS WORLD","VAC","MARRIOTT VACATIONS WORLDWIDE","NYSE"
"VACH","VOYAGER ACQUISITION CORP","VACH","VOYAGER ACQUISITION CORP CLASS A","NASDAQ"
"VACHU","VOYAGER ACQUISITION CORP","VACHU","VOYAGER ACQUISITION CORP UNT","NASDAQ"
"VACI","VIKING ACQUISITION CORP - A","VACI","VIKING ACQUISITION CORP I","NYSE"
"VAL","VALARIS LTD","VAL","VALARIS LTD","NYSE"
"VALE","VALE SA-SP ADR","VALE","VALE","NYSE"
"VALN","VALNEVA SE - ADR","VALN","VALNEVA SE AMERICAN DEPOSITARY SHARES","NASDAQ"
"VALQ","AMERICAN CENTURY US QUALITY","VALQ","AMERICAN CENTURY U.S. QUALITY VALUE ETF","NYSE"
"VALU","VALUE LINE INC","VALU","VALUE LINE","NASDAQ"
"VAMO","CAMBRIA VALUE & MOMENTUM ETF","VAMO","CAMBRIA VALUE AND MOMENTUM FUND","BATS"
"VANI","VIVANI MEDICAL INC","VANI","VIVANI MEDICAL, INC.","NASDAQ"
"VATE","INNOVATE CORP","VATE","INNOVATE CORP.","NYSE"
"VAVX","VANECK AVALANCHE ETF","VAVX","VANECK AVALANCHE ETF","NASDAQ"
"VAW","VANGUARD MATERIALS ETF","VAW","VANGUARD MATERIALS ETF","NYSE"
"VB","VANGUARD SMALL-CAP ETF","VB","VANGUARD SMALL CAP ETF","NYSE"
"VBCB","VANGRD TRGT MAT 2028 CB ETF","VBCB","VANGUARD TARGET MATURITY 2028 CORPORATE BOND ETF","NASDAQ"
"VBF","INVESCO BOND FUND","VBF","INVESCO BOND FUND COMMON","NYSE"
"VBIL","VANGUARD 0-3M T-BILL ETF","VBIL","VANGUARD 0-3 MONTH TREASURY BILL ETF","NASDAQ"
"VBIX","VIEWBIX INC","VBIX","VIEWBIX INC.","NASDAQ"
"VBK","VANGUARD SMALL-CAP GRWTH ETF","VBK","VANGUARD SMALL CAP GROWTH ETF","NYSE"
"VBND","VIDENT US BOND STRAT ETF","VBND","VIDENT CORE U.S. BOND STRATEGY","NYSE"
"VBNK","VERSABANK","VBNK","VERSABANK COMMON SHARES","NASDAQ"
"VBR","VANGUARD SMALL-CAP VALUE ETF","VBR","VANGUARD SMALL CAP VALUE ETF","NYSE"
"VC","VISTEON CORP","VC","VISTEON CORPORATION COMMON STOCK","NASDAQ"
"VCEB","VANGUARD ESG US CORP BOND","VCEB","VANGUARD ESG US CORPORATE BOND ETF","BATS"
"VCEL","VERICEL CORP","VCEL","AASTROM BIOSCIENCES, INC. COMM","NASDAQ"
"VCIG","VCI GLOBAL LTD","VCIG","VCI GLOBAL LIMITED","NASDAQ"
"VCIT","VANGUARD INT-TERM CORPORATE","VCIT","VANGUARD INTERM-TM CORP BD IDX","NASDAQ"
"VCLN","VIRTUS DUFF & PHELPS CLEAN E","VCLN","VIRTUS DUFF & PHELPS CLEAN ENERGY ETF","NYSE"
"VCLT","VANGUARD LONG-TERM CORP BOND","VCLT","VANGUARD LONG-TERM CORP BOND I","NASDAQ"
"VCR","VANGUARD CONSUMER DISCRE ETF","VCR","VANGUARD CONSUMER DISCRETIONAR","NYSE"
"VCRB","VANGUARD CORE BOND ETF","VCRB","VANGUARD CORE BOND ETF","NASDAQ"
"VCRM","VANGUARD CORE TAX-EX BOND","VCRM","VANGUARD TAX-MNGD FUNDS CORE TAX-EXEMPT BOND ETF","BATS"
"VCSH","VANGUARD S-T CORP BOND ETF","VCSH","VANGUARD SHORT-TERM CORP BD ID","NASDAQ"
"VCTR","VICTORY CAPITAL HOLDING - A","VCTR","VICTORY CAPITAL HOLDINGS, INC. CLASS A","NASDAQ"
"VCV","INVESCO CA VAL MUNI INC TR","VCV","INVESCO CA VALUE MUNI COMMON","NYSE"
"VCX","FUNDRSE INOVATIN FUND LLC","VCX","FUNDRISE INNOVATION FUND, LLC","NYSE"
"VCYT","VERACYTE INC","VCYT","VERACYTE, INC. COMMON STOCK","NASDAQ"
"VDC","VANGUARD CONSUMER STAPLE ETF","VDC","VANGUARD CONSUMER STAPLES ETF","NYSE"
"VDE","VANGUARD ENERGY ETF","VDE","VANGUARD ENERGY ETF","NYSE"
"VDIG","VG WMC DIVIDEND GROWTH ETF","VDIG","VANGUARD WELLINGTON DIVIDEND GROWTH ACTIVE ETF","BATS"
"VEA","VANGUARD FTSE DEVELOPED ETF","VEA","VANGUARD MSCI EAFE ETF","NYSE"
"VECO","VEECO INSTRUMENTS INC","VECO","VEECO INSTRUMENTS","NASDAQ"
"VEEA","VEEA INC","VEEA","VEEA INC.","NASDAQ"
"VEEE","TWIN VEE POWERCATS CO","VEEE","TWIN VEE POWERCATS CO","NASDAQ"
"VEEV","VEEVA SYSTEMS INC-CLASS A","VEEV","VEEVA SYSTEMS INC","NYSE"
"VEGA","ADVSHRS STAR GBL BUY-WRITE","VEGA","ADVISORSHARES STAR GLOBAL BUY-","NYSE"
"VEGI","ISHARES MSCI AGRICULTURE PRO","VEGI","ISHARES MSCI AGRICULTURE PRODUCERS ETF","NYSE"
"VEGN","US VEGAN CLIMATE ETF","VEGN","US VEGAN CLIMATE ETF","BATS"
"VEL","VELOCITY FINANCIAL INC","VEL","VELOCITY FINANCIAL INC","NYSE"
"VELO","VELO3D INC","VELO","VELO3D, INC.","NASDAQ"
"VEM","VIRTUS EMRG MRKT DVD ETF","VEM","VIRTUS EMERGING MARKETS DIVIDEND ETF","NYSE"
"VEMY","VIR S-H EMRG MKT HY BND ETF","VEMY","VIRTUS STONE HARBOR EMER MKTS HIGH YIELD BOND ETF","NYSE"
"VENU","VENU HOLDING CORP","VENU","VENU HOLDING CORP","NYSE_AMERICAN"
"VEON","VEON LTD","VEON","VEON LTD. ADS","NASDAQ"
"VERA","VERA THERAPEUTICS INC","VERA","VERA THERAPEUTICS, INC. CLASS A","NASDAQ"
"VERI","VERITONE INC","VERI","VERITONE, INC. COMMON STOCK","NASDAQ"
"VERU","VERU INC","VERU","VERU INC","NASDAQ"
"VERX","VERTEX INC - CLASS A","VERX","VERTEX, INC. CLASS A COMMON STOCK","NASDAQ"
"VET","VERMILION ENERGY INC","VET","VERMILION ENERGY INC","NYSE"
"VETZ","ACADEMY VETERAN BOND ETF-USD","VETZ","ACADEMY VETERAN BOND ETF","NYSE"
"VEU","VANGUARD FTSE ALL-WORLD EX-U","VEU","VANGUARD FTSE ALL-WORLD EX-US","NYSE"
"VEXC","VANGUARD EMER MARK EX-CH ETF","VEXC","VANGUARD EMERGING MARKETS EX-CHINA ETF","NYSE"
"VFC","VF CORP","VFC","VF","NYSE"
"VFF","VILLAGE FARMS INTERNATIONAL","VFF","VILLAGE FARMS INTERNATIONAL, INC.","NASDAQ"
"VFH","VANGUARD FINANCIALS ETF","VFH","VANGUARD FINANCIALS ETF","NYSE"
"VFL","ABRDN NATIONAL MUNICIPAL INC","VFL","ABRDN NATIONAL MUNICIPAL INCOME FUND","NYSE_AMERICAN"
"VFLO","VICTORYSHARES FREE CASH FLOW","VFLO","VICTORYSHARES FREE CASH FLOW ETF","NASDAQ"
"VFMF","VANGUARD US MULTIFACTOR ETF","VFMF","VANGUARD US MULTIFACTOR ETF","BATS"
"VFMO","VANGUARD US MOMENTUM FACTOR","VFMO","VANGUARD US MOMENTUM FACTOR ETF","BATS"
"VFMV","VANGUARD US MINIMUM VOLATILI","VFMV","VANGUARD US MINIMUM VOLATILITY ETF","BATS"
"VFQY","VANGUARD U.S. QUALITY FACTOR","VFQY","VANGUARD US QUALITY FACTOR ETF","BATS"
"VFS","VINFAST AUTO LTD","VFS","VINFAST AUTO LTD.","NASDAQ"
"VFVA","VANGUARD U.S. VALUE FACTOR","VFVA","VANGUARD WELLINGTON FUND ETF","BATS"
"VG","VENTURE GLOBAL INC-CL A","VG","VENTURE GLOBAL INC","NYSE"
"VGAS","VERDE CLEAN FUELS INC","VGAS","VERDE CLEAN FUELS, INC. CLASS A","NASDAQ"
"VGHY","VANGUARD HIGH-YIELD ACT ETF","VGHY","VANGUARD HIGH-YIELD ACTIVE HIGH-YIELD ACTIVE","BATS"
"VGI","VIRTUS GLOBAL MULTI-SECTOR","VGI","VIRTUS GLOBAL MULTI-SECTOR INC","NYSE"
"VGIT","VANGUARD INTERMEDIATE-TERM T","VGIT","VANGUARD INTERM-TM TREASURY ETF","NASDAQ"
"VGK","VANGUARD FTSE EUROPE ETF","VGK","VANGUARD FTSE EUROPE ETF","NYSE"
"VGLT","VANGUARD LONG-TERM TREASURY","VGLT","VANGUARD LONG-TERM TREASURY","NASDAQ"
"VGM","INVESCO TRUST FOR INVESTMEN","VGM","INVESCO TRUST FOR INVESTMENT GRADE MUNI","NYSE"
"VGMS","VANGUARD MULTI-SECTOR","VGMS","VANGUARD MALVERN FUNDS MULTI-SCTR INCOME BOND ETF","BATS"
"VGNT","VERSIGENT PLC","VGNT","","NYSE"
"VGSH","VANGUARD SHORT-TERM TREASURY","VGSH","VANGUARD SHORT-TERM TREASURY ETF","NASDAQ"
"VGSR","VERT GLB SUST RE ETF","VGSR","VERT GLOBAL SUSTAINABLE REAL ESTATE ETF","NASDAQ"
"VGT","VANGUARD INFO TECH ETF","VGT","VANGUARD INFORMATION TECHNOLOG","NYSE"
"VGUS","VANGUARD ULTRA SHRT TREASURY","VGUS","VANGUARD ULTRA-SHORT TREASURY ETF","NASDAQ"
"VGVT","VANGUARD GOVT SEC ACTIVE ETF","VGVT","VANGAURD GOVERNMENT SECURITIES ACTIVE ETF","NYSE"
"VGZ","VISTA GOLD CORP","VGZ","VISTA GOLD","NYSE_AMERICAN"
"VHC","VIRNETX HOLDING CORP","VHC","VIRNETX HC","NASDAQ"
"VHCP","VINE HILL CAPITAL INVES-CL A","VHCP","VINE HILL CAPITAL INVESTMENT CORP. II CLASS A","NASDAQ"
"VHCPU","VINE HILL CAPITAL INVESTMENT","VHCPU","VINE HILL CAPITAL INVESTMENT CORP. II UNT","NASDAQ"
"VHI","VALHI INC","VHI","VALHI","NYSE"
"VHT","VANGUARD HEALTH CARE ETF","VHT","VANGUARD HEALTH CARE ETF","NYSE"
"VHUB","VENHUB GLOBAL INC","VHUB","VENHUB GLOBAL, INC.","NASDAQ"
"VIA","VIA TRANSPORTATION INC-CL A","VIA","VIA TRANSPORTATION INC","NYSE"
"VIASP","VIA RENEWABLES INC","VIASP","VIA RENEWABLES, INC. 8.75% SERIES A PF","NASDAQ"
"VIAV","VIAVI SOLUTIONS INC","VIAV","VIAVI SOLUTIONS INC COMMON STOCK","NASDAQ"
"VICE","ADVISORSHARES VICE ETF","VICE","ADVISORSHARES VICE ETF","NYSE"
"VICI","VICI PROPERTIES INC","VICI","VICI PPTYS INC COMMON STOCK","NYSE"
"VICR","VICOR CORP","VICR","VICOR","NASDAQ"
"VIG","VANGUARD DIVIDEND APPREC ETF","VIG","VANGUARD DIVIDEND APPRECIATION","NYSE"
"VIGI","VANGUARD INT DIV APP INDX FD","VIGI","VANGUARD WHITEHALL FUNDS INTL DIV APPRECIATION ETF","NASDAQ"
"VIK","VIKING HOLDINGS LTD","VIK","VIKING HOLDINGS LTD","NYSE"
"VINP","VINCI COMPASS INVESTMENTS LT","VINP","VINCI COMPASS INVESTMENTS LTD. CLASS A","NASDAQ"
"VIOG","VANGUARD S&P SM CAP 600 GRW","VIOG","VANGUARD S&P SMALL-CAP 600 GR","NYSE"
"VIOO","VANGUARD S&P SMALL-CAP 600 E","VIOO","VANGUARD S&P SMALL-CAP 600 IND","NYSE"
"VIOT","VIOMI TECHNOLOGY CO LTD-ADR","VIOT","VIOMI TECHNOLOGY CO., LTD ADS","NASDAQ"
"VIOV","VANGUARD S&P SMALL-CAP 600 V","VIOV","VANGUARD S&P SMALL-CAP 600 VAL","NYSE"
"VIPS","VIPSHOP HOLDINGS LTD - ADR","VIPS","VIPSHOP HOLDINGS","NYSE"
"VIR","VIR BIOTECHNOLOGY INC","VIR","VIR BIOTECHNOLOGY INC.","NASDAQ"
"VIRC","VIRCO MFG CORPORATION","VIRC","VIRCO MANUFACTURING","NASDAQ"
"VIRT","VIRTU FINANCIAL INC-CLASS A","VIRT","VIRTU FINANCIAL, INC. CLASS A","NYSE"
"VIS","VANGUARD INDUSTRIALS ETF","VIS","VANGUARD INDUSTRIALS ETF","NYSE"
"VISN","VISTANCE NETWORKS INC","VISN","VISTANCE NETWORKS, INC.","NASDAQ"
"VIST","VISTA ENERGY SAB DE CV","VIST","VISTA ENERGY SAB DE CV","NYSE"
"VITL","VITAL FARMS INC","VITL","VITAL FARMS, INC. COMMON STOCK","NASDAQ"
"VIV","TELEFONICA BRASIL-ADR","VIV","TELEFONICA BRASIL SA","NYSE"
"VIVO","VIVOPOWER PLC","VIVO","VIVOPOWER PLC","NASDAQ"
"VIVS","VIVOSIM LABS INC","VIVS","VIVOSIM LABS, INC.","NASDAQ"
"VIXM","PROSHARES VIX MID-TERM FUT","VIXM","PROSHARES VIX MID-TERM FUTURES","BATS"
"VIXY","PROSHARES VIX SHORT-TERM FUT","VIXY","PROSHARES VIX SHORT-TERM FUTUR","BATS"
"VKI","INVESCO ADV MUNI INC TR II","VKI","INVESCO ADV MUNI INC II COMMON","NYSE_AMERICAN"
"VKQ","INVESCO MUNICIPAL TRUST","VKQ","INVESCO MUNICIPAL TRUST COMMON","NYSE"
"VKTX","VIKING THERAPEUTICS INC","VKTX","VIKING THERAPEUTICS, INC. COMMON STOCK","NASDAQ"
"VLGEA","VILLAGE SUPER MARKET-CLASS A","VLGEA","VILLAGE SUPER MARKET","NASDAQ"
"VLN","VALENS SEMICONDUCTOR LTD","VLN","VALENS SEMICONDUCTOR LTD","NYSE"
"VLO","VALERO ENERGY CORP","VLO","VALERO ENERGY","NYSE"
"VLRS","CONTROLADORA VUELA CIA-ADR","VLRS","CONTROLADORA VUELA COMPAA DE A","NYSE"
"VLT","INVESCO HIGH INCOME TRUST II","VLT","INVESCO HIGH INCOME II COMMON","NYSE"
"VLTO","VERALTO CORP","VLTO","VERALTO CORP","NYSE"
"VLU","SS SPDR S&P 1500 VALUE TILT","VLU","STATE ST SPDR S&P 1500 VALUE TILT ETF","NYSE"
"VLUE","ISHARES MSCI USA VALUE FACTO","VLUE","ISHARES MSCI USA VALUE FACTOR ETF","BATS"
"VLY","VALLEY NATIONAL BANCORP","VLY","VALLEY NATIONAL BANCORP","NASDAQ"
"VLYPN","VALLEY NATIONAL BANCROP","VLYPN","VALLEY NATIONAL BANCORP 8.250% PF SERIES C","NASDAQ"
"VLYPO","VALLEY NATIONAL BANCORP","VLYPO","VALLEY NATIONAL BANCORP 5.50% PF SERIES B","NASDAQ"
"VLYPP","VALLEY NATIONAL BANCORP","VLYPP","VALLEY NATIONAL BANCORP 6.25% PF SERIES A","NASDAQ"
"VMAR","VISION MARINE TECHNOLOGIES","VMAR","VISION MARINE TECHNOLOGIES INC.","NASDAQ"
"VMAX","HARTFORD US VALUE ETF","VMAX","LATTICE STRATEGIES TRUST HARTFORD US VALUE ETF","BATS"
"VMBS","VANGUARD MORTGAGE-BACKED SEC","VMBS","VANGUARD MORTGAGE-BACKED SEC I","NASDAQ"
"VMC","VULCAN MATERIALS CO","VMC","VULCAN MATERIALS","NYSE"
"VMD","VIEMED HEALTHCARE INC","VMD","VIEMED HEALTHCARE INC","NASDAQ"
"VMET","VERSAMET ROYALTIES CORP","VMET","VERSAMET ROYALTIES CORPORATION","NASDAQ"
"VMI","VALMONT INDUSTRIES","VMI","VALMONT INDUSTRIES","NYSE"
"VMO","INVESCO MUNICIPAL OPPORT","VMO","INVESCO MUNI OPPS. TRUST COMMO","NYSE"
"VNAM","GLOBAL X MSCI VIETNAM ETF","VNAM","GLOBAL X MSCI VIETNAM ETF","NYSE"
"VNCE","VINCE HOLDING CORP","VNCE","VINCE HC.","NASDAQ"
"VNDA","VANDA PHARMACEUTICALS INC","VNDA","VANDA PHARMACEUTICALS","NASDAQ"
"VNET","VNET GROUP INC-ADR","VNET","VNET GROUP INC","NASDAQ"
"VNLA","JANUS HENDERSON SHORT DURATI","VNLA","JANUS HENDERSON SHORT DURATION INCOME","NYSE"
"VNM","VANECK VIETNAM ETF","VNM","VANECK VECTORS VIETNAM ETF","BATS"
"VNME","VENDOME ACQUISITION CORP-A","VNME","VENDOME ACQUISITION CORPORATION I CLASS A","NASDAQ"
"VNO","VORNADO REALTY TRUST","VNO","VORNADO REALTY TRUST","NYSE"
"VNOM","VIPER ENERGY INC-CL A","VNOM","VIPER ENERGY PARTNERS LP COMMO","NASDAQ"
"VNQ","VANGUARD REAL ESTATE ETF","VNQ","VANGUARD REAL ESTATE ETF","NYSE"
"VNQI","VANGUARD GLBL EX-US REAL EST","VNQI","VANGUARD GLOBAL EX-US REAL EST","NASDAQ"
"VNRX","VOLITIONRX LTD","VNRX","VOLITIONRX LIMITED COMMON STOC","NYSE_AMERICAN"
"VNT","VONTIER CORP","VNT","VONTIER CORP","NYSE"
"VNTG","VANTAGE CORP-CL A","VNTG","VANTAGE CORP","NYSE_AMERICAN"
"VO","VANGUARD MID-CAP ETF","VO","VANGUARD MID-CAP ETF","NYSE"
"VOC","VOC ENERGY TRUST","VOC","VOC ENERGY","NYSE"
"VOD","VODAFONE GROUP PLC-SP ADR","VOD","VODAFONE GROUP PLC AMERICAN DE","NASDAQ"
"VOE","VANGUARD MID-CAP VALUE ETF","VOE","VANGUARD MID-CAP VALUE ETF","NYSE"
"VOLT","TEMA ELECTRIFICATION","VOLT","TEMA ELECTRIFICATION ETF","NASDAQ"
"VONE","VANGUARD RUSSELL 1000","VONE","VANGUARD RUSSELL 1000 INDEX ET","NASDAQ"
"VONG","VANGUARD RUSSELL 1000 GROWTH","VONG","VANGUARD RUSSELL 1000 GROWTH I","NASDAQ"
"VONV","VANGUARD RUSSELL 1000 VALUE","VONV","VANGUARD RUSSELL 1000 VALUE IN","NASDAQ"
"VOO","VANGUARD S&P 500 ETF","VOO","VANGUARD S&P 500 ETF","NYSE"
"VOOG","VANGUARD S&P 500 GROWTH ETF","VOOG","VANGUARD S&P 500 GROWTH INDEX","NYSE"
"VOOV","VANGUARD S&P 500 VALUE ETF","VOOV","VANGUARD S&P 500 VALUE INDEX E","NYSE"
"VOR","VOR BIOPHARMA INC","VOR","VOR BIOPHARMA INC. COMMON STOCK","NASDAQ"
"VOT","VANGUARD MID-CAP GROWTH ETF","VOT","VANGUARD MID-CAP GROWTH ETF","NYSE"
"VOTE","TCW TRANSFORM 500 ETF","VOTE","TCW TRANSFORM 500 ETF","NASDAQ"
"VOX","VANGUARD COMMUNICATION SERVI","VOX","VANGUARD COMMUNICATION SERVICES ETF","NYSE"
"VOXR","VOX ROYALTY CORP","VOXR","VOX ROYALTY CORP.","NASDAQ"
"VOYA","VOYA FINANCIAL INC","VOYA","VOYA FINANCIAL INC","NYSE"
"VOYG","VOYAGER TECHNOLOGIES INC-A","VOYG","VOYAGER TECHNOLOGIES INC","NYSE"
"VOYX","TRADR 2X LNG VOYG DLY ETF","VOYX","TRADR 2X LONG VOYG DAILY ETF","BATS"
"VPC","VIRTUS PRIVATE CREDIT STRATE","VPC","VIRTUS PRIVATE CREDIT STRATEGY ETF","NYSE"
"VPG","VISHAY PRECISION GROUP","VPG","VISHAY PRECISION GROUP","NYSE"
"VPL","VANGUARD FTSE PACIFIC ETF","VPL","VANGUARD MSCI PACIFIC ETF","NYSE"
"VPLS","VANGUARD CORE-PLUS BOND ETF","VPLS","VANGUARD CORE PLUS BOND ETF","NASDAQ"
"VPU","VANGUARD UTILITIES ETF","VPU","VANGUARD UTILITIES ETF","NYSE"
"VPV","INVESCO PA VAL MUNI INC","VPV","INVESCO PA VALUE MUNI COMMON","NYSE"
"VPX","VARIANT PERC CY US ETF","VPX","VARIANT PERCEPTION CYCLE AWARE US EQUITY ETF","NYSE"
"VRA","VERA BRADLEY INC","VRA","VERA BRADLEY","NASDAQ"
"VRAX","VIRAX BIOLABS GROUP LTD","VRAX","VIRAX BIOLABS GROUP LTD","NASDAQ"
"VRCA","VERRICA PHARMACEUTICALS INC","VRCA","VERRICA PHARMACEUTICALS INC.","NASDAQ"
"VRDN","VIRIDIAN THERAPEUTICS INC","VRDN","VIRIDIAN THERAPEUTICS INC","NASDAQ"
"VRE","VERIS RESIDENTIAL INC","VRE","VERIS RESIDENTIAL INC","NYSE"
"VREX","VAREX IMAGING CORP","VREX","VAREX IMAGING CORPORATION COMMON STOCK","NASDAQ"
"VRIG","INVESCO VARIABLE RATE INVEST","VRIG","POWERSHARES VAR RATE INVSTMT GRADE","NASDAQ"
"VRM","VROOM INC","VRM","VROOM, INC.","NASDAQ"
"VRME","VERIFYME INC","VRME","VERIFYME INC","NASDAQ"
"VRNS","VARONIS SYSTEMS INC","VRNS","VARONIS SYSTEMS, INC. COMMON S","NASDAQ"
"VRP","INVESCO VARIABLE RATE PREFER","VRP","INVESCO VARIABLE RATE PREF","NYSE"
"VRRM","VERRA MOBILITY CORP","VRRM","VERRA MOBILITY CORP","NASDAQ"
"VRSK","VERISK ANALYTICS INC","VRSK","VERISK ANALYTICS","NASDAQ"
"VRSN","VERISIGN INC","VRSN","VERISIGN","NASDAQ"
"VRT","VERTIV HOLDINGS CO-A","VRT","VERTIV HOLDINGS LLC","NYSE"
"VRTL","GRANITE 2X LONG VRT ETF","VRTL","GRANITESHARES 2X LONG VRT DAILY ETF","NASDAQ"
"VRTS","VIRTUS INVESTMENT PARTNERS","VRTS","VIRTUS INVESTMENT","NYSE"
"VRTX","VERTEX PHARMACEUTICALS INC","VRTX","VERTEX","NASDAQ"
"VS","VERSUS SYSTEMS INC","VS","VERSUS SYSTEMS INC.","NASDAQ"
"VSA","VISIONSYS AI INC","VSA","VISIONSYS AI INC. ADS","NASDAQ"
"VSAT","VIASAT INC","VSAT","VIASAT","NASDAQ"
"VSCO","VICTORIA'S SECRET & CO","VSCO","VICTORIA'S SECRET & CO","NYSE"
"VSDA","VICTORYSHARES DIVIDEND ACCEL","VSDA","VICTORYSHARES DIVIDEND ACCELERATOR ETF","NASDAQ"
"VSDB","VANGUARD SHORT DUR BOND ETF","VSDB","VANGUARD MALVERN FUNDS SHORT DURATION BOND ETF","BATS"
"VSDM","VANGUARD SHORT TAX-EX BOND","VSDM","VANGUARD SHORT DURATION TAX-EXEMPT BOND ETF","BATS"
"VSEC","VSE CORP","VSEC","VSE","NASDAQ"
"VSECU","VSE CORP","VSECU","VSE CORPORATION TANGIBLE EQUITY UNT","NASDAQ"
"VSEE","VSEE HEALTH INC","VSEE","VSEE HEALTH, INC.","NASDAQ"
"VSGX","VANGUARD ESG INTL STOCK ETF","VSGX","VANGUARD ESG INTERNATIONAL STOCK ETF","BATS"
"VSH","VISHAY INTERTECHNOLOGY INC","VSH","VISHAY INTERTECHNOLOGY","NYSE"
"VSLU","APPLIED FINANCE VALUAT ETF","VSLU","APPLIED FINANCE VALUATION LARGE CAP ETF","NYSE"
"VSNT","VERSANT MEDIA GROUP INC","VSNT","VERSANT MEDIA GROUP, INC. CLASS A","NASDAQ"
"VSOL","VANECK SOLANA ETF","VSOL","VANECK SOLANA ETF","NASDAQ"
"VSS","VANGUARD FTSE ALL WO X-US SC","VSS","VANGUARD FTSE ALL-WLD EX-US SM","NYSE"
"VST","VISTRA CORP","VST","VISTRA CORP","NYSE"
"VSTD","VESTAND INC","VSTD","VESTAND INC. CLASS A","NASDAQ"
"VSTL","DEFIA DAILY TAR 2X L VST ETF","VSTL","DEFIANCE DAILY TARGET 2X LONG VST ETF","NASDAQ"
"VSTM","VERASTEM INC","VSTM","VERASTEM","NASDAQ"
"VSTS","VESTIS CORP","VSTS","VESTIS CORP","NYSE"
"VT","VANGUARD TOT WORLD STK ETF","VT","VANGUARD TOTAL WORLD STOCK IND","NYSE"
"VTAK","CATHETER PRECISION INC","VTAK","CATHETER PRECISION, INC.","NYSE_AMERICAN"
"VTC","VANGUARD TOTAL CORPORATE BND","VTC","VANGUARD TOTAL CORP BOND ETF","NASDAQ"
"VTEB","VANGUARD TAX-EXEMPT BOND ETF","VTEB","VANGUARD TAX EXEMPT BOND","NYSE"
"VTEC","VANGUARD CA TAX-EX BOND","VTEC","VANGUARD CALIFORNIA TAX-EXEMPT BOND","BATS"
"VTEI","VANGUARD INT TAX-EXEMPT BOND","VTEI","VANGUARD TAX-MNGD FUNDS INT-TERM TAX-EXEMPT","BATS"
"VTEL","VANGUARD LT TAX-EX BOND","VTEL","VANGUARD TAX-MNGD FUNDS LONG-TERM TAX-EXEMPT BOND","BATS"
"VTES","VANGUARD SH TERM TAX-EX BOND","VTES","VANGUARD SHORT-TERM TAX EXEMPT BOND ETF","NYSE"
"VTEX","VTEX -CLASS A","VTEX","VTEX","NYSE"
"VTG","VANGUARD TOTAL TREASURY ETF","VTG","VANGAURD TOTAL TREASURY ETF","NYSE"
"VTGN","VISTAGEN THERAPEUTICS INC","VTGN","VISTAGEN THERAPEUTICS, INC.","NASDAQ"
"VTHR","VANGUARD RUSSELL 3000","VTHR","VANGUARD RUSSELL 3000 INDEX ET","NASDAQ"
"VTI","VANGUARD TOTAL STOCK MKT ETF","VTI","VANGUARD TOTAL STOCK MARKET ET","NYSE"
"VTIP","VANGUARD SHORT-TERM TIPS","VTIP","VANGUARD SHRT-TERM INFL-PROT S","NASDAQ"
"VTIX","VIRTUIX HOLDINGS INC-CL A","VTIX","VIRTUIX HOLDINGS INC. CLASS A","NASDAQ"
"VTMX","CORP INMOBILIARIA VESTA-ADR","VTMX","CORPORACIAN INMOBILIARA VESTA","NYSE"
"VTN","INVESCO TR FOR INVEST GRD NY","VTN","INVESCO TRUST NY INV GRA MN CO","NYSE"
"VTOL","BRISTOW GROUP INC","VTOL","BRISTOW GROUP INC","NYSE"
"VTP","VNGRD TOTL INFLT PRO SEC ETF","VTP","VANGAURD TOTAL INFLATION-PROTECTED SECURITIES ETF","NYSE"
"VTR","VENTAS INC.","VTR","VENTAS","NYSE"
"VTRS","VIATRIS INC","VTRS","VIATRIS INC","NASDAQ"
"VTS","VITESSE ENERGY INC","VTS","VITESSE ENERGY, INC.","NYSE"
"VTSI","VIRTRA INC","VTSI","VIRTRA, INC. COMMON STOCK","NASDAQ"
"VTV","VANGUARD VALUE ETF","VTV","VANGUARD VALUE ETF","NYSE"
"VTVT","VTV THERAPEUTICS INC- CL A","VTVT","VTV THERAPEUTICS INC. CLASS A","NASDAQ"
"VTWG","VANGUARD RUSSELL 2000 GROWTH","VTWG","VANGUARD RUSSELL 2000 GROWTH I","NASDAQ"
"VTWO","VANGUARD RUSSELL 2000 ETF","VTWO","VANGUARD RUSSELL 2000 INDEX ET","NASDAQ"
"VTWV","VANGUARD RUSSELL 2000 VALUE","VTWV","VANGUARD RUSSELL 2000 VALUE IN","NASDAQ"
"VUG","VANGUARD GROWTH ETF","VUG","VANGUARD GROWTH ETF","NYSE"
"VUSB","VANGUARD ULTRA SHORT BOND ET","VUSB","VANGUARD ULTRA-SHORT BOND ETF","BATS"
"VUSE","VIDENT US EQTY STRAT ETF","VUSE","VIDENT US EQUITY STRATEGY ETF","NYSE"
"VUSG","VANGUARD WELLINGT US GA ETF","VUSG","VANGUARD WELLINGTON U.S. GROWTH ACTIVE ETF","BATS"
"VUSV","VANGUARD WELLINGT US VA ETF","VUSV","VANGUARD WELLINGTON U.S. VALUE ACTIVE ETF","BATS"
"VUZI","VUZIX CORP","VUZI","VUZIX CORP","NASDAQ"
"VV","VANGUARD LARGE-CAP ETF","VV","VANGUARD LARGE CAP ETF","NYSE"
"VVOS","VIVOS THERAPEUTICS INC","VVOS","VIVOS THERAPEUTICS, INC.","NASDAQ"
"VVR","INVESCO SENIOR INCOME TRUST","VVR","INVESCO SENIOR INCOME COMMON","NYSE"
"VVV","VALVOLINE INC","VVV","VALVOLINE INC","NYSE"
"VVX","V2X INC","VVX","V2X INC","NYSE"
"VWAV","VISIONWAVE HOLDINGS INC","VWAV","VISIONWAVE HOLDINGS, INC.","NASDAQ"
"VWO","VANGUARD FTSE EMERGING MARKE","VWO","VANGUARD FTSE EMERGING MARKETS","NYSE"
"VWOB","VANGUARD EMERG MKTS GOV BND","VWOB","VANGUARD EMERGING MARKETS GOVT","NASDAQ"
"VXF","VANGUARD EXTENDED MARKET ETF","VXF","VANGUARD EXTENDED MARKET INDEX","NYSE"
"VXUS","VANGUARD TOTAL INTL STOCK","VXUS","VANGUARD TOTAL INTL STOCK IDX","NASDAQ"
"VXX","IPATH SERIES B S&P 500 VIX","VXX","IPATH SERIES B S&P 500 VIX SHORT-TERM FUTURES ETN","BATS"
"VXZ","IPATH SER B S&P 500 VIX M-T","VXZ","IPATH SERIES B S&P 500 VIX MID-TERM FUTURES ETN","BATS"
"VYGR","VOYAGER THERAPEUTICS INC","VYGR","VOYAGER THERAPEUTICS, INC. COMMON STOCK","NASDAQ"
"VYLD","INVERSE VIX ST FUTUR ETN","VYLD","INVERSE VIX SHORT-TERM FUTURES ETNS 3/22/45","NYSE"
"VYM","VANGUARD HIGH DVD YIELD ETF","VYM","VANGUARD HIGH DIVIDEND YIELD I","NYSE"
"VYMI","VANGUARD INT HIGH DVD YLD IN","VYMI","VANGUARD WHITEHALL FUNDS INTL HIGH DIV YIELD ETF","NASDAQ"
"VYNE","VYNE THERAPEUTICS INC","VYNE","VYNE THERAPEUTICS INC. COMMON STOCK","NASDAQ"
"VYX","NCR VOYIX CORP","VYX","NCR VOYIX CORP","NYSE"
"VZ","VERIZON COMMUNICATIONS INC","VZ","VERIZON COMMUNICATIONS","NYSE"
"VZLA","VIZSLA SILVER CORP","VZLA","VIZSLA SILVER CORP","NYSE_AMERICAN"
"W","WAYFAIR INC- CLASS A","W","WAYFAIR INC","NYSE"
"WAB","WABTEC CORP","WAB","WESTINGHOUSE AIR BRAKE","NYSE"
"WABC","WESTAMERICA BANCORPORATION","WABC","WESTAMERICA BANCORP","NASDAQ"
"WAFD","WAFD INC","WAFD","WASHINGTON FEDERAL","NASDAQ"
"WAFDP","WASHINGTON FEDERAL INC","WAFDP","WASHINGTON FEDERAL, INC. DS","NASDAQ"
"WAFU","WAH FU EDUCATION GROUP LTD","WAFU","WAH FU EDUCATION GROUP LIMITED","NASDAQ"
"WAGN","PABRAI WAGONS ETF","WAGN","PABRAI WAGONS ETF","NYSE"
"WAI","TOP KINGWIN LTD-A","WAI","TOP KINGWIN LTD CLASS A","NASDAQ"
"WAL","WESTERN ALLIANCE BANCORP","WAL","WESTERN ALLIANCE BANCORP","NYSE"
"WALD","WALDENCAST PLC-A","WALD","WALDENCAST PLC","NASDAQ"
"WAMA","WT US ADAPTIVE MV AVG FUND","WAMA","WISDOMTREE US ADAPTIVE MOVING AVERAGE FUND","NASDAQ"
"WANT","DIRX DLY CONS DSC B3X ETF-UI","WANT","DIREXION DAILY CONSUMER DISCRETIONARY BULL 3X ETF","NYSE"
"WAR","US GL TECH AEROSPACE DEFENSE","WAR","US GLOBAL TECHNOLOGY AND AEROSPACE & DEFENSE ETF","NYSE"
"WASH","WASHINGTON TRUST BANCORP","WASH","WASHINGTON TRUST","NASDAQ"
"WAT","WATERS CORP","WAT","WATERS","NYSE"
"WATT","ENERGOUS CORP","WATT","ENERGOUS CORPORATION COMMON ST","NASDAQ"
"WAVE","ECO WAVE POWER GLOBAL AB-ADR","WAVE","ECO WAVE POWER GLOBAL AB (PUBL) ADS","NASDAQ"
"WAY","WAYSTAR HOLDING CORP","WAY","WAYSTAR HC.","NASDAQ"
"WB","WEIBO CORP-SPON ADR","WB","WEIBO CORPORATION AMERICAN DEP","NASDAQ"
"WBD","WARNER BROS DISCOVERY INC","WBD","WARNER BROS. DISCOVERY, INC. SERIES A","NASDAQ"
"WBI","WATERBRIDGE INFRASTRUC-CL A","WBI","WATERBRIDGE INFRASTRUCTURE LLC","NYSE"
"WBIF","WBI BULLBEAR VALUE 3000 ETF","WBIF","WBI BULLBEAR VALUE 3000 ETF","NYSE"
"WBIG","WBI BULLBEAR YIELD 3000 ETF","WBIG","WBI BULLBEAR YIELD 3000 ETF","NYSE"
"WBIL","WBI BULLBEAR QUALITY 3000 ET","WBIL","WBI BULLBEAR QUALITY 3000 ETF","NYSE"
"WBIY","WBI POWER FACTOR HIGH DIV","WBIY","WBI POWER FACTOR HIGH DVDND ETF","NYSE"
"WBS","WEBSTER FINANCIAL CORP","WBS","WEBSTER FINANCIAL","NYSE"
"WBTN","WEBTOON ENTERTAINMENT INC","WBTN","WEBTOON ENTERTAINMENT INC.","NASDAQ"
"WBUY","WEBUY GLOBAL LTD-CL A","WBUY","WEBUY GLOBAL LTD. CLASS A","NASDAQ"
"WBX","WALLBOX NV","WBX","WALLBOX NV","NYSE"
"WCAP","WARCAP UNCONSTRAINED EQ ETF","WCAP","WARCAP UNCONSTRAINED EQUITY ETF","NYSE"
"WCBR","WISDOMTREE CYBERSECURITY FND","WCBR","WISDOMTREE CYBERSECURITY FUND","NASDAQ"
"WCC","WESCO INTERNATIONAL INC","WCC","WESCO INTERNATIONAL","NYSE"
"WCEO","HYPATIA WOMEN CEO ETF","WCEO","AFFINITY WORLD LEADERS EQUITY HYPATIA WOMEN CEO","NYSE"
"WCLD","WISDOMTREE CLOUD COMPUTING","WCLD","WISDOMTREE CLOUD COMPUTING FUND","NASDAQ"
"WCME","FT WCM DEVELOPING WORLD ETF","WCME","FIRST TRUST WCM DEVELOPING WORLD EQUITY ETF","NYSE"
"WCMI","FT WCM INTERNATIONAL ETF","WCMI","FIRST TRUST WCM INTERNATIONAL EQUITY ETF","NYSE"
"WCN","WASTE CONNECTIONS INC","WCN","WASTE CONNECTIONS","NYSE"
"WCPB","WEITZ CORE PLUS BOND ETF","WCPB","WEITZ CORE PLUS BOND ETF","NYSE"
"WCT","WELLCHANGE HOLDINGS CO LTD-A","WCT","WELLCHANGE HC LIMITED CLASS A","NASDAQ"
"WD","WALKER & DUNLOP INC","WD","WALKER & DUNLOP","NYSE"
"WDAF","WISDOMTREE ASIA DEFENSE FD","WDAF","WISDOMTREE ASIA DEFENSE FUND","NASDAQ"
"WDAY","WORKDAY INC-CLASS A","WDAY","WORKDAY","NASDAQ"
"WDC","WESTERN DIGITAL CORP","WDC","WESTERN DIGITAL","NASDAQ"
"WDCX","TRADR 2X LONG WDC DAILY ETF","WDCX","TRADR 2X LONG WDC DAILY ETF","BATS"
"WDEF","WT EUROPE DEFENSED FD","WDEF","WISDOMTREE EUROPE DEFENSE FUND","NYSE"
"WDFC","WD-40 CO","WDFC","WD-40","NASDAQ"
"WDGF","WISDOMTREE GLOBL DEF FD","WDGF","WISDOMTREE GLOBAL DEFENSE FUND","NASDAQ"
"WDH","WATERDROP INC","WDH","WATERDROP INC","NYSE"
"WDI","WESTERN ASSET DIVERS INC","WDI","WESTERN ASSET DIVERSIFIED INCOME FUND","NYSE"
"WDIV","ST STR SPD S&P GLO DIV-US IN","WDIV","STATE ST SPDR S&P GLOBAL DIVIDEND","NYSE"
"WDNA","WISDOMTREE BIOREVOLUTION FND","WDNA","WISDOMTREE BIOREVOLUTION FUND","BATS"
"WDS","WOODSIDE ENERGY GROUP-ADR","WDS","WOODSIDE ENERGY GROUP LTD SPON ADR","NYSE"
"WDTE","DEFIANCE S&P 500 WEEKLY DIST","WDTE","DEFIANCE S&P 500 WEEKLY DISTRIBUTION","NYSE"
"WEA","WESTERN ASSET PREMIER BOND","WEA","WESTERN ASSET PREMIER BOND COM","NYSE"
"WEAT","TEUCRIUM WHEAT FUND","WEAT","TEUCRIUM WHEAT","NYSE"
"WEAV","WEAVE COMMUNICATIONS INC","WEAV","WEAVE COMMUNICATIONS","NYSE"
"WEBL","DIRXN DLY DJNS INT BL3 E-USI","WEBL","DIREXION DAILY DOW JONES INTERNET BULL 3X ETF","NYSE"
"WEBS","DIRXN DLY DJNS INT BR3 E-USI","WEBS","DIREXION DAILY DOW JONES INTERNET BEAR 3X ETF","NYSE"
"WEC","WEC ENERGY GROUP INC","WEC","WEC ENERGY GROUP","NYSE"
"WEED","ROUNDHILL CANNABIS ETF","WEED","ROUNDHILL CANNABIS ETF","BATS"
"WEEI","WSTWD SAL ENHNC ENGY INM ETF","WEEI","WESTWOOD SALIENT ENHANCED ENERGY INCOME ETF","NASDAQ"
"WEEK","ROUNDHILL WEEKLY T-BILL ETF","WEEK","ROUNDHILL ETF TRUST ROUNDHILL WEEKLY T-BILL ETF","BATS"
"WEEL","PEERLESS OPTION INCOME WHEEL","WEEL","PEERLESS OPTION INCOME WHEEL ETF","NYSE"
"WELL","WELLTOWER INC","WELL","WELLTOWER INC","NYSE"
"WEN","WENDY'S CO-THE","WEN","WENDY'S","NASDAQ"
"WENN","WEN ACQUISITION CORP-A","WENN","WEN ACQUISITION CORP CLASS A","NASDAQ"
"WENNU","WEN ACQUISITION CORP","WENNU","WEN ACQUISITION CORP UNT","NASDAQ"
"WEPN","NICHOL DFN A RARE EAR IN ETF","WEPN","NICHOLAS DEFENSE & RARE EARTH INCOME ETF","NYSE"
"WERN","WERNER ENTERPRISES INC","WERN","WERNER ENTERPRISES","NASDAQ"
"WES","WESTERN MIDSTREAM PARTNERS L","WES","WESTERN MIDSTREAM PARTNERS LP","NYSE"
"WEST","WESTROCK COFFEE CO","WEST","WESTROCK COFFEE COMPANY","NASDAQ"
"WETH","WETOUCH TECHNOLOGY INC","WETH","WETOUCH TECHNOLOGY INC.","NASDAQ"
"WETO","WETOUR ROBOTICS LTD","WETO","WETOUR ROBOTICS LIMITED","NASDAQ"
"WEX","WEX INC","WEX","WEX INC","NYSE"
"WEYS","WEYCO GROUP INC","WEYS","WEYCO GROUP","NASDAQ"
"WF","WOORI FINANCIAL-SPON ADR","WF","WOORI FINANCIAL GROUP INC","NYSE"
"WFC","WELLS FARGO & CO","WFC","WELLS FARGO","NYSE"
"WFCF","WHERE FOOD COMES FROM INC","WFCF","WHERE FOOD COMES FROM, INC.","NASDAQ"
"WFF","WF HOLDING LTD-MY","WFF","WF HOLDING LIMITED","NASDAQ"
"WFG","WEST FRASER TIMBER CO LTD","WFG","WEST FRASER TIMBER CO LTD","NYSE"
"WFRD","WEATHERFORD INTERNATIONAL PL","WFRD","WEATHERFORD INTERNATIONAL PLC","NASDAQ"
"WGMI","COINSHARES BITCOIN MINING ET","WGMI","VALKYRIE II COINSHARES BITCOIN MINING","NASDAQ"
"WGO","WINNEBAGO INDUSTRIES","WGO","WINNEBAGO INDUSTRIES","NYSE"
"WGRX","WELLGISTICS HEALTH INC","WGRX","WELLGISTICS HEALTH, INC.","NASDAQ"
"WGS","GENEDX HOLDINGS CORP","WGS","GENEDX HC. CLASS A","NASDAQ"
"WH","WYNDHAM HOTELS & RESORTS INC","WH","WYNDHAM HOTELS & RESORTS INC","NYSE"
"WHD","CACTUS INC - A","WHD","CACTUS INC","NYSE"
"WHF","WHITEHORSE FINANCE INC","WHF","WHITEHORSE FINANCE","NASDAQ"
"WHFCL","WHITEHORSE FINANCE INC","WHFCL","WHITEHORSE FINANCE, INC. 7.875% NT 2028","NASDAQ"
"WHG","WESTWOOD HOLDINGS GROUP INC","WHG","WESTWOOD HOLDINGS GROUP","NYSE"
"WHLR","WHEELER REAL ESTATE INVESTME","WHLR","WHEELER REAL ESTATE","NASDAQ"
"WHLRD","WHEELER REIT INC","WHLRD","WHEELER REIT, INC. SERIES D PF","NASDAQ"
"WHLRL","WHEELER REAL ESTATE INVESTMENT TRUST INC","WHLRL","WHEELER REIT, INC. 7.00% SENIOR CONV SBNT 2031","NASDAQ"
"WHLRP","WHEELER REAL ESTATE INVESTMENT TRUST INC","WHLRP","WHEELER REAL ESTATE INVESTMENT","NASDAQ"
"WHR","WHIRLPOOL CORP","WHR","WHIRLPOOL","NYSE"
"WHWK","WHITEHAWK THERAPEUTICS INC","WHWK","WHITEHAWK THERAPEUTICS, INC.","NASDAQ"
"WIA","WESTERN ASSET INFL-LINK SEC","WIA","WESTERN ASSET INFLATION-LINKED INCOME FUND","NYSE"
"WILC","G. WILLI-FOOD INTERNATIONAL","WILC","G WILLI-FOOD INTL","NASDAQ"
"WIMI","WIMI HOLOGRAM CLOUD INC-B","WIMI","WIMI HOLOGRAM CLOUD INC. CLASS B","NASDAQ"
"WINA","WINMARK CORP","WINA","WINMARK","NASDAQ"
"WING","WINGSTOP INC","WING","WINGSTOP INC. COMMON STOCK","NASDAQ"
"WINN","HARBOR LONG-TERM GROWERS ETF","WINN","HARBOR LONG-TERM GROWERS ETF","NYSE"
"WIP","SPDR FTSE INTERNATIONAL GOVE","WIP","SPDR FTSE INTL GOVT INFL PRTCTD","NYSE"
"WISE","THEMES GENERAT ARTIF INTEL","WISE","THEMES GENERATIVE ARTIFICIAL INTELLIGENCE ETF","NASDAQ"
"WIT","WIPRO LTD-ADR","WIT","WIPRO","NYSE"
"WIW","WESTERN ASST INFL-LNK OPP","WIW","WESTERN ASSET INFLATION-LINKED OPPTY & INCOME FUND","NYSE"
"WIX","WIX.COM LTD","WIX","WIX.COM LTD. ORDINARY SHARES","NASDAQ"
"WK","WORKIVA INC","WK","WORKIVA INC","NYSE"
"WKC","WORLD KINECT CORP","WKC","WORLD KINECT CORP","NYSE"
"WKEY","WISEKEY INTL HOLDINGS-ADR","WKEY","WISEKEY INTERNATIONAL HOLDING AG","NASDAQ"
"WKHS","WORKHORSE GROUP INC","WKHS","WORKHORSE GROUP, INC. COMMON STOCK","NASDAQ"
"WKSP","WORKSPORT LTD","WKSP","WORKSPORT, LTD. COMMON STOCK","NASDAQ"
"WLAC","WILLOW LANE ACQUISITION-CL A","WLAC","WILLOW LANE ACQUISITION CORP. CLASS A","NASDAQ"
"WLACU","WILLOW LANE ACQUISITION CORP","WLACU","WILLOW LANE ACQUISITION CORP. UNT","NASDAQ"
"WLDN","WILLDAN GROUP INC","WLDN","WILLDAN GROUP","NASDAQ"
"WLDR","AFFINITY WORLD LEADERS EQUIT","WLDR","WLDR AFFINITY WORLD LEADERS EQUITY ETF","BATS"
"WLDS","WEARABLE DEVICES LTD","WLDS","WEARABLE DEVICES LTD.","NASDAQ"
"WLDU","LEVERAGE SHARES 2X WORLD STK","WLDU","","BATS"
"WLFC","WILLIS LEASE FINANCE CORP","WLFC","WILLIS LEASE FINANCE","NASDAQ"
"WLII","WILLOW LANE ACQUISITION-CL A","WLII","WILLOW LANE ACQUISITION CORP. II CLASS A","NASDAQ"
"WLIIU","WILLOW LANE ACQUISITION CORP","WLIIU","WILLOW LANE ACQUISITION CORP. II UNT","NASDAQ"
"WLK","WESTLAKE CORP","WLK","WESTLAKE CORP","NYSE"
"WLKP","WESTLAKE CHEMICAL PARTNERS L","WLKP","WESTLAKE CHEMICAL PARTNERS","NYSE"
"WLTG","WEALTHTRUST DBS LNG TRM GRW","WLTG","WEALTHTRUST DBS LONG TERM GROWTH ETF","NYSE"
"WLTH","WEALTHFRONT CORP","WLTH","WEALTHFRONT CORPORATION","NASDAQ"
"WLY","WILEY (JOHN) & SONS-CLASS A","WLY","JOHN WILEY & SONS","NYSE"
"WLYB","WILEY (JOHN) & SONS-CL B","WLYB","JOHN WILEY & SONS INC","NYSE"
"WM","WASTE MANAGEMENT INC","WM","WASTE MANAGEMENT","NYSE"
"WMB","WILLIAMS COS INC","WMB","WILLIAMS COMPANIES","NYSE"
"WMG","WARNER MUSIC GROUP CORP-CL A","WMG","WARNER MUSIC GROUP CORP. CLASS A","NASDAQ"
"WMK","WEIS MARKETS INC","WMK","WEIS MARKETS","NYSE"
"WMS","ADVANCED DRAINAGE SYSTEMS IN","WMS","ADVANCED DRAINAGE SYSTEMS INC","NYSE"
"WMT","WALMART INC","WMT","WALMART INC.","NASDAQ"
"WMTI","REX WMT GROWTH & INCOME ETF","WMTI","REX WMT GROWTH & INCOME ETF","BATS"
"WNC","WABASH NATIONAL CORP","WNC","WABASH NATIONAL","NYSE"
"WNEB","WESTERN NEW ENGLAND BANCORP","WNEB","WESTERN NEW ENGLAND BANCORP INC","NASDAQ"
"WNW","MEIWU TECHNOLOGY CO LTD","WNW","MEIWU TECHNOLOGY CO","NASDAQ"
"WOK","WORK MEDICAL TECHNOLOGY GR-A","WOK","WORK MEDICAL TECHNOLOGY GROUP LTD CLASS A","NASDAQ"
"WOLF","WOLFSPEED INC","WOLF","WOLFSPEED INC","NYSE"
"WOMN","IMPACT SHARES WOMEN'S EMPOWE","WOMN","IMPACT SHARES YWCA WOMEN'S EMPOWERMENT","NYSE"
"WOOD","ISHARES GLOBAL TIMBER & FORE","WOOD","ISHARES GLOBAL TIMBER & FOREST","NASDAQ"
"WOOF","PETCO HEALTH AND WELLNESS CO","WOOF","PETCO HEALTH AND WELLNESS COMPANY, INC. CLASS A","NASDAQ"
"WOR","WORTHINGTON ENTERPRISES INC","WOR","WORTHINGTON ENTERPRISES INC","NYSE"
"WPAC","WHITE PEARL ACQUISITION CO-A","WPAC","WHITE PEARL ACQUISITION CORP","NYSE"
"WPC","WP CAREY INC","WPC","W. P. CAREY","NYSE"
"WPM","WHEATON PRECIOUS METALS CORP","WPM","WHEATON PRECIOUS METALS CORP","NYSE"
"WPP","WPP PLC-SPONSORED ADR","WPP","WPP PLC","NYSE"
"WPRT","WESTPORT FUEL SYSTEMS INC","WPRT","WESTPORT FUEL SYSTEMS NC","NASDAQ"
"WQTM","WISDOMTREE QUANTUM COMP FUND","WQTM","WISDOMTREE QUANTUM COMPUTING FUND","BATS"
"WRAP","WRAP TECHNOLOGIES INC","WRAP","WRAP TECHNOLOGIES, INC. COMMON STOCK","NASDAQ"
"WRB","WR BERKLEY CORP","WRB","WR BERKLEY","NYSE"
"WRBY","WARBY PARKER INC-CLASS A","WRBY","WARBY PARKER INC.","NYSE"
"WRD","WERIDE INC-ADR","WRD","WERIDE INC. ADS","NASDAQ"
"WRLD","WORLD ACCEPTANCE CORP","WRLD","WORLD ACCEPTANCE","NASDAQ"
"WRN","WESTERN COPPER AND GOLD CORP","WRN","WESTERN COPPER & GOLD","NYSE_AMERICAN"
"WRND","NYLI GLOBAL EQ R&D LEAD ETF","WRND","IQ GLOBAL EQUITY R&D LEADERS ETF","NASDAQ"
"WS","WORTHINGTON STEEL INC","WS","WORTHINGTON STEEL INC","NYSE"
"WSBC","WESBANCO INC","WSBC","WESBANCO","NASDAQ"
"WSBCO","WESBANCO INC","WSBCO","WESBANCO, INC. DS (1/40 7.375% PF SERIES B)","NASDAQ"
"WSBF","WATERSTONE FINANCIAL INC","WSBF","WATERSTONE FINANCIAL, INC. COM","NASDAQ"
"WSBK","WINCHESTER BANCORP INC","WSBK","WINCHESTER BANCORP, INC.","NASDAQ"
"WSC","WILLSCOT HOLDINGS CORP","WSC","WILLSCOT MOBILE MINI HOLDINGS CORP","NASDAQ"
"WSFS","WSFS FINANCIAL CORP","WSFS","WSFS FINANCIAL","NASDAQ"
"WSGE","WARREN STREET GLOB EQTY ETF","WSGE","WARREN STREET GLOBAL EQUITY ETF","NASDAQ"
"WSHP","WESHOP HOLDINGS LTD-CL A","WSHP","WESHOP HOLDINGS LIMITED CLASS A","NASDAQ"
"WSM","WILLIAMS-SONOMA INC","WSM","WILLIAMS-SONOMA","NYSE"
"WSML","ISHARES MSCI WORLD SMALL CAP","WSML","ISHARES MSCI WORLD SMALL-CAP ETF","NASDAQ"
"WSO","WATSCO INC","WSO","WATSCO","NYSE"
"WSR","WHITESTONE REIT","WSR","WHITESTONE REIT","NYSE"
"WST","WEST PHARMACEUTICAL SERVICES","WST","WEST PHARMACEUTICAL","NYSE"
"WSTN","WESTIN ACQUISITION CORP-A","WSTN","WESTIN ACQUISITION CORP CLASS A","NASDAQ"
"WT","WISDOMTREE INC","WT","WISDOMTREE INC","NYSE"
"WTAI","WISDOMTREE AI AND INNOVATION","WTAI","WISDOMTREE ARTIFICIAL INTELLIGENCE AND INNOVATION","BATS"
"WTBA","WEST BANCORPORATION","WTBA","WEST BANCORPORATION","NASDAQ"
"WTF","WATON FINANCIAL LTD","WTF","WATON FINANCIAL LIMITED","NASDAQ"
"WTFC","WINTRUST FINANCIAL CORP","WTFC","WINTRUST FINANCIAL","NASDAQ"
"WTFCN","WINTRUST FINL CORP DEP SHS REPSTG 1","WTFCN","WINTRUST FIN CORP DS (1/1,000 7.875% PF)","NASDAQ"
"WTG","WINTERGREEN ACQUISITION CORP","WTG","WINTERGREEN ACQUISITION CORP.","NASDAQ"
"WTI","W&T OFFSHORE INC","WTI","W&T OFFSHORE","NYSE"
"WTIB","USCF OIL PLUS BITCOIN","WTIB","USCF OIL PLUS BITCOIN STRATEGY FUND","NYSE"
"WTID","M-S ENERGY-3X INV LEVERG ETN","WTID","MICROSECTORS ENERGY 3X INVERSE LEVERAGED ETNS","NYSE"
"WTIP","WISDOMTREE INFLATION PLUS","WTIP","WISDOMTREE INFLATION PLUS FUND","NASDAQ"
"WTIU","M-S ENERGY 3X LEVERAGED ETN","WTIU","MICROSECTORS ENERGY 3X LEVERAGED ETNS","NYSE"
"WTLS","WISDOMTREE EF L-S US EQT FND","WTLS","WISDOMTREE EFFICIENT LONG/SHORT U.S. EQUITY FUND","BATS"
"WTM","WHITE MOUNTAINS INSURANCE GP","WTM","WHITE MOUNTAINS INSURANCE","NYSE"
"WTMF","WISDOMTREE MGD FUTURES STRAT","WTMF","WISDOMTREE MANAGED FUTURES","NYSE"
"WTMY","WSDTREE HIGH IN LADRD MUN FU","WTMY","WISDOMTREE HIGH INCOME LADDERED MUNICIPAL FUND","NASDAQ"
"WTO","UTIME LTD-A","WTO","UTIME LIMITED CLASS A","NASDAQ"
"WTPI","WISDOMTREE EQUITY PREMIUM IN","WTPI","WISDOMTREE EQUITY PREMIUM INCOME FUND","NYSE"
"WTRE","WISDOMTREE NEW ECONOMY REAL","WTRE","WISDOMTREE NEW ECONOMY REAL ESTATE FUND","NYSE"
"WTRG","ESSENTIAL UTILITIES INC","WTRG","ESSENTIAL UTILITIES","NYSE"
"WTS","WATTS WATER TECHNOLOGIES-A","WTS","WATTS WATER TECHNOLOGIES","NYSE"
"WTTR","SELECT WATER SOLUTIONS INC","WTTR","SELECT WATER SOLUTIONS INC","NYSE"
"WTV","WISDOMTREE U.S. VALUE FUND","WTV","WISDOMTREE US VALUE FUND","NYSE"
"WTW","WILLIS TOWERS WATSON PLC","WTW","WILLIS TOWERS WATSON PUBLIC LIMITED COMPANY","NASDAQ"
"WU","WESTERN UNION CO","WU","WESTERN UNION","NYSE"
"WUGI","AXS ESOTERICA NEXTG ECO ETF","WUGI","ESOTERICA NEXTG ECONOMY ETF","BATS"
"WULF","TERAWULF INC","WULF","TERAWULF INC. COMMON STOCK","NASDAQ"
"WULX","TRADR 2X LONG WULF DAILY ETF","WULX","TRADR 2X LONG WULF DAILY ETF","BATS"
"WVE","WAVE LIFE SCIENCES LTD","WVE","WAVE LIFE SCIENCES LTD. ORDINARY SHARES","NASDAQ"
"WVVI","WILLAMETTE VALLEY VINEYARDS","WVVI","WILLAMETTE VLY VINEYARDS","NASDAQ"
"WVVIP","WILLAMETTE VALLEY VINEYARDS INC","WVVIP","WILLAMETTE VALLEY VINEYARDS, INC. SERIES A PF","NASDAQ"
"WW","WW INTERNATIONAL INC-NEW","WW","WW INTERNATIONAL, INC.","NASDAQ"
"WWD","WOODWARD INC","WWD","WOODWARD","NASDAQ"
"WWJD","INSPIRE INTERNATIONAL ETF","WWJD","INSPIRE INTERNATIONAL ESG ETF","NYSE"
"WWR","WESTWATER RESOURCES INC","WWR","WESTWATER RESOURCES, INC. COMMON STOCK","NYSE_AMERICAN"
"WWW","WOLVERINE WORLD WIDE INC","WWW","WOLVERINE WORLD WIDE","NYSE"
"WXET","TEUCRIUM 2X DAILY WHEAT ETF","WXET","TEUCRIUM 2X DAILY WHEAT ETF","NYSE"
"WXM","WF INTERNATIONAL LTD","WXM","WF INTERNATIONAL LIMITED","NASDAQ"
"WY","WEYERHAEUSER CO","WY","WEYERHAEUSER","NYSE"
"WYFI","WHITEFIBER INC","WYFI","WHITEFIBER, INC.","NASDAQ"
"WYHG","WING YIP FOOD CHINA HOLDINGS","WYHG","WING YIP FOOD HOLDINGS GROUP LIMITED ADS","NASDAQ"
"WYNN","WYNN RESORTS LTD","WYNN","WYNN RESORTS","NASDAQ"
"WYY","WIDEPOINT CORP","WYY","WIDEPOINT","NYSE_AMERICAN"
"WZRD","OPPORTUNISTIC TRADER ETF","WZRD","ETF OPPORTUNITIES TRUST OPPORTUNISTIC TRADER ETF","BATS"
"XAGG","EV INCOME OPPORTUNITIES ETF","XAGG","EATON VANCE INCOME OPPORTUNITIES ETF","NYSE"
"XAIR","BEYOND AIR INC","XAIR","BEYOND AIR, INC. COMMON STOCK","NASDAQ"
"XAIX","XTRACKERS AI & BIG DATA ETF","XAIX","XTRACKERS ARTIFICIAL INTELLIGENCE AND BIG DATA ETF","NASDAQ"
"XAPR","FT EQBUFF&PREMINC - APRIL","XAPR","FT VEST US EQUITY ENHANCE & MOD BUFFER APR","BATS"
"XAR","SS SPDR S&P AEROSPACE DEF","XAR","STATE ST SPDR S&P AEROSPACE & DEFENSE","NYSE"
"XAUG","FT VEST US EQUITY ENHANCE &","XAUG","FT CBOE VEST US EQUITY ENHANCE & MOD BUFFER AUG","BATS"
"XB","BONDBLOXX-B RATED USD HY CB","XB","BONDBLOXX B-RATED USD HIGH YIELD CRP BND ETF","NYSE"
"XBAP","INNOVATOR US EQY ACCEL 9 BUF","XBAP","INNOVATOR U.S. EQUITY ACCELERATED 9 BUFFER ETF APR","BATS"
"XBB","BONDBLOXX-BB RATED USD HY CB","XBB","BONDBLOXX BB-RATED USD HIGH YIELD CRP BND ETF","NYSE"
"XBFR","INNO EQTY MAN 10 BUF ETF","XBFR","INNOVATOR EQUITY MANAGED 10 BUFFER ETF","NYSE"
"XBI","SS SPDR S&P BIOTECH ETF","XBI","STATE ST SPDR S&P BIOTECH","NYSE"
"XBIL","F-M US TREASURY 6 MONTH BILL","XBIL","US TREASURY 6 MONTH BILL ETF","NASDAQ"
"XBIO","XENETIC BIOSCIENCES INC","XBIO","XENETIC BIOSCIENCES, INC. COMMON STOCK","NASDAQ"
"XBIT","XBIOTECH INC","XBIT","XBIOTECH INC. COMMON STOCK","NASDAQ"
"XBJA","INNOVATOR US EQ AC 9 BUFF-J","XBJA","INNOVATOR U.S. EQUITY ACCELERATED 9 BUFFER ETF JAN","BATS"
"XBJL","INN US EQ ACC 9 BUFF JULY","XBJL","INNOVATOR U.S. EQUITY ACCELERATED 9 BUFFER ETF JUL","BATS"
"XBOC","INNOVATOR US EQY ACC 9 BUFF","XBOC","INNOVATOR U.S. EQUITY ACCELERATED 9 BUFFER ETF OCT","BATS"
"XBOX","RH ULT SHRT DR NO DV TGT ETF","XBOX","","BATS"
"XBP","XBP GLOBAL HOLDINGS INC","XBP","XBP GLOBAL HOLDINGS, INC.","NASDAQ"
"XBTY","GRANITE YIELDBOOST BITCOIN","XBTY","GRANITESHARES YIELDBOOST BITCOIN ETF","NASDAQ"
"XC","WISDOMTREE TRUE EMERGING MAR","XC","WISDOMTREE EMERGING MARKETS EX-CHINA FUND","NYSE"
"XCBE","X3 ACQUISITION CORP LTD-CL A","XCBE","X3 ACQUISITION CORP. LTD. CLASS A","NASDAQ"
"XCBEU","X3 ACQUISITION CORP LTD","XCBEU","X3 ACQUISITION CORP. LTD. UNT","NASDAQ"
"XCEM","COLUMBIA EM CORE EX-CHINA","XCEM","COLUMBIA EMERGING GLOBAL SHARES TRUST","NYSE"
"XCH","XCHG LTD","XCH","XCHG LIMITED ADS","NASDAQ"
"XCLR","GLOBAL X S&P 500 COLLAR 95-1","XCLR","GLOBAL X S&P 500 COLLAR 95-110 ETF","NYSE"
"XCNY","STATE STREET SPDR S&P EMERGI","XCNY","SPDR SHARES FUND STATE STREET SPDR S&P EM EX-CHINA","NASDAQ"
"XCOR","FUNDX ETF","XCOR","FUNDX ETF","NYSE"
"XCUR","EXICURE INC","XCUR","EXICURE, INC.","NASDAQ"
"XDAT","FRANKLIN EXPONENTIAL DATA","XDAT","FRANKLIN EXPONENTIAL DATA ETF","BATS"
"XDEC","FT VEST US EQUITY ENHANCE &","XDEC","FT CBOE VEST US EQUITY ENHANCE & MODERATE BUFFER E","BATS"
"XDEF","XTRACKERS EUR DEF TECH ETF","XDEF","XTRACKERS EUROPE DEFENSE TECHNOLOGIES ETF","NASDAQ"
"XDIV","ROUNDHILL S&P 500 NO DIV ETF","XDIV","ROUNDHILL ROUNDHILL S&P 500 NO DIV TARGET","BATS"
"XDQQ","INNOVATOR GRW 100 ACCEL QTR","XDQQ","INNOVATOR GROWTH ACCELERATED ETF QUARTERLY","BATS"
"XDSQ","INNOVATOR US EQY ACCL-QUART","XDSQ","INNOVATOR U.S. EQUITY ACCELERATED ETF QUARTERLY","BATS"
"XDTE","ROUNDHI S&P 500 0DTE CCS ETF","XDTE","ROUNDHILL S&P 500 0DTE COVERED CALL STRATEGY ETF","BATS"
"XEL","XCEL ENERGY INC","XEL","XCEL ENERGY","NASDAQ"
"XELB","XCEL BRANDS INC","XELB","XCEL BRANDS, INC. COMMON STOCK","NASDAQ"
"XELLL","XCEL ENERGY INC","XELLL","XCEL ENERGY INC. 6.25% JRSBNT, SERIES DUE 2085","NASDAQ"
"XEMD","BONDBLOXX-JPM USD EM MK 1-10","XEMD","BONDBLOXX JPMORGAN USD EM 1-10 YEAR BOND ETF","BATS"
"XENE","XENON PHARMACEUTICALS INC","XENE","XENON PHARMACEUTICALS INC","NASDAQ"
"XERS","XERIS BIOPHARMA HOLDINGS INC","XERS","XERIS BIOPHARMA HOLDINGS, INC.","NASDAQ"
"XES","SS SPDR S&P OG EQP & SERV","XES","STATE ST SPDR S&P OIL & GAS EQUIPMENT & SVCS","NYSE"
"XFEB","FT VEST ENH MOD BUFF - FEB","XFEB","FT VEST US EQUITY ENHANCE & MOD BUFFER ETF - FEB","BATS"
"XFIV","BONDBLOXX BBG 5 YR US TREAS","XFIV","BONDBLOXX BLOOMBERG 5 YR TGT DUR USD","NYSE"
"XFLH","XFLH CAPITAL CORP","XFLH","XFLH CAPITAL CORP","NYSE"
"XFLT","XAI OCTAGON FLTNG RT & ALT","XFLT","XAI OCTAGON FLOATING RATE & ALT INCOME TRUST","NYSE"
"XFLX","FUNDX FLEXIBLE ETF","XFLX","FUNDX FLEXIBLE ETF","NYSE"
"XFOR","X4 PHARMACEUTICALS INC","XFOR","X4 PHARMACEUTICALS INC","NASDAQ"
"XGN","EXAGEN INC","XGN","EXAGEN INC. COMMON STOCK","NASDAQ"
"XHB","SS SPDR S&P HOMEBLDRS ETF","XHB","STATE ST SPDR S&P HOMEBUILDERS","NYSE"
"XHE","SS SPDR S&P HC EQUIP ETF","XHE","STATE ST SPDR S&P HEALTH CARE EQUIPMENT","NYSE"
"XHG","XCHANGE TEC.INC","XHG","XCHANGE TEC.INC ADS","NASDAQ"
"XHLD","TEN HOLDINGS INC","XHLD","TEN HOLDINGS, INC.","NASDAQ"
"XHLF","BONDBLOXX BBG 6 MTH US TREAS","XHLF","BONDBLOXX BLOOMBERG 6 MO TGT DUR UST ETF","NYSE"
"XHR","XENIA HOTELS & RESORTS INC","XHR","XENIA HOTELS & RESORTS INC","NYSE"
"XHS","SS SPDR S&P HC SERVICES ETF","XHS","STATE ST SPDR S&P HEALTH CARE SERVICES","NYSE"
"XHYD","BONDBLOXX USD HY BOND CNONCS","XHYD","BONDBLOXX ETF TRUST","NYSE"
"XHYF","BONDBLOXX USD HY BOND F REIT","XHYF","BONDBLOXX USD HI YLD BOND FIN & REIT SCTR ETF","NYSE"
"XHYH","BONDBLOXX USD HY BOND HEALTH","XHYH","BONDBLOXX USD HI YLD BOND HEALTHCARE SCTR ETF","NYSE"
"XHYI","BONDBLOXX USD HY BOND INDUS","XHYI","BONDBLOXX USD HI YLD BOND INDUSTRIAL SCTR ETF","NYSE"
"XIDE","FT VEST US EQUITY BUFFER & P","XIDE","FT CBOE VEST US EQUITY BUFFER & PREM INCOME","BATS"
"XIDV","FRANKLIN INTERNATIONAL DIVID","XIDV","FRANKLIN INTL DIVIDEND BOOSTER INDEX ETF","NYSE"
"XIFR","XPLR INFRASTRUCTURE LP","XIFR","XPLR INFRASTRUCTURE LP","NYSE"
"XIJN","FT EQ BUF & PREM INC-JUNE","XIJN","FT VEST US EQUITY BUFFER & PREMIUM INCOME ETF -","BATS"
"XIMR","FT EQBUFF&PREMINC - MARCH","XIMR","FT VEST US EQUITY BUFFER & PREMIUM INCOME MAR","BATS"
"XISE","FT VEST US EQUITY BUFFER & P","XISE","FIRST TR VIII CBOE VEST US EQTY BUFFER & PREM INC","BATS"
"XITK","SS SPDR F INNO TECH ETF","XITK","STATE ST SPDR FACTSET INNOVATIVE TECHNOLOGY","NYSE"
"XJAN","FT VEST ENH MOD BUFF - JAN","XJAN","FT VEST US EQUITY ENHANCE & MOD BUFFER ETF JAN","BATS"
"XJH","ISHARE ESG SS S&P MIDCAP ETF","XJH","ISHARES ESG SCREENED S&P MID-CAP ETF","BATS"
"XJR","ISHR ESG SS S&P SMAL-CAP-USD","XJR","ISHARES ESG SCREENED S&P SMALL-CAP ETF","BATS"
"XJUL","FT VEST US EQUITY ENHANCE &","XJUL","FT CBOE VEST US EQUITY ENHANCE MOD BUFFER JUL","BATS"
"XJUN","FT VEST U.S. EQUITY ENHANCE &","XJUN","FT CBOE VEST US EQUITY ENHANCE & MODERATE BUFFER","BATS"
"XLB","SS MATERIALS SELECT SECTOR","XLB","MATERIALS SELECT SECTOR SPDR","NYSE"
"XLBI","ST SR MT SL SC SPDR PR IN-US","XLBI","MATERIALS SELECT SECTOR SPDR PREMIUM INCOME FUND","NYSE"
"XLC","SS COMM SELECT SECTOR SPDR","XLC","STATE ST COMMUNICATION SERVICES SELECT SPDR FUND","NYSE"
"XLCI","SS COMM SS SPDR PREM INC","XLCI","STATE ST SELECT SECTOR SPDR PREMIUM INCOME FUND","NYSE"
"XLE","SS ENERGY SELECT SECTOR","XLE","STATE ST ENERGY SELECT SECTOR SPDR","NYSE"
"XLEI","SS ENERGY SS SPDR PREM INC","XLEI","STATE ST ENERGY SELECT SECTOR SPDR PREMIUM INC","NYSE"
"XLF","SS FINANCIAL SELECT SECTOR","XLF","STATE ST FINANCIAL SELECT SECTOR SPDR","NYSE"
"XLFI","SS FINANCIAL SS SPDR PRM INC","XLFI","STATE ST FINANCIAL SELECT SECTOR SPDR PREMIUM INC","NYSE"
"XLG","INVESCO S&P 500 TOP 50 ETF","XLG","INVESCO RUSSEL MEGACAP TOP 50","NYSE"
"XLI","SS INDUSTRIAL SELECT SECTOR","XLI","STATE ST INDUSTRIAL SELECT SECTOR SPDR","NYSE"
"XLII","SS INDUSTRIAL SS SPDR PREM I","XLII","STATE ST INDUSTRIAL SELECT SECTOR SPDR PREM INC","NYSE"
"XLK","SS TECHNOLOGY SELECT SECTOR","XLK","TECHNOLOGY SELECT SECTOR SPDR","NYSE"
"XLKI","SS TECHNOLOGY SS SPDR PREM I","XLKI","STATE ST TECHNOLOGY SELECT SECTOR SPDR PREM INC","NYSE"
"XLO","XILIO THERAPEUTICS INC","XLO","XILIO THERAPEUTICS, INC.","NASDAQ"
"XLP","SS CONSUMER STAPLES SEL SECT","XLP","STATE ST CONSUMER STAPLES SPDR SELECT","NYSE"
"XLRE","SS REAL ESTATE SELECT SECTOR","XLRE","STATE ST REAL ESTATE SELECT SECTOR SPDR","NYSE"
"XLRI","SS REAL EST SS SPDR PREM INC","XLRI","STATE ST REAL ESTATE SELECT SECTOR SPDR PREM INC","NYSE"
"XLSI","SS CONS STAP SS SPDR PRM INC","XLSI","STATE ST CONS STAPLES SELECT SEC SPDR PREMIUM INC","NYSE"
"XLSR","SS US SECTOR ROTATION","XLSR","STATE ST US SECTOR ROTATION ETF","NYSE"
"XLU","ST SR UTL SL SE SPDR ETF-USD","XLU","STATE ST UTILITIES SELECT SECTOR SPDR","NYSE"
"XLUI","SS UTILITIES SS SPDR PRM INC","XLUI","STATE ST UTILITIES SELECT SECTOR SPDR PREM INC","NYSE"
"XLV","SS HEALTH CARE SELECT SECTOR","XLV","STATE ST HEALTH CARE SELECT SECTOR SPDR","NYSE"
"XLVI","ST SR HT CR SS SPDR PR IN-US","XLVI","STATE ST HEALTH CARE SELECT SECTOR SPDR PREM INC","NYSE"
"XLY","SS CONSUMER DISC SELECT SECT","XLY","STATE ST CONSUMER DISCRET SELECT SPDR","NYSE"
"XLYI","SS CONS DISC SS SPDR PRM INC","XLYI","STATE ST CONSUMER DISC SELECT SEC SPDR PREMIUM INC","NYSE"
"XMAG","DEFIANCE LE CAP EX-MAG 7 ETF","XMAG","DEFIANCE LARGE CAP EX-MAG 7 ETF","NASDAQ"
"XMAR","FT VEST US EQUITY ENHANCE &","XMAR","FIRST TR VIII CBOE VEST US EQ ENHANCE MOD BUF MAR","BATS"
"XMAY","FT US EQ ENH&MOD BUFF - MAY","XMAY","FT VEST US EQUITY ENHANCE & MODERATE BUFFER ETF","BATS"
"XME","SS SPDR S&P METALS MINING","XME","STATE ST SPDR S&P METALS & MINING","NYSE"
"XMHQ","INVESCO S&P MIDCAP QUAL ETF","XMHQ","INVESCO S&P MIDCAP QUALITY ETF","NYSE"
"XMLV","INVESCO S&P MIDCAP LOW VOLAT","XMLV","INVESCO S&P MIDCAP LOW VOL","NYSE"
"XMMO","INVESCO S&P MIDCAP MOMENTUM","XMMO","INVESCO S&P MIDCAP MOMENTUM ETF","NYSE"
"XMPT","VANECK CEF MUNI INCOME ETF","XMPT","VANECK VECTORS CEF MUNICIPAL I","BATS"
"XMTR","XOMETRY INC-A","XMTR","XOMETRY, INC.","NASDAQ"
"XMVM","INVESCO S&P MIDCAP VALUE WIT","XMVM","INVESCO S&P MIDCAP VALUE WITH MOMENTUM","NYSE"
"XNAV","FUNDX AGGRESSIVE ETF","XNAV","FUNDX AGGRESSIVE ETF","NYSE"
"XNCR","XENCOR INC","XNCR","XENCOR, INC. COMMON STOCK","NASDAQ"
"XNDU","XANADU QUANTUM TECH-CL B","XNDU","XANADU QUANTUM TECHNOLOGIES LIMITED CLASS B","NASDAQ"
"XNET","XUNLEI LTD-ADR","XNET","XUNLEI LTD ADR","NASDAQ"
"XNTK","SS SPDR NYSE TECH ETF","XNTK","STATE ST SPDR NYSE TECHNOLOGY","NYSE"
"XOCT","FT VEST US EQUITY ENHANCE &","XOCT","FT CBOE VEST US EQUITY ENHANCE MOD BUF OCT","BATS"
"XOEF","ISHRS S&P 500 EX S&P 100 ETF","XOEF","ISHARES S&P 500 EX S&P 100 ETF","NYSE"
"XOEX","XTRACKERS S&P 100 EX TOP 20","XOEX","XTRACKERS S&P 100 EX TOP 20 ETF","BATS"
"XOM","EXXON MOBIL CORP","XOM","EXXON MOBIL","NYSE"
"XOMA","XOMA ROYALTY CORPORATION","XOMA","XOMA","NASDAQ"
"XOMAO","XOMA CORP","XOMAO","XOMA CORPORATION DS REP SERIES B 8.375% PF","NASDAQ"
"XOMAP","XOMA CORP","XOMAP","XOMA CORPORATION 8.625% SERIES A PF","NASDAQ"
"XOMO","YIELDMAX XOM OPTION INCOME","XOMO","YIELDMAX XOM OPTION INCOME STRATEGY ETF","NYSE"
"XOMX","DIREXION DAILY XOM BULL 2X E","XOMX","DIREXION DAILY XOM BULL 2X ETF","NASDAQ"
"XONE","BONDBLOXX BBG 1 DUR US TREAS","XONE","BONDBLOXX BLOOMBERG 1 YR TARGET DURATION US TREAS","NYSE"
"XOP","SS SPDR S&P OG EXP & PROD","XOP","STATE ST SPDR S&P OIL & GAS EXPLORATION & PROD","NYSE"
"XOS","XOS INC","XOS","XOS, INC. COMMON STOCK","NASDAQ"
"XOVR","ERSHARES PRIVATE-PUBLIC CROS","XOVR","ERShares Private-Public Crossover ETF","NASDAQ"
"XP","XP INC - CLASS A","XP","XP INC. CL A","NASDAQ"
"XPAY","RODH S&P 500 TAR 20 M DI ETF","XPAY","ROUNDHILL S&P 500 TARGET 20 MANAGED DISTRIBUTION","NYSE"
"XPEG","LEVERAGE SHARES 2X XPEV","XPEG","LEVERAGE SHARES 2X LONG XPEV DAILY ETF","NASDAQ"
"XPEL","XPEL INC","XPEL","XPEL INC","NASDAQ"
"XPER","XPERI INC","XPER","XPERI INC.","NYSE"
"XPEV","XPENG INC - ADR","XPEV","XPENG INC","NYSE"
"XPH","SS SPDR S&P PHARMA ETF","XPH","STATE ST SPDR S&P PHARMACEUTICALS","NYSE"
"XPL","SOLITARIO RESOURCES CORP","XPL","SOLITARIO RESOURCES CORP","NYSE_AMERICAN"
"XPND","FIRST TRUST EXPANDED TECH","XPND","FIRST TRUST EXPANDED TECHNOLOGY ETF","NYSE"
"XPO","XPO INC","XPO","XPO INC","NYSE"
"XPOF","XPONENTIAL FITNESS INC-A","XPOF","XPONENTIAL FITNESS INC","NYSE"
"XPON","EXPION360 INC","XPON","EXPION360 INC. COMMON STOCK","NASDAQ"
"XPP","PROSHARES ULTRA FTSE CHINA 50","XPP","PROSHARES ULTRA FTSE CHINA 50","NYSE"
"XPRO","EXPRO GROUP HOLDINGS NV","XPRO","EXPRO GROUP HOLDINGS NV","NYSE"
"XQQI","NEOS BSTD NDQ HGH INC ETF","XQQI","NEOS BOOSTED NASDAQ-100 HIGH INCOME ETF","NASDAQ"
"XRAY","DENTSPLY SIRONA INC","XRAY","DENTSPLY SIRONA INC","NASDAQ"
"XRLX","FUNDX CONSERVATIVE ETF","XRLX","FUNDX CONSERVATIVE ETF","NYSE"
"XRMI","GLOBAL X S&P 500 RISK MANAGE","XRMI","GLOBAL X S&P 500 RISK MNGD INCOME ETF","NYSE"
"XRN","CHIRON REAL ESTATE INC","XRN","CHIRON REAL ESTATE INC","NYSE"
"XRP","BITWISE XRP ETF","XRP","BITWISE XRP ETF","NYSE"
"XRPC","CANARY XRP ETF","XRPC","CANARY XRP ETF","NASDAQ"
"XRPI","XRP ETF","XRPI","VOLATILITY SHARES TRUST XRP ETF","NASDAQ"
"XRPK","T-REX 2X LONG XRP D TRGT ETF","XRPK","T-REX 2X LONG XRP DAILY TARGET ETF","BATS"
"XRPM","AMPLIFY XRP3% MON OP INC-USD","XRPM","AMPLIFY XRP 3% MONTHLY PREMIUM INCOME ETF","BATS"
"XRPN","ARMADA ACQUISITION -CLASS A","XRPN","ARMADA ACQUISITION CORP. II CLASS A","NASDAQ"
"XRPR","REX-OSPREY XRP ETF","XRPR","ETF OPPORTUNITIES TRUST REX-OSPREY XRP ETF","BATS"
"XRPT","2X XRP ETF","XRPT","VOLATILITY SHARES TRUST XRP 2X ETF","NASDAQ"
"XRPZ","FRANKLIN XRP ETF","XRPZ","FRANKLIN XRP ETF","NYSE"
"XRT","SS SPDR S&P RETAIL ETF","XRT","STATE ST SPDR S&P RETAIL","NYSE"
"XRTX","XORTX THERAPEUTICS INC","XRTX","XORTX THERAPEUTICS INC. COMMON STOCK","NASDAQ"
"XRX","XEROX HOLDINGS CORP","XRX","XEROX HOLDINGS CORP","NASDAQ"
"XSD","SS SPDR S&P SEMICONDUCTOR","XSD","STATE ST SPDR S&P SEMICONDUCTOR","NYSE"
"XSEP","FT VEST U.S. EQUITY ENHANCE","XSEP","FT CBOE VEST US EQUITY ENHANCE & MOD BUFFER SEP","BATS"
"XSHD","INVESCO S&P SMALLCAP HIGH DI","XSHD","INVESCO S&P SMALLCAP HIGH DIV LOW VLT ETF","BATS"
"XSHQ","INVESCO S&P SMALLCAP QUALITY","XSHQ","POWERSHARES S&P SM CAP QUALITY","BATS"
"XSLL","XSOLLA SPAC 1-CL A","XSLL","XSOLLA SPAC 1 CLASS A","NASDAQ"
"XSLLU","XSOLLA SPAC 1","XSLLU","XSOLLA SPAC 1 UNT","NASDAQ"
"XSLV","INVESCO S&P SMALLCAP LOW VOL","XSLV","INVESCO S&P SMALLCAP LOW V","NYSE"
"XSMO","INVESCO S&P SMALLCAP MOMENTU","XSMO","INVESCO S&P SMALLCAP MOMENTUM ETF","NYSE"
"XSOE","WISDMTREE EMERG MKT EX-ST OW","XSOE","WISDOM TREE EMG MKTS EX STATE","NYSE"
"XSPI","NEOS BOOSTED S&P 500 HI ETF","XSPI","NEOS BOOSTED S&P 500 HIGH INCOME ETF","NASDAQ"
"XSVM","INVESCO S&P SMALLCAP VALUE W","XSVM","INVESCO S&P SMALLCAP VALUE WITH MOMENTUM ETF","NYSE"
"XSVN","BONDBLOXX BBG 7 YR US TREAS","XSVN","BONDBLOXX BLOOMBERG 7 YR TGT DUR UST ETF","NYSE"
"XSW","SS SPDR S&P SOFT & SERV ETF","XSW","START ST SPDR S&P SOFTWARE & SERVICES","NYSE"
"XT","ISHARES FUTURE EXPONENTIAL TEC","XT","ISHARES FUTURE EXPONENTIAL TECHNOLOGIES ETF","NASDAQ"
"XTAP","INNOVATOR US EQTY ACCEL PL","XTAP","INNOVATOR U.S. EQUITY ACCELERATED PLUS ETF APR","BATS"
"XTEN","BONDBLOXX BBG 10Y US TSY ETF","XTEN","BONDBLOXX BLOOMBERG 10 YR TGT DUR USD ETF","NYSE"
"XTIA","XTI AEROSPACE INC","XTIA","XTI AEROSPACE, INC.","NASDAQ"
"XTJA","INNOVATOR US EQ ACC PLUS - J","XTJA","INNOVATOR U.S. EQUITY ACCELERATED PLUS ETF JAN","BATS"
"XTL","SS SPDR S&P TELECOM ETF","XTL","STATE ST SPDR S&P TELECOM","NYSE"
"XTLB","XTL BIOPHARMACEUTICALS-ADR","XTLB","XTL BIOPHARMACEUTICALS LTD. AM","NASDAQ"
"XTN","SS SPDR S&P TRANSPORT ETF","XTN","STATE ST SPDR S&P TRANSPORTATION","NYSE"
"XTNT","XTANT MEDICAL HOLDINGS INC","XTNT","XTANT MEDICAL HOLDINGS INC","NYSE_AMERICAN"
"XTOC","INNOVATOR US EQY ACCEL PL-OC","XTOC","INNOVATOR U.S. EQUITY ACCELERATED PLUS ETF OCT","BATS"
"XTR","GLOBAL X S&P 500 TAIL RISK E","XTR","GLOBAL X S&P 500 TAIL RISK ETF","NYSE"
"XTRE","BONDBLOXX BBG 3Y US TSY ETF","XTRE","BONDBLOXX BLOOMBERG 3 YR TGT DUR USD","NYSE"
"XTWY","BONDBLOXX BBG 20Y US TSY ETF","XTWY","BONDBLOXX BLOOMBERG 20 YR TGT DUR USD","NYSE"
"XUDV","FRANKLIN US DIVIDEND BOOSTER","XUDV","FRANKLIN US DIVIDEND BOOSTER INDEX ETF","NYSE"
"XUSP","INNOVATOR UNCAPPED ACC US EQ","XUSP","INNOVATOR UNCAPPED ACCELERATED U.S. EQUITY ETF","BATS"
"XV","SIMPLIFY TARGET 15 DISTR ETF","XV","SIMPLIFY TARGET 15 DISTRIBUTION ETF","NYSE"
"XVV","ISHARES ESG SELECT SCREENED","XVV","ISHARES ESG SCREENED S&P 500 ETF","BATS"
"XWEL","XWELL INC","XWEL","XWELL, INC.","NASDAQ"
"XWIN","XMAX INC","XWIN","XMAX, INC.","NASDAQ"
"XXI","TWENTY ONE CAPITAL INC-CL A","XXI","TWENTY ONE CAPITAL INC","NYSE"
"XXII","22ND CENTURY GROUP INC","XXII","22ND CENTURY GROUP, INC. COMMON STOCK","NASDAQ"
"XXRP","TEUCRIUM 2X LONG XRP ETF","XXRP","TEUCRIUM 2X LONG DAILY XRP ETF","NYSE"
"XXV","SIMPLIFY ANCORATO TRG 25 DIS","XXV","SIMPLIFY ANCORATO TARGET 25 DISTRIBUTION ETF","NYSE"
"XYF","X FINANCIAL-ADR","XYF","X FINANCIAL","NYSE"
"XYL","XYLEM INC","XYL","XYLEM","NYSE"
"XYLD","GLOBAL X S&P 500 COVE CALL E","XYLD","GLOBAL X S&P 500 COVERED CALL ETF","NYSE"
"XYLG","GLOBAL X S&P 500 COVC & GRW","XYLG","S&P 500 COVERED CALL & GROWTH ETF","NYSE"
"XYZ","BLOCK INC","XYZ","BLOCK INC","NYSE"
"XYZG","LEVERAGE SHARES 2X XYZ","XYZG","LEVERAGE SHARES 2X LONG XYZ DAILY ETF","NASDAQ"
"XYZY","YIELDMAX XYZ OPTION INCOME","XYZY","YIELDMAX XYZ OPTION INCOME STRATEGY ETF","NYSE"
"XZO","EXZEO GROUP INC","XZO","EXZEO GROUP INC","NYSE"
"YAAS","YOUXIN TECHNOLOGY LTD-CL A","YAAS","YOUXIN TECHNOLOGY LTD CLASS A","NASDAQ"
"YALA","YALLA GROUP LTD","YALA","YALLA GROUP LIMITED","NYSE"
"YALL","GOD BLESS AMERICA ETF","YALL","GOD BLESS AMERICA ETF","NYSE"
"YANG","DIR DLY FT CHI BE 3X ETF-USD","YANG","DIREXION DAILY FTSE CHINA BEAR 3X ETF","NYSE"
"YB","YUANBAO INC -ADR","YB","YUANBAO INC. ADS","NASDAQ"
"YBIT","YIELDMAX BITCOIN OPT STR ETF","YBIT","YIELDMAX BITCOIN OPTION INCOME STRATEGY ETF","NYSE"
"YBMN","DEFIANCE BMNR OPT INC ETF","YBMN","DEFIANCE BMNR OPTION INCOME ETF","NASDAQ"
"YBST","GRANITESHRS YLDBST SS UN ETF","YBST","GRANITESHARES YIELDBOOST SINGLE STOCK UNIVERSE ETF","NASDAQ"
"YBTC","ROUNDHILL BITCOIN CC STR ETF","YBTC","ROUNDHILL BITCOIN COVERED CALL STRATEGY ETF","BATS"
"YBTY","GRNITESHRE YLDBOST TPYLD ETF","YBTY","GRANITESHARES YIELDBOOST TOPYIELDERS ETF","NASDAQ"
"YCBD","CBDMD INC","YCBD","CBDMD INC","NYSE_AMERICAN"
"YCL","PROSHARES ULTRA YEN","YCL","PROSHARES ULTRA YEN","NYSE"
"YCS","PROSHARES ULTRASHORT YEN","YCS","PROSHARES ULTRASHORT YEN","NYSE"
"YCY","AA MISSION ACQUISITION-A","YCY","AA MISSION ACQUISITION CORP II","NYSE"
"YDEC","FT VEST INTERNATIONAL EQUITY","YDEC","FT CBOE VEST INTL EQUITY BUFFER ETF DEC","BATS"
"YDES","YD BIO LTD","YDES","YD BIO LIMITED","NASDAQ"
"YDKG","YUEDA DIGITAL HOLDING-CL A","YDKG","YUEDA DIGITAL HOLDING CLASS A","NASDAQ"
"YEAR","AB ULTRA SHORT INCOME ETF","YEAR","AB ULTRA SHORT INCOME ETF","NYSE"
"YELP","YELP INC","YELP","YELP","NYSE"
"YETH","ROUNDHILL ETR CO CALL ST ETF","YETH","ROUNDHILL TRUST ROUNDHILL ETHER VERED CALL STRA","BATS"
"YETI","YETI HOLDINGS INC","YETI","YETI HOLDINGS INC","NYSE"
"YEXT","YEXT INC","YEXT","YEXT INC","NYSE"
"YFFI","INDEXPERTS YIELD FFI ETF","YFFI","INDEXPERTS YIELD FOCUSED FIXED INCOME ETF","NYSE"
"YGLD","SIMPLIFY GOLD STRAT PLUS INC","YGLD","SIMPIFY GOLD STRATEGY PLUS INCOME ETF","NYSE"
"YHC","LQR HOUSE INC","YHC","LQR HOUSE INC.","NASDAQ"
"YHGJ","YUNHONG GREEN CTI LTD","YHGJ","YUNHONG GREEN CTI LTD.","NASDAQ"
"YHNA","YHN ACQUISITION I LTD","YHNA","YHN ACQUISITION I LIMITED","NASDAQ"
"YHNAU","YHN ACQUISITION I LTD","YHNAU","YHN ACQUISITION I LIMITED UNT","NASDAQ"
"YI","111 INC","YI","111, INC. AMERICAN DEPOSITARY SHARES","NASDAQ"
"YIBO","PLANET IMAGE INTERNATIONAL L","YIBO","PLANET IMAGE INTERNATIONAL LIMITED CLASS A","NASDAQ"
"YINN","DIREXION DLY FTSE CH BL3X-UI","YINN","DIREXION DAILY FTSE CHINA BULL 3X ETF","NYSE"
"YJ","YUNJI INC-ADR","YJ","YUNJI INC. AMERICAN DEPOSITORY SHARES","NASDAQ"
"YJUN","FT VEST INT EQ MODT ETF-JUNE","YJUN","FIRST TR VIII CBOE VEST INTL EQUITY BUFFER JUN","BATS"
"YLD","PRINCIPAL ACT HI YLD ETF","YLD","PRINCIPAL ACTIVE HIGH YIELD ETF","NYSE"
"YLDE","FRANKLIN CLEARBRIDGE ENHANCE","YLDE","FRANKLIN CLEARBRIDGE ENHANCED INCOME ETF","NASDAQ"
"YLDW","WESTWOOD ENHE INCOME OPP ETF","YLDW","WESTWOOD ENHANCED INCOME OPPORTUNITY ETF","NYSE"
"YMAG","YIELDMAX MGNF 7 FU OP IN ETF","YMAG","YIELDMAX MAGNIFICENT 7 FUND OF OPTION INCOME ETFs","NYSE"
"YMAR","FT VT INT EQU M B- MAR-US I","YMAR","FT CBOE VEST INTERNATIONAL EQUITY BUFFER ETF MAR","BATS"
"YMAT","J-STAR HOLDING CO LTD-A","YMAT","J-STAR HC., LTD. CLASS A","NASDAQ"
"YMM","FULL TRUCK ALLIANCE -SPN ADR","YMM","FULL TRUCK ALLIANCE CO LTD","NYSE"
"YMT","YIMUTIAN INC","YMT","YIMUTIAN INC. ADS","NASDAQ"
"YOKE","YOKE CORE ETF","YOKE","YOKE CORE ETF","NASDAQ"
"YOLO","ADVISORSHARES PURE CANNABIS","YOLO","ADVISORSHARES PURE CANNABIS ETF","NYSE"
"YOOV","CONCORDE INTERNATION-CLASS A","YOOV","CONCORDE INTERNATIONAL GROUP LTD CLASS A","NASDAQ"
"YORW","YORK WATER CO","YORW","YORK WATER","NASDAQ"
"YOU","CLEAR SECURE INC -CLASS A","YOU","CLEAR SECURE INC","NYSE"
"YOUL","YOULIFE GROUP INC -ADR","YOUL","YOULIFE GROUP INC. ADS","NASDAQ"
"YPF","YPF S.A.-SPONSORED ADR","YPF","YPF SOCIEDAD ANONIMA","NYSE"
"YQ","17 EDUCATION & TECHNOLOGY GR","YQ","17 EDUCATION & TECHNOLOGY GROUP INC. ADS","NASDAQ"
"YQQQ","YIELDMAX N100 SHORT OPT INC","YQQQ","YIELDMAX SHORT N100 OPTION INCOME STRATEGY ETF","NASDAQ"
"YRD","YIREN DIGITAL LTD - SPS ADR","YRD","YIREN DIGITAL LTD","NYSE"
"YSEP","FT VST INT EQ MB ETF-USD INC","YSEP","FT CBOE VEST INTERNATIONAL EQUITY BUFFER ETF SEP","BATS"
"YSG","YATSEN HOLDING LTD-ADR","YSG","YASTEN HOLDING LTD","NYSE"
"YSPY","GRANITE YIELDBOOST SPY","YSPY","GRANITESHARES YIELDBOOST SPY ETF","NASDAQ"
"YSS","YORK SPACE SYSTEMS INC","YSS","YORK SPACE SYSTEMS INC","NYSE"
"YSXT","YSX TECH CO LTD","YSXT","YSX TECH. CO., LTD CLASS A","NASDAQ"
"YTRA","YATRA ONLINE INC","YTRA","YATRA ONLINE, INC. ORDINARY SHARES","NASDAQ"
"YUM","YUM! BRANDS INC","YUM","YUM BRANDS","NYSE"
"YUMC","YUM CHINA HOLDINGS INC","YUMC","YUM CHINA HOLDINGS INC","NYSE"
"YXI","PROSHARES SHORT FTSE CHINA50","YXI","PROSHARES SHORT FTSE CHINA 50","NYSE"
"YXT","YXT.COM GROUP HOLDING LTD","YXT","YXT.COM GROUP HOLDING LIMITED ADS","NASDAQ"
"YYAI","AIRWA INC","YYAI","AIRWA INC.","NASDAQ"
"YYY","AMPLIFY CEF HIGH INCOME ETF","YYY","AMPLIFY CEF HIGH INCOME ETF","NYSE"
"Z","ZILLOW GROUP INC - C","Z","ZILLOW GROUP, INC. CLASS C","NASDAQ"
"ZALT","INNOVATOR US EQ 10 BUFFER","ZALT","INNOVATOR U.S. EQUITY 10 BUFFER ETF QUARTERLY","BATS"
"ZAP","GX US ELECTRIFICATION ETF","ZAP","GLOBAL X U.S. ELECTRIFICATION ETF","NASDAQ"
"ZAPR","INTR EQT DEF PRO ETF - 1 Y A","ZAPR","INNOVATOR EQUITY DEFINED PROTECTION ETF 1 YR APR","BATS"
"ZAUG","INNOV EQ PROTECT ETF - 1 AUG","ZAUG","INNOVATOR EQUITY DEFINED PROTECTION ETF 1 YR AUG","BATS"
"ZBAI","ATIF HOLDINGS LTD","ZBAI","ATIF HOLDINGS LIMITED","NASDAQ"
"ZBAO","ZHIBAO TECHNOLOGY INC","ZBAO","ZHIBAO TECHNOLOGY INC. CLASS A","NASDAQ"
"ZBH","ZIMMER BIOMET HOLDINGS INC","ZBH","ZIMMER BIOMET HOLDINGS INC","NYSE"
"ZBIO","ZENAS BIOPHARMA INC","ZBIO","ZENAS BIOPHARMA, INC.","NASDAQ"
"ZBRA","ZEBRA TECHNOLOGIES CORP-CL A","ZBRA","ZEBRA TECHNOLOGIES","NASDAQ"
"ZCMD","ZHONGCHAO INC-CLASS A","ZCMD","ZHONGCHAO INC. CLASS A ORDINARY SHARES","NASDAQ"
"ZD","ZIFF DAVIS INC","ZD","ZIFF DAVIS, INC. COMMON STOCK","NASDAQ"
"ZDAI","DIRECTBOOKING TECHNOLOGY- A","ZDAI","DIRECTBOOKING TECHNOLOGY CO., LTD. CLASS A","NASDAQ"
"ZDEK","INNO EQU DEF PRO ETF - 1 DE","ZDEK","INNOVATOR EQUITY DEFINED PROTECTION ETF 1 YR DEC","BATS"
"ZDGE","ZEDGE INC-CL B","ZDGE","ZEDGE INC","NYSE_AMERICAN"
"ZECP","ZACKS EARNINGS CONSISTENT PO","ZECP","ZACKS EARNINGS CONSISTENT PORTFOLIO ETF","BATS"
"ZENA","ZENATECH INC","ZENA","ZENATECH, INC.","NASDAQ"
"ZEO","ZEO ENERGY CORP","ZEO","ZEO ENERGY CORPORATION CLASS A","NASDAQ"
"ZEPP","ZEPP HEALTH CORP-ADR","ZEPP","ZEPP HEALTH CORP","NYSE"
"ZETA","ZETA GLOBAL HOLDINGS CORP-A","ZETA","ZETA GLOBAL HOLDINGS CORP","NYSE"
"ZETX","DEFINC DLY TRGT LNG ZETA ETF","ZETX","DEFIANCE DAILY TARGET 2X LONG ZETA","NYSE"
"ZFEB","INOTR EQ DEF PR ETF - 1 YR F","ZFEB","INNOVATOR EQUITY DEFINED PROTECTION ETF 1 YR FEB","BATS"
"ZG","ZILLOW GROUP INC - A","ZG","ZILLOW GROUP, INC. CLASS A COMMON STOCK","NASDAQ"
"ZGN","ERMENEGILDO ZEGNA NV","ZGN","ERMENEGILDO ZEGNA NV","NYSE"
"ZH","ZHIHU INC - ADR","ZH","ZHIHU INC","NYSE"
"ZHDG","ZEGA BUY AND HEDGE ETF","ZHDG","ZEGA BUY AND HEDGE ETF","NYSE"
"ZIG","THE ACQUIRERS FUND ETF","ZIG","THE ACQUIRERS FUND","NYSE"
"ZIM","ZIM INTEGRATED SHIPPING SERV","ZIM","ZIM INTEGRATED SHIPPING SERVICES LTD","NYSE"
"ZION","ZIONS BANCORP NA","ZION","ZIONS BANCORPORATION","NASDAQ"
"ZIONP","ZIONS BANCORPORATION FLTG RATE SER A PFD","ZIONP","ZIONS BANCORPORATION, N.A. DS (1/40 SERIES A PF)","NASDAQ"
"ZIP","ZIPRECRUITER INC-A","ZIP","ZIPRECRUITER, INC.","NYSE"
"ZJAN","INNOVATOR EDP ETF - 1Y JAN","ZJAN","INNOVATOR EQUITY DEFINED PROTECTION ETF 1 YR JAN","BATS"
"ZJK","ZJK INDUSTRIAL CO LTD-A","ZJK","ZJK INDUSTRIAL CO., LTD. CLASS A","NASDAQ"
"ZJUL","INNOVATOR EDP ETF 1 YR JULY","ZJUL","INNOVATOR EQUITY DEFINED PROTECTION 1 YR JULY","BATS"
"ZJUN","INNOVA EQTY DEF PROT 1YR JUN","ZJUN","INNOVATOR EQUITY DEFINED PROTECTION ETF 1 YR JUN","BATS"
"ZJYL","JIN MEDICAL INTERNATIONAL-A","ZJYL","JIN MEDICAL INTERNATIONAL LTD. CLASS A","NASDAQ"
"ZKH","ZKH GROUP LTD","ZKH","ZKH GROUP LIMITED","NYSE"
"ZKIN","ZK INTERNATIONAL GROUP CO LT","ZKIN","ZK INTERNATIONAL GROUP CO., LTD","NASDAQ"
"ZKP","LAFAYETTE DIGITAL ACQUISITIO","ZKP","LAFAYETTE DIGITAL ACQUISITION CORP. I CLASS A","NASDAQ"
"ZKPU","LAFAYETTE DIGITAL ACQUISITIO","ZKPU","LAFAYETTE DIGITAL ACQUISITION CORP. I UNT","NASDAQ"
"ZLAB","ZAI LAB LTD-ADR","ZLAB","ZAI LAB LIMITED ADS","NASDAQ"
"ZM","ZOOM COMMUNICATIONS INC","ZM","ZOOM COMMUNICATIONS, INC. CLASS A","NASDAQ"
"ZMAR","INOVATR E D PRCT ETF - 1 MAR","ZMAR","INNOVATOR EQUITY DEFINED PROTECTION ETF 1 YR MAR","BATS"
"ZMAY","INNOVATOR EDP ETF -1 YR MAY","ZMAY","INNOVATOR EQUITY DEFINED PROTECTION ETF 1 YR MAY","BATS"
"ZMUN","F-M ULSH TX-FR MNCPL ETF-USD","ZMUN","RBB FUND F/M ULTRASHORT TAX-FREE MUNICIPAL","NASDAQ"
"ZNB","ZETA NETWORK GROUP","ZNB","ZETA NETWORK GROUP CLASS A","NASDAQ"
"ZNOV","INVTR EQU DE PR ETF - 1 YR N","ZNOV","INNOVATOR EQUITY DEFINED PROTECTION ETF 1 YR NOV","BATS"
"ZNTL","ZENTALIS PHARMACEUTICALS INC","ZNTL","ZENTALIS PHARMACEUTICALS, INC.","NASDAQ"
"ZOCT","INR EQTY DEF P ETF - 1 Y OC","ZOCT","INNOVATOR EQUITY DEFINED PROTECTION ETF 1 YR OCT","BATS"
"ZONE","CLEANCORE SOLUTIONS INC-CL B","ZONE","CLEANCORE SOLUTIONS INC","NYSE_AMERICAN"
"ZOOZ","ZOOZ STRATEGY LTD","ZOOZ","ZOOZ STRATEGY LTD.","NASDAQ"
"ZROZ","PIMCO 25+ YR ZERO CPN US TIF","ZROZ","PIMCO 25+ YR ZERO CPN U.S. TRS","NYSE"
"ZS","ZSCALER INC","ZS","ZSCALER, INC. COMMON STOCK","NASDAQ"
"ZSB","USCF SUST BATTERY METAL FUND","ZSB","USCF SUSTAINABLE BATTERY METALS STRATEGY FUND","NYSE"
"ZSC","USCF SUST COMMODITY STRATEGY","ZSC","USCF SUSTAINABLE COMMODITY STRATEGY FUND","NYSE"
"ZSEP","INNOVATOR EDP ETF - 1 YR SEP","ZSEP","INNOVATOR EQUITY DEFINED PROTECTION ETF 1 YR SEP","BATS"
"ZSL","PROSHARES ULTRASHORT SILVER","ZSL","PROSHARES ULTRASHORT SILVER","NYSE"
"ZSPC","ZSPACE INC","ZSPC","ZSPACE, INC.","NASDAQ"
"ZSTK","ZEROSTACK CORP","ZSTK","ZEROSTACK CORP.","NASDAQ"
"ZTEK","ZENTEK LTD","ZTEK","ZENTEK LTD. COMMON STOCK","NASDAQ"
"ZTEN","F-M 10-YEAR INV G CORP B ETF","ZTEN","F/M 10-YEAR INVESTMENT GRADE CRP BND ETF","NASDAQ"
"ZTG","ZENTA GROUP CO LTD-CL A","ZTG","ZENTA GROUP COMPANY LIMITED CLASS A","NASDAQ"
"ZTO","ZTO EXPRESS CAYMAN INC-ADR","ZTO","ZTO EXPRESS CAYMAN","NYSE"
"ZTOP","F-M HIGH YIELD 100 ETF","ZTOP","F/M HIGH YIELD 100 ETF","NASDAQ"
"ZTR","VIRTUS TOTAL RETURN FUND INC","ZTR","VIRTUS GLOBAL DVDND & INCOME FD","NYSE"
"ZTS","ZOETIS INC","ZTS","ZOETIS INC","NYSE"
"ZUMZ","ZUMIEZ INC","ZUMZ","ZUMIEZ","NASDAQ"
"ZURA","ZURA BIO LTD","ZURA","ZURA BIO LIMITED CLASS A","NASDAQ"
"ZVIA","ZEVIA PBC-A","ZVIA","ZEVIA PBC","NYSE"
"ZVOL","VOLATILITY PRM PL ETF-INVUSD","ZVOL","VOLATILITY PREMIUM PLUS ETF","BATS"
"ZVRA","ZEVRA THERAPEUTICS INC","ZVRA","ZEVRA THERAPEUTICS, INC.","NASDAQ"
"ZWS","ZURN ELKAY WATER SOLUTIONS C","ZWS","ZURNELKAY WATER SOLUTIONS CORP","NYSE"
"ZYBT","ZHENGYE BIOTECHNOLOGY-A","ZYBT","ZHENGYE BIOTECHNOLOGY HOLDING LIMITED CLASS A","NASDAQ"
"ZYME","ZYMEWORKS INC","ZYME","ZYMEWORKS INC.","NASDAQ"
"INFL","HORIZON KINETICS INFL BENEF","INFL","HORIZON KINETICS INFLATION BENEFICIARIES ETF","NYSE"
"INFO","HARBOR PANAGORA DYC LCC ETF","INFO","HARBOR PANAGORA DYNAMIC LARGE CAP CORE ETF","NYSE"
"INFQ","INFLEQTION INC","INFQ","INFLEQTION INC","NYSE"
"INFU","INFUSYSTEM HOLDINGS INC","INFU","INFUSYSTEMS HOLDINGS","NYSE_AMERICAN"
"INFY","INFOSYS LTD-SP ADR","INFY","INFOSYS","NYSE"
